codigo,componente,anos,organizacao_tipo,unidade_tematica,campos_atuacao,pratica_linguagem,eixo,objetos_conhecimento,texto,vigencia_status,fonte_localizador,fonte_localizador_pdf
EF01LP01,ef-comp-lp,1,campo_pratica,,ef-comp-lp-catu-todos-os-campos-de-atuacao,ef-comp-lp-prat-leitura-escuta-compartilhada-e-autonoma,,ef-comp-lp-oc-protocolos-de-leitura,Reconhecer que textos são lidos e escritos da esquerda para a direita e de cima para baixo da página.,vigente,"aba Língua Portuguesa, linha 4","Base-Nacional-Comum-Curricular-BNCC.pdf, página PDF 101"
EF01LP02,ef-comp-lp,1,campo_pratica,,ef-comp-lp-catu-todos-os-campos-de-atuacao,ef-comp-lp-prat-escrita-compartilhada-e-autonoma,,ef-comp-lp-oc-correspondencia-fonema-grafema,"Escrever, espontaneamente ou por ditado, palavras e frases de forma alfabética – usando letras/grafemas que representem fonemas.",vigente,"aba Língua Portuguesa, linha 5","Base-Nacional-Comum-Curricular-BNCC.pdf, página PDF 101"
EF01LP03,ef-comp-lp,1,campo_pratica,,ef-comp-lp-catu-todos-os-campos-de-atuacao,ef-comp-lp-prat-escrita-compartilhada-e-autonoma,,ef-comp-lp-oc-construcao-do-sistema-alfabetico-convencoes-da-escrita,"Observar escritas convencionais, comparando-as às suas produções escritas, percebendo semelhanças e diferenças.",vigente,"aba Língua Portuguesa, linha 6","Base-Nacional-Comum-Curricular-BNCC.pdf, página PDF 101"
EF01LP04,ef-comp-lp,1,campo_pratica,,ef-comp-lp-catu-todos-os-campos-de-atuacao,ef-comp-lp-prat-analise-linguistica-semiotica-alfabetizacao,,ef-comp-lp-oc-conhecimento-do-alfabeto-do-portugues-do-brasil,Distinguir as letras do alfabeto de outros sinais gráficos.,vigente,"aba Língua Portuguesa, linha 7","Base-Nacional-Comum-Curricular-BNCC.pdf, página PDF 101"
EF01LP05,ef-comp-lp,1,campo_pratica,,ef-comp-lp-catu-todos-os-campos-de-atuacao,ef-comp-lp-prat-analise-linguistica-semiotica-alfabetizacao,,ef-comp-lp-oc-construcao-do-sistema-alfabetico,Reconhecer o sistema de escrita alfabética como representação dos sons da fala.,vigente,"aba Língua Portuguesa, linha 8","Base-Nacional-Comum-Curricular-BNCC.pdf, página PDF 101"
EF01LP06,ef-comp-lp,1,campo_pratica,,ef-comp-lp-catu-todos-os-campos-de-atuacao,ef-comp-lp-prat-analise-linguistica-semiotica-alfabetizacao,,ef-comp-lp-oc-construcao-do-sistema-alfabetico-e-da-ortografia,Segmentar oralmente palavras em sílabas.,vigente,"aba Língua Portuguesa, linha 9","Base-Nacional-Comum-Curricular-BNCC.pdf, página PDF 101"
EF01LP07,ef-comp-lp,1,campo_pratica,,ef-comp-lp-catu-todos-os-campos-de-atuacao,ef-comp-lp-prat-analise-linguistica-semiotica-alfabetizacao,,ef-comp-lp-oc-construcao-do-sistema-alfabetico-e-da-ortografia,Identificar fonemas e sua representação por letras.,vigente,"aba Língua Portuguesa, linha 10","Base-Nacional-Comum-Curricular-BNCC.pdf, página PDF 101"
EF01LP08,ef-comp-lp,1,campo_pratica,,ef-comp-lp-catu-todos-os-campos-de-atuacao,ef-comp-lp-prat-analise-linguistica-semiotica-alfabetizacao,,ef-comp-lp-oc-construcao-do-sistema-alfabetico-e-da-ortografia,"Relacionar elementos sonoros (sílabas, fonemas, partes de palavras) com sua representação escrita.",vigente,"aba Língua Portuguesa, linha 11","Base-Nacional-Comum-Curricular-BNCC.pdf, página PDF 103"
EF01LP09,ef-comp-lp,1,campo_pratica,,ef-comp-lp-catu-todos-os-campos-de-atuacao,ef-comp-lp-prat-analise-linguistica-semiotica-alfabetizacao,,ef-comp-lp-oc-construcao-do-sistema-alfabetico-e-da-ortografia,"Comparar palavras, identificando semelhanças e diferenças entre sons de sílabas iniciais.",vigente,"aba Língua Portuguesa, linha 12","Base-Nacional-Comum-Curricular-BNCC.pdf, página PDF 103"
EF01LP10,ef-comp-lp,1,campo_pratica,,ef-comp-lp-catu-todos-os-campos-de-atuacao,ef-comp-lp-prat-analise-linguistica-semiotica-alfabetizacao,,ef-comp-lp-oc-conhecimento-do-alfabeto-do-portugues-do-brasil,Nomear as letras do alfabeto e recitá-lo na ordem das letras.,vigente,"aba Língua Portuguesa, linha 13","Base-Nacional-Comum-Curricular-BNCC.pdf, página PDF 103"
EF01LP11,ef-comp-lp,1,campo_pratica,,ef-comp-lp-catu-todos-os-campos-de-atuacao,ef-comp-lp-prat-analise-linguistica-semiotica-alfabetizacao,,ef-comp-lp-oc-conhecimento-das-diversas-grafias-do-alfabeto-acentuacao,"Conhecer, diferenciar e relacionar letras em formato imprensa e cursiva, maiúsculas e minúsculas.",vigente,"aba Língua Portuguesa, linha 14","Base-Nacional-Comum-Curricular-BNCC.pdf, página PDF 103"
EF01LP12,ef-comp-lp,1,campo_pratica,,ef-comp-lp-catu-todos-os-campos-de-atuacao,ef-comp-lp-prat-analise-linguistica-semiotica-alfabetizacao,,ef-comp-lp-oc-segmentacao-de-palavras-classificacao-de-palavras-por-numero-de-silabas,"Reconhecer a separação das palavras, na escrita, por espaços em branco.",vigente,"aba Língua Portuguesa, linha 15","Base-Nacional-Comum-Curricular-BNCC.pdf, página PDF 103"
EF01LP13,ef-comp-lp,1,campo_pratica,,ef-comp-lp-catu-todos-os-campos-de-atuacao,ef-comp-lp-prat-analise-linguistica-semiotica-alfabetizacao,,ef-comp-lp-oc-construcao-do-sistema-alfabetico,"Comparar palavras, identificando semelhanças e diferenças entre sons de sílabas mediais e finais.",vigente,"aba Língua Portuguesa, linha 16","Base-Nacional-Comum-Curricular-BNCC.pdf, página PDF 103"
EF01LP14,ef-comp-lp,1,campo_pratica,,ef-comp-lp-catu-todos-os-campos-de-atuacao,ef-comp-lp-prat-analise-linguistica-semiotica-alfabetizacao,,ef-comp-lp-oc-pontuacao,"Identificar outros sinais no texto além das letras, como pontos finais, de interrogação e exclamação e seus efeitos na entonação.",vigente,"aba Língua Portuguesa, linha 17","Base-Nacional-Comum-Curricular-BNCC.pdf, página PDF 103"
EF01LP15,ef-comp-lp,1,campo_pratica,,ef-comp-lp-catu-todos-os-campos-de-atuacao,ef-comp-lp-prat-analise-linguistica-semiotica-alfabetizacao,,ef-comp-lp-oc-sinonimia-e-antonimia-morfologia-pontuacao,Agrupar palavras pelo critério de aproximação de significado (sinonímia) e separar palavras pelo critério de oposição de significado (antonímia).,vigente,"aba Língua Portuguesa, linha 18","Base-Nacional-Comum-Curricular-BNCC.pdf, página PDF 103"
EF01LP16,ef-comp-lp,1,campo_pratica,,ef-comp-lp-catu-campo-da-vida-cotidiana,ef-comp-lp-prat-leitura-escuta-compartilhada-e-autonoma,,ef-comp-lp-oc-compreensao-em-leitura,"Ler e compreender, em colaboração com os colegas e com a ajuda do professor, quadras, quadrinhas, parlendas, trava-línguas, dentre outros gêneros do campo da vida cotidiana, considerando a situação comunicativa e o tema/assunto do texto e relacionando sua forma de organização à sua finalidade.",vigente,"aba Língua Portuguesa, linha 19","Base-Nacional-Comum-Curricular-BNCC.pdf, página PDF 105"
EF01LP17,ef-comp-lp,1,campo_pratica,,ef-comp-lp-catu-campo-da-vida-cotidiana,ef-comp-lp-prat-escrita-compartilhada-e-autonoma,,ef-comp-lp-oc-escrita-autonoma-e-compartilhada,"Planejar e produzir, em colaboração com os colegas e com a ajuda do professor, listas, agendas, calendários, avisos, convites, receitas, instruções de montagem e legendas para álbuns, fotos ou ilustrações (digitais ou impressos), dentre outros gêneros do campo da vida cotidiana, considerando a situação comunicativa e o tema/assunto/ finalidade do texto.",vigente,"aba Língua Portuguesa, linha 20","Base-Nacional-Comum-Curricular-BNCC.pdf, página PDF 105"
EF01LP18,ef-comp-lp,1,campo_pratica,,ef-comp-lp-catu-campo-da-vida-cotidiana,ef-comp-lp-prat-escrita-compartilhada-e-autonoma,,ef-comp-lp-oc-escrita-autonoma-e-compartilhada,"Registrar, em colaboração com os colegas e com a ajuda do professor, cantigas, quadras, quadrinhas, parlendas, trava-línguas, dentre outros gêneros do campo da vida cotidiana, considerando a situação comunicativa e o tema/assunto/finalidade do texto.",vigente,"aba Língua Portuguesa, linha 21","Base-Nacional-Comum-Curricular-BNCC.pdf, página PDF 105"
EF01LP19,ef-comp-lp,1,campo_pratica,,ef-comp-lp-catu-campo-da-vida-cotidiana,ef-comp-lp-prat-oralidade,,ef-comp-lp-oc-producao-de-texto-oral,"Recitar parlendas, quadras, quadrinhas, trava-línguas, com entonação adequada e observando as rimas.",vigente,"aba Língua Portuguesa, linha 22","Base-Nacional-Comum-Curricular-BNCC.pdf, página PDF 105"
EF01LP20,ef-comp-lp,1,campo_pratica,,ef-comp-lp-catu-campo-da-vida-cotidiana,ef-comp-lp-prat-analise-linguistica-semiotica-alfabetizacao,,ef-comp-lp-oc-forma-de-composicao-do-texto,"Identificar e reproduzir, em listas, agendas, calendários, regras, avisos, convites, receitas, instruções de montagem e legendas para álbuns, fotos ou ilustrações (digitais ou impressos), a formatação e diagramação específica de cada um desses gêneros.",vigente,"aba Língua Portuguesa, linha 23","Base-Nacional-Comum-Curricular-BNCC.pdf, página PDF 107"
EF01LP21,ef-comp-lp,1,campo_pratica,,ef-comp-lp-catu-campo-da-vida-publica,ef-comp-lp-prat-escrita-compartilhada-e-autonoma,,ef-comp-lp-oc-escrita-compartilhada,"Escrever, em colaboração com os colegas e com a ajuda do professor, listas de regras e regulamentos que organizam a vida na comunidade escolar, dentre outros gêneros do campo da atuação cidadã, considerando a situação comunicativa e o tema/assunto do texto.",vigente,"aba Língua Portuguesa, linha 24","Base-Nacional-Comum-Curricular-BNCC.pdf, página PDF 109"
EF01LP22,ef-comp-lp,1,campo_pratica,,ef-comp-lp-catu-campo-das-praticas-de-estudo-e-pesquisa,ef-comp-lp-prat-escrita-compartilhada-e-autonoma,,ef-comp-lp-oc-producao-de-textos,"Planejar e produzir, em colaboração com os colegas e com a ajuda do professor, diagramas, entrevistas, curiosidades, dentre outros gêneros do campo investigativo, digitais ou impressos, considerando a situação comunicativa e o tema/assunto/finalidade do texto.",vigente,"aba Língua Portuguesa, linha 25","Base-Nacional-Comum-Curricular-BNCC.pdf, página PDF 111"
EF01LP23,ef-comp-lp,1,campo_pratica,,ef-comp-lp-catu-campo-das-praticas-de-estudo-e-pesquisa,ef-comp-lp-prat-oralidade,,ef-comp-lp-oc-planejamento-de-texto-oral-exposicao-oral,"Planejar e produzir, em colaboração com os colegas e com a ajuda do professor, entrevistas, curiosidades, dentre outros gêneros do campo investigativo, que possam ser repassados oralmente por meio de ferramentas digitais, em áudio ou vídeo, considerando a situação comunicativa e o tema/assunto/finalidade do texto.",vigente,"aba Língua Portuguesa, linha 26","Base-Nacional-Comum-Curricular-BNCC.pdf, página PDF 111"
EF01LP24,ef-comp-lp,1,campo_pratica,,ef-comp-lp-catu-campo-das-praticas-de-estudo-e-pesquisa,ef-comp-lp-prat-analise-linguistica-semiotica-alfabetizacao,,ef-comp-lp-oc-forma-de-composicao-dos-textos-adequacao-do-texto-as-normas-de-escrita,"Identificar e reproduzir, em enunciados de tarefas escolares, diagramas, entrevistas, curiosidades, digitais ou impressos, a formatação e diagramação específica de cada um desses gêneros, inclusive em suas versões orais.",vigente,"aba Língua Portuguesa, linha 27","Base-Nacional-Comum-Curricular-BNCC.pdf, página PDF 113"
EF01LP25,ef-comp-lp,1,campo_pratica,,ef-comp-lp-catu-campo-artistico-literario,ef-comp-lp-prat-escrita-compartilhada-e-autonoma,,ef-comp-lp-oc-escrita-autonoma-e-compartilhada,"Produzir, tendo o professor como escriba, recontagens de histórias lidas pelo professor, histórias imaginadas ou baseadas em livros de imagens, observando a forma de composição de textos narrativos (personagens, enredo, tempo e espaço).",vigente,"aba Língua Portuguesa, linha 28","Base-Nacional-Comum-Curricular-BNCC.pdf, página PDF 113"
EF01LP26,ef-comp-lp,1,campo_pratica,,ef-comp-lp-catu-campo-artistico-literario,ef-comp-lp-prat-analise-linguistica-semiotica-alfabetizacao,,ef-comp-lp-oc-formas-de-composicao-de-narrativas,"Identificar elementos de uma narrativa lida ou escutada, incluindo personagens, enredo, tempo e espaço.",vigente,"aba Língua Portuguesa, linha 29","Base-Nacional-Comum-Curricular-BNCC.pdf, página PDF 113"
EF12LP01,ef-comp-lp,1 | 2,campo_pratica,,ef-comp-lp-catu-todos-os-campos-de-atuacao,ef-comp-lp-prat-leitura-escuta-compartilhada-e-autonoma,,ef-comp-lp-oc-decodificacao-fluencia-de-leitura,"Ler palavras novas com precisão na decodificação, no caso de palavras de uso frequente, ler globalmente, por memorização.",vigente,"aba Língua Portuguesa, linha 30","Base-Nacional-Comum-Curricular-BNCC.pdf, página PDF 101"
EF12LP02,ef-comp-lp,1 | 2,campo_pratica,,ef-comp-lp-catu-todos-os-campos-de-atuacao,ef-comp-lp-prat-leitura-escuta-compartilhada-e-autonoma,,ef-comp-lp-oc-formacao-de-leitor,"Buscar, selecionar e ler, com a mediação do professor (leitura compartilhada), textos que circulam em meios impressos ou digitais, de acordo com as necessidades e interesses.",vigente,"aba Língua Portuguesa, linha 31","Base-Nacional-Comum-Curricular-BNCC.pdf, página PDF 101"
EF12LP03,ef-comp-lp,1 | 2,campo_pratica,,ef-comp-lp-catu-todos-os-campos-de-atuacao,ef-comp-lp-prat-escrita-compartilhada-e-autonoma,,ef-comp-lp-oc-construcao-do-sistema-alfabetico-estabelecimento-de-relacoes-anaforicas-na-referenciacao-e-construcao-da-coesao,"Copiar textos breves, mantendo suas características e voltando para o texto sempre que tiver dúvidas sobre sua distribuição gráfica, espaçamento entre as palavras, escrita das palavras e pontuação.",vigente,"aba Língua Portuguesa, linha 32","Base-Nacional-Comum-Curricular-BNCC.pdf, página PDF 101"
EF12LP04,ef-comp-lp,1 | 2,campo_pratica,,ef-comp-lp-catu-campo-da-vida-cotidiana,ef-comp-lp-prat-leitura-escuta-compartilhada-e-autonoma,,ef-comp-lp-oc-compreensao-em-leitura,"Ler e compreender, em colaboração com os colegas e com a ajuda do professor ou já com certa autonomia, listas, agendas, calendários, avisos, convites, receitas, instruções de montagem (digitais ou impressos), dentre outros gêneros do campo da vida cotidiana, considerando a situação comunicativa e o tema/assunto do texto e relacionando sua forma de organização à sua finalidade.",vigente,"aba Língua Portuguesa, linha 33","Base-Nacional-Comum-Curricular-BNCC.pdf, página PDF 105"
EF12LP05,ef-comp-lp,1 | 2,campo_pratica,,ef-comp-lp-catu-campo-da-vida-cotidiana,ef-comp-lp-prat-escrita-compartilhada-e-autonoma,,ef-comp-lp-oc-escrita-compartilhada,"Planejar e produzir, em colaboração com os colegas e com a ajuda do professor, (re)contagens de histórias, poemas e outros textos versificados (letras de canção, quadrinhas, cordel), poemas visuais, tiras e histórias em quadrinhos, dentre outros gêneros do campo artístico-literário, considerando a situação comunicativa e a finalidade do texto.",vigente,"aba Língua Portuguesa, linha 34","Base-Nacional-Comum-Curricular-BNCC.pdf, página PDF 105"
EF12LP06,ef-comp-lp,1 | 2,campo_pratica,,ef-comp-lp-catu-campo-da-vida-cotidiana,ef-comp-lp-prat-oralidade,,ef-comp-lp-oc-producao-de-texto-oral,"Planejar e produzir, em colaboração com os colegas e com a ajuda do professor, recados, avisos, convites, receitas, instruções de montagem, dentre outros gêneros do campo da vida cotidiana, que possam ser repassados oralmente por meio de ferramentas digitais, em áudio ou vídeo, considerando a situação comunicativa e o tema/assunto/finalidade do texto.",vigente,"aba Língua Portuguesa, linha 35","Base-Nacional-Comum-Curricular-BNCC.pdf, página PDF 105"
EF12LP07,ef-comp-lp,1 | 2,campo_pratica,,ef-comp-lp-catu-campo-da-vida-cotidiana,ef-comp-lp-prat-analise-linguistica-semiotica-alfabetizacao,,ef-comp-lp-oc-forma-de-composicao-do-texto,"Identificar e (re)produzir, em cantiga, quadras, quadrinhas, parlendas, trava-línguas e canções, rimas, aliterações, assonâncias, o ritmo de fala relacionado ao ritmo e à melodia das músicas e seus efeitos de sentido.",vigente,"aba Língua Portuguesa, linha 36","Base-Nacional-Comum-Curricular-BNCC.pdf, página PDF 107"
EF12LP08,ef-comp-lp,1 | 2,campo_pratica,,ef-comp-lp-catu-campo-da-vida-publica,ef-comp-lp-prat-leitura-escuta-compartilhada-e-autonoma,,ef-comp-lp-oc-compreensao-em-leitura,"Ler e compreender, em colaboração com os colegas e com a ajuda do professor, fotolegendas em notícias, manchetes e lides em notícias, álbum de fotos digital noticioso e notícias curtas para público infantil, dentre outros gêneros do campo jornalístico, considerando a situação comunicativa e o tema/assunto do texto.",vigente,"aba Língua Portuguesa, linha 37","Base-Nacional-Comum-Curricular-BNCC.pdf, página PDF 107"
EF12LP09,ef-comp-lp,1 | 2,campo_pratica,,ef-comp-lp-catu-campo-da-vida-publica,ef-comp-lp-prat-leitura-escuta-compartilhada-e-autonoma,,ef-comp-lp-oc-compreensao-em-leitura,"Ler e compreender, em colaboração com os colegas e com a ajuda do professor, slogans, anúncios publicitários e textos de campanhas de conscientização destinados ao público infantil, dentre outros gêneros do campo publicitário, considerando a situação comunicativa e o tema/assunto do texto.",vigente,"aba Língua Portuguesa, linha 38","Base-Nacional-Comum-Curricular-BNCC.pdf, página PDF 107"
EF12LP10,ef-comp-lp,1 | 2,campo_pratica,,ef-comp-lp-catu-campo-da-vida-publica,ef-comp-lp-prat-leitura-escuta-compartilhada-e-autonoma,,ef-comp-lp-oc-compreensao-em-leitura,"Ler e compreender, em colaboração com os colegas e com a ajuda do professor, cartazes, avisos, folhetos, regras e regulamentos que organizam a vida na comunidade escolar, dentre outros gêneros do campo da atuação cidadã, considerando a situação comunicativa e o tema/assunto do texto.",vigente,"aba Língua Portuguesa, linha 39","Base-Nacional-Comum-Curricular-BNCC.pdf, página PDF 107"
EF12LP11,ef-comp-lp,1 | 2,campo_pratica,,ef-comp-lp-catu-campo-da-vida-publica,ef-comp-lp-prat-escrita-compartilhada-e-autonoma,,ef-comp-lp-oc-escrita-compartilhada,"Escrever, em colaboração com os colegas e com a ajuda do professor, fotolegendas em notícias, manchetes e lides em notícias, álbum de fotos digital noticioso e notícias curtas para público infantil, digitais ou impressos, dentre outros gêneros do campo jornalístico, considerando a situação comunicativa e o tema/assunto do texto.",vigente,"aba Língua Portuguesa, linha 40","Base-Nacional-Comum-Curricular-BNCC.pdf, página PDF 109"
EF12LP12,ef-comp-lp,1 | 2,campo_pratica,,ef-comp-lp-catu-campo-da-vida-publica,ef-comp-lp-prat-escrita-compartilhada-e-autonoma,,ef-comp-lp-oc-escrita-compartilhada,"Escrever, em colaboração com os colegas e com a ajuda do professor, slogans, anúncios publicitários e textos de campanhas de conscientização destinados ao público infantil, dentre outros gêneros do campo publicitário, considerando a situação comunicativa e o tema/ assunto/finalidade do texto.",vigente,"aba Língua Portuguesa, linha 41","Base-Nacional-Comum-Curricular-BNCC.pdf, página PDF 109"
EF12LP13,ef-comp-lp,1 | 2,campo_pratica,,ef-comp-lp-catu-campo-da-vida-publica,ef-comp-lp-prat-oralidade,,ef-comp-lp-oc-producao-de-texto-oral,"Planejar, em colaboração com os colegas e com a ajuda do professor, slogans e peça de campanha de conscientização destinada ao público infantil que possam ser repassados oralmente por meio de ferramentas digitais, em áudio ou vídeo, considerando a situação comunicativa e o tema/assunto/finalidade do texto.",vigente,"aba Língua Portuguesa, linha 42","Base-Nacional-Comum-Curricular-BNCC.pdf, página PDF 109"
EF12LP14,ef-comp-lp,1 | 2,campo_pratica,,ef-comp-lp-catu-campo-da-vida-publica,ef-comp-lp-prat-analise-linguistica-semiotica-alfabetizacao,,ef-comp-lp-oc-forma-de-composicao-do-texto,"Identificar e reproduzir, em fotolegendas de notícias, álbum de fotos digital noticioso, cartas de leitor (revista infantil), digitais ou impressos, a formatação e diagramação específica de cada um desses gêneros, inclusive em suas versões orais.",vigente,"aba Língua Portuguesa, linha 43","Base-Nacional-Comum-Curricular-BNCC.pdf, página PDF 109"
EF12LP15,ef-comp-lp,1 | 2,campo_pratica,,ef-comp-lp-catu-campo-da-vida-publica,ef-comp-lp-prat-analise-linguistica-semiotica-alfabetizacao,,ef-comp-lp-oc-forma-de-composicao-do-texto,Identificar a forma de composição de slogans publicitários.,vigente,"aba Língua Portuguesa, linha 44","Base-Nacional-Comum-Curricular-BNCC.pdf, página PDF 109"
EF12LP16,ef-comp-lp,1 | 2,campo_pratica,,ef-comp-lp-catu-campo-da-vida-publica,ef-comp-lp-prat-analise-linguistica-semiotica-alfabetizacao,,ef-comp-lp-oc-forma-de-composicao-do-texto,"Identificar e reproduzir, em anúncios publicitários e textos de campanhas de conscientização destinados ao público infantil (orais e escritos, digitais ou impressos), a formatação e diagramação específica de cada um desses gêneros, inclusive o uso de imagens.",vigente,"aba Língua Portuguesa, linha 45","Base-Nacional-Comum-Curricular-BNCC.pdf, página PDF 109"
EF12LP17,ef-comp-lp,1 | 2,campo_pratica,,ef-comp-lp-catu-campo-das-praticas-de-estudo-e-pesquisa,ef-comp-lp-prat-leitura-escuta-compartilhada-e-autonoma,,ef-comp-lp-oc-compreensao-em-leitura,"Ler e compreender, em colaboração com os colegas e com a ajuda do professor, enunciados de tarefas escolares, diagramas, curiosidades, pequenos relatos de experimentos, entrevistas, verbetes de enciclopédia infantil, entre outros gêneros do campo investigativo, considerando a situação comunicativa e o tema/assunto do texto.",vigente,"aba Língua Portuguesa, linha 46","Base-Nacional-Comum-Curricular-BNCC.pdf, página PDF 111"
EF12LP18,ef-comp-lp,1 | 2,campo_pratica,,ef-comp-lp-catu-campo-artistico-literario,ef-comp-lp-prat-leitura-escuta-compartilhada-e-autonoma,,ef-comp-lp-oc-apreciacao-estetica-estilo,"Apreciar poemas e outros textos versificados, observando rimas, sonoridades, jogos de palavras, reconhecendo seu pertencimento ao mundo imaginário e sua dimensão de encantamento, jogo e fruição.",vigente,"aba Língua Portuguesa, linha 47","Base-Nacional-Comum-Curricular-BNCC.pdf, página PDF 113"
EF12LP19,ef-comp-lp,1 | 2,campo_pratica,,ef-comp-lp-catu-campo-artistico-literario,ef-comp-lp-prat-analise-linguistica-semiotica-alfabetizacao,,ef-comp-lp-oc-formas-de-composicao-de-textos-poeticos,"Reconhecer, em textos versificados, rimas, sonoridades, jogos de palavras, palavras, expressões, comparações, relacionando-as com sensações e associações.",vigente,"aba Língua Portuguesa, linha 48","Base-Nacional-Comum-Curricular-BNCC.pdf, página PDF 113"
EF15LP01,ef-comp-lp,1 | 2 | 3 | 4 | 5,campo_pratica,,ef-comp-lp-catu-todos-os-campos-de-atuacao,ef-comp-lp-prat-leitura-escuta-compartilhada-e-autonoma,,ef-comp-lp-oc-reconstrucao-das-condicoes-de-producao-e-recepcao-de-textos,"Identificar a função social de textos que circulam em campos da vida social dos quais participa cotidianamente (a casa, a rua, a comunidade, a escola) e nas mídias impressa, de massa e digital, reconhecendo para que foram produzidos, onde circulam, quem os produziu e a quem se destinam.",vigente,"aba Língua Portuguesa, linha 49","Base-Nacional-Comum-Curricular-BNCC.pdf, página PDF 97"
EF15LP02,ef-comp-lp,1 | 2 | 3 | 4 | 5,campo_pratica,,ef-comp-lp-catu-todos-os-campos-de-atuacao,ef-comp-lp-prat-leitura-escuta-compartilhada-e-autonoma,,ef-comp-lp-oc-estrategia-de-leitura,"Estabelecer expectativas em relação ao texto que vai ler (pressuposições antecipadoras dos sentidos, da forma e da função social do texto), apoiando-se em seus conhecimentos prévios sobre as condições de produção e recepção desse texto, o gênero, o suporte e o universo temático, bem como sobre saliências textuais, recursos gráficos, imagens, dados da própria obra (índice, prefácio etc.), confirmando antecipações e inferências realizadas antes e durante a leitura de textos, checando a adequação das hipóteses realizadas.",vigente,"aba Língua Portuguesa, linha 50","Base-Nacional-Comum-Curricular-BNCC.pdf, página PDF 97"
EF15LP03,ef-comp-lp,1 | 2 | 3 | 4 | 5,campo_pratica,,ef-comp-lp-catu-todos-os-campos-de-atuacao,ef-comp-lp-prat-leitura-escuta-compartilhada-e-autonoma,,ef-comp-lp-oc-estrategia-de-leitura,Localizar informações explícitas em textos.,vigente,"aba Língua Portuguesa, linha 51","Base-Nacional-Comum-Curricular-BNCC.pdf, página PDF 97"
EF15LP04,ef-comp-lp,1 | 2 | 3 | 4 | 5,campo_pratica,,ef-comp-lp-catu-todos-os-campos-de-atuacao,ef-comp-lp-prat-leitura-escuta-compartilhada-e-autonoma,,ef-comp-lp-oc-estrategia-de-leitura,Identificar o efeito de sentido produzido pelo uso de recursos expressivos gráfico-visuais em textos multissemióticos.,vigente,"aba Língua Portuguesa, linha 52","Base-Nacional-Comum-Curricular-BNCC.pdf, página PDF 97"
EF15LP05,ef-comp-lp,1 | 2 | 3 | 4 | 5,campo_pratica,,ef-comp-lp-catu-todos-os-campos-de-atuacao,ef-comp-lp-prat-producao-de-textos-escrita-compartilhada-e-autonoma,,ef-comp-lp-oc-planejamento-de-texto,"Planejar, com a ajuda do professor, o texto que será produzido, considerando a situação comunicativa, os interlocutores (quem escreve/para quem escreve); a finalidade ou o propósito (escrever para quê); a circulação (onde o texto vai circular); o suporte (qual é o portador do texto); a linguagem, organização e forma do texto e seu tema, pesquisando em meios impressos ou digitais, sempre que for preciso, informações necessárias à produção do texto, organizando em tópicos os dados e as fontes pesquisadas.",vigente,"aba Língua Portuguesa, linha 53","Base-Nacional-Comum-Curricular-BNCC.pdf, página PDF 97"
EF15LP06,ef-comp-lp,1 | 2 | 3 | 4 | 5,campo_pratica,,ef-comp-lp-catu-todos-os-campos-de-atuacao,ef-comp-lp-prat-producao-de-textos-escrita-compartilhada-e-autonoma,,ef-comp-lp-oc-revisao-de-textos,"Reler e revisar o texto produzido com a ajuda do professor e a colaboração dos colegas, para corrigi-lo e aprimorá-lo, fazendo cortes, acréscimos, reformulações, correções de ortografia e pontuação.",vigente,"aba Língua Portuguesa, linha 54","Base-Nacional-Comum-Curricular-BNCC.pdf, página PDF 97"
EF15LP07,ef-comp-lp,1 | 2 | 3 | 4 | 5,campo_pratica,,ef-comp-lp-catu-todos-os-campos-de-atuacao,ef-comp-lp-prat-producao-de-textos-escrita-compartilhada-e-autonoma,,ef-comp-lp-oc-edicao-de-textos,"Editar a versão final do texto, em colaboração com os colegas e com a ajuda do professor, ilustrando, quando for o caso, em suporte adequado, manual ou digital.",vigente,"aba Língua Portuguesa, linha 55","Base-Nacional-Comum-Curricular-BNCC.pdf, página PDF 97"
EF15LP08,ef-comp-lp,1 | 2 | 3 | 4 | 5,campo_pratica,,ef-comp-lp-catu-todos-os-campos-de-atuacao,ef-comp-lp-prat-producao-de-textos-escrita-compartilhada-e-autonoma,,ef-comp-lp-oc-utilizacao-de-tecnologia-digital,"Utilizar software, inclusive programas de edição de texto, para editar e publicar os textos produzidos, explorando os recursos multissemióticos disponíveis.",vigente,"aba Língua Portuguesa, linha 56","Base-Nacional-Comum-Curricular-BNCC.pdf, página PDF 97"
EF15LP09,ef-comp-lp,1 | 2 | 3 | 4 | 5,campo_pratica,,ef-comp-lp-catu-todos-os-campos-de-atuacao,ef-comp-lp-prat-oralidade,,ef-comp-lp-oc-oralidade-publica-intercambio-conversacional-em-sala-de-aula,"Expressar-se em situações de intercâmbio oral com clareza, preocupando-se em ser compreendido pelo interlocutor e usando a palavra com tom de voz audível, boa articulação e ritmo adequado.",vigente,"aba Língua Portuguesa, linha 57","Base-Nacional-Comum-Curricular-BNCC.pdf, página PDF 97"
EF15LP10,ef-comp-lp,1 | 2 | 3 | 4 | 5,campo_pratica,,ef-comp-lp-catu-todos-os-campos-de-atuacao,ef-comp-lp-prat-oralidade,,ef-comp-lp-oc-escuta-atenta,"Escutar, com atenção, falas de professores e colegas, formulando perguntas pertinentes ao tema e solicitando esclarecimentos sempre que necessário.",vigente,"aba Língua Portuguesa, linha 58","Base-Nacional-Comum-Curricular-BNCC.pdf, página PDF 97"
EF15LP11,ef-comp-lp,1 | 2 | 3 | 4 | 5,campo_pratica,,ef-comp-lp-catu-todos-os-campos-de-atuacao,ef-comp-lp-prat-oralidade,,ef-comp-lp-oc-caracteristicas-da-conversacao-espontanea,"Reconhecer características da conversação espontânea presencial, respeitando os turnos de fala, selecionando e utilizando, durante a conversação, formas de tratamento adequadas, de acordo com a situação e a posição do interlocutor.",vigente,"aba Língua Portuguesa, linha 59","Base-Nacional-Comum-Curricular-BNCC.pdf, página PDF 97"
EF15LP12,ef-comp-lp,1 | 2 | 3 | 4 | 5,campo_pratica,,ef-comp-lp-catu-todos-os-campos-de-atuacao,ef-comp-lp-prat-oralidade,,ef-comp-lp-oc-aspectos-nao-linguisticos-paralinguisticos-no-ato-da-fala,"Atribuir significado a aspectos não linguísticos (paralinguísticos) observados na fala, como direção do olhar, riso, gestos, movimentos da cabeça (de concordância ou discordância), expressão corporal, tom de voz.",vigente,"aba Língua Portuguesa, linha 60","Base-Nacional-Comum-Curricular-BNCC.pdf, página PDF 97"
EF15LP13,ef-comp-lp,1 | 2 | 3 | 4 | 5,campo_pratica,,ef-comp-lp-catu-todos-os-campos-de-atuacao,ef-comp-lp-prat-oralidade,,ef-comp-lp-oc-relato-oral-registro-formal-e-informal,"Identificar finalidades da interação oral em diferentes contextos comunicativos (solicitar informações, apresentar opiniões, informar, relatar experiências etc.).",vigente,"aba Língua Portuguesa, linha 61","Base-Nacional-Comum-Curricular-BNCC.pdf, página PDF 97"
EF15LP14,ef-comp-lp,1 | 2 | 3 | 4 | 5,campo_pratica,,ef-comp-lp-catu-campo-da-vida-cotidiana,ef-comp-lp-prat-leitura-escuta-compartilhada-e-autonoma,,ef-comp-lp-oc-leitura-de-imagens-em-narrativas-visuais,"Construir o sentido de histórias em quadrinhos e tirinhas, relacionando imagens e palavras e interpretando recursos gráficos (tipos de balões, de letras, onomatopeias).",vigente,"aba Língua Portuguesa, linha 62","Base-Nacional-Comum-Curricular-BNCC.pdf, página PDF 99"
EF15LP15,ef-comp-lp,1 | 2 | 3 | 4 | 5,campo_pratica,,ef-comp-lp-catu-campo-artistico-literario,ef-comp-lp-prat-leitura-escuta-compartilhada-e-autonoma,,ef-comp-lp-oc-formacao-do-leitor-literario,"Reconhecer que os textos literários fazem parte do mundo do imaginário e apresentam uma dimensão lúdica, de encantamento, valorizando-os, em sua diversidade cultural, como patrimônio artístico da humanidade.",vigente,"aba Língua Portuguesa, linha 63","Base-Nacional-Comum-Curricular-BNCC.pdf, página PDF 99"
EF15LP16,ef-comp-lp,1 | 2 | 3 | 4 | 5,campo_pratica,,ef-comp-lp-catu-campo-artistico-literario,ef-comp-lp-prat-leitura-escuta-compartilhada-e-autonoma,,ef-comp-lp-oc-leitura-colaborativa-e-autonoma,"Ler e compreender, em colaboração com os colegas e com a ajuda do professor e, mais tarde, de maneira autônoma, textos narrativos de maior porte como contos (populares, de fadas, acumulativos, de assombração etc.) e crônicas.",vigente,"aba Língua Portuguesa, linha 64","Base-Nacional-Comum-Curricular-BNCC.pdf, página PDF 99"
EF15LP17,ef-comp-lp,1 | 2 | 3 | 4 | 5,campo_pratica,,ef-comp-lp-catu-campo-artistico-literario,ef-comp-lp-prat-leitura-escuta-compartilhada-e-autonoma,,ef-comp-lp-oc-apreciacao-estetica-estilo,"Apreciar poemas visuais e concretos, observando efeitos de sentido criados pelo formato do texto na página, distribuição e diagramação das letras, pelas ilustrações e por outros efeitos visuais.",vigente,"aba Língua Portuguesa, linha 65","Base-Nacional-Comum-Curricular-BNCC.pdf, página PDF 99"
EF15LP18,ef-comp-lp,1 | 2 | 3 | 4 | 5,campo_pratica,,ef-comp-lp-catu-campo-artistico-literario,ef-comp-lp-prat-leitura-escuta-compartilhada-e-autonoma,,ef-comp-lp-oc-formacao-do-leitor-literario-leitura-multissemiotica,Relacionar texto com ilustrações e outros recursos gráficos.,vigente,"aba Língua Portuguesa, linha 66","Base-Nacional-Comum-Curricular-BNCC.pdf, página PDF 99"
EF15LP19,ef-comp-lp,1 | 2 | 3 | 4 | 5,campo_pratica,,ef-comp-lp-catu-campo-artistico-literario,ef-comp-lp-prat-oralidade,,ef-comp-lp-oc-contagem-de-historias,"Recontar oralmente, com e sem apoio de imagem, textos literários lidos pelo professor.",vigente,"aba Língua Portuguesa, linha 67","Base-Nacional-Comum-Curricular-BNCC.pdf, página PDF 99"
EF02LP01,ef-comp-lp,2,campo_pratica,,ef-comp-lp-catu-todos-os-campos-de-atuacao,ef-comp-lp-prat-escrita-compartilhada-e-autonoma,,ef-comp-lp-oc-construcao-do-sistema-alfabetico-convencoes-da-escrita,"Utilizar, ao produzir o texto, grafia correta de palavras conhecidas ou com estruturas silábicas já dominadas, letras maiúsculas em início de frases e em substantivos próprios, segmentação entre as palavras, ponto final, ponto de interrogação e ponto de exclamação.",vigente,"aba Língua Portuguesa, linha 68","Base-Nacional-Comum-Curricular-BNCC.pdf, página PDF 101"
EF02LP02,ef-comp-lp,2,campo_pratica,,ef-comp-lp-catu-todos-os-campos-de-atuacao,ef-comp-lp-prat-analise-linguistica-semiotica-alfabetizacao,,ef-comp-lp-oc-construcao-do-sistema-alfabetico-e-da-ortografia,"Segmentar palavras em sílabas e remover e substituir sílabas iniciais, mediais ou finais para criar novas palavras.",vigente,"aba Língua Portuguesa, linha 69","Base-Nacional-Comum-Curricular-BNCC.pdf, página PDF 101"
EF02LP03,ef-comp-lp,2,campo_pratica,,ef-comp-lp-catu-todos-os-campos-de-atuacao,ef-comp-lp-prat-analise-linguistica-semiotica-alfabetizacao,,ef-comp-lp-oc-construcao-do-sistema-alfabetico-e-da-ortografia,"Ler e escrever palavras com correspondências regulares diretas entre letras e fonemas (f, v, t, d, p, b) e correspondências regulares contextuais (c e q; e e o, em posição átona em final de palavra).",vigente,"aba Língua Portuguesa, linha 70","Base-Nacional-Comum-Curricular-BNCC.pdf, página PDF 101"
EF02LP04,ef-comp-lp,2,campo_pratica,,ef-comp-lp-catu-todos-os-campos-de-atuacao,ef-comp-lp-prat-analise-linguistica-semiotica-alfabetizacao,,ef-comp-lp-oc-construcao-do-sistema-alfabetico-e-da-ortografia,"Ler e escrever corretamente palavras com sílabas CV, V, CVC, CCV, identificando que existem vogais em todas as sílabas.",vigente,"aba Língua Portuguesa, linha 71","Base-Nacional-Comum-Curricular-BNCC.pdf, página PDF 103"
EF02LP05,ef-comp-lp,2,campo_pratica,,ef-comp-lp-catu-todos-os-campos-de-atuacao,ef-comp-lp-prat-analise-linguistica-semiotica-alfabetizacao,,ef-comp-lp-oc-construcao-do-sistema-alfabetico-e-da-ortografia,"Ler e escrever corretamente palavras com marcas de nasalidade (til, m, n).",vigente,"aba Língua Portuguesa, linha 72","Base-Nacional-Comum-Curricular-BNCC.pdf, página PDF 103"
EF02LP06,ef-comp-lp,2,campo_pratica,,ef-comp-lp-catu-todos-os-campos-de-atuacao,ef-comp-lp-prat-analise-linguistica-semiotica-alfabetizacao,,ef-comp-lp-oc-conhecimento-do-alfabeto-do-portugues-do-brasil,Perceber o princípio acrofônico que opera nos nomes das letras do alfabeto.,vigente,"aba Língua Portuguesa, linha 73","Base-Nacional-Comum-Curricular-BNCC.pdf, página PDF 103"
EF02LP07,ef-comp-lp,2,campo_pratica,,ef-comp-lp-catu-todos-os-campos-de-atuacao,ef-comp-lp-prat-analise-linguistica-semiotica-alfabetizacao,,ef-comp-lp-oc-conhecimento-das-diversas-grafias-do-alfabeto-acentuacao,"Escrever palavras, frases, textos curtos nas formas imprensa e cursiva.",vigente,"aba Língua Portuguesa, linha 74","Base-Nacional-Comum-Curricular-BNCC.pdf, página PDF 103"
EF02LP08,ef-comp-lp,2,campo_pratica,,ef-comp-lp-catu-todos-os-campos-de-atuacao,ef-comp-lp-prat-analise-linguistica-semiotica-alfabetizacao,,ef-comp-lp-oc-segmentacao-de-palavras-classificacao-de-palavras-por-numero-de-silabas,Segmentar corretamente as palavras ao escrever frases e textos.,vigente,"aba Língua Portuguesa, linha 75","Base-Nacional-Comum-Curricular-BNCC.pdf, página PDF 103"
EF02LP09,ef-comp-lp,2,campo_pratica,,ef-comp-lp-catu-todos-os-campos-de-atuacao,ef-comp-lp-prat-analise-linguistica-semiotica-alfabetizacao,,ef-comp-lp-oc-pontuacao,"Usar adequadamente ponto final, ponto de interrogação e ponto de exclamação.",vigente,"aba Língua Portuguesa, linha 76","Base-Nacional-Comum-Curricular-BNCC.pdf, página PDF 103"
EF02LP10,ef-comp-lp,2,campo_pratica,,ef-comp-lp-catu-todos-os-campos-de-atuacao,ef-comp-lp-prat-analise-linguistica-semiotica-alfabetizacao,,ef-comp-lp-oc-sinonimia-e-antonimia-morfologia-pontuacao,"Identificar sinônimos de palavras de texto lido, determinando a diferença de sentido entre eles, e formar antônimos de palavras encontradas em texto lido pelo acréscimo do prefixo de negação in-/im-.",vigente,"aba Língua Portuguesa, linha 77","Base-Nacional-Comum-Curricular-BNCC.pdf, página PDF 103"
EF02LP11,ef-comp-lp,2,campo_pratica,,ef-comp-lp-catu-todos-os-campos-de-atuacao,ef-comp-lp-prat-analise-linguistica-semiotica-alfabetizacao,,ef-comp-lp-oc-morfologia,Formar o aumentativo e o diminutivo de palavras com os sufixos -ão e -inho/-zinho.,vigente,"aba Língua Portuguesa, linha 78","Base-Nacional-Comum-Curricular-BNCC.pdf, página PDF 103"
EF02LP12,ef-comp-lp,2,campo_pratica,,ef-comp-lp-catu-campo-da-vida-cotidiana,ef-comp-lp-prat-leitura-escuta-compartilhada-e-autonoma,,ef-comp-lp-oc-compreensao-em-leitura,"Ler e compreender com certa autonomia cantigas, letras de canção, dentre outros gêneros do campo da vida cotidiana, considerando a situação comunicativa e o tema/assunto do texto e relacionando sua forma de organização à sua finalidade.",vigente,"aba Língua Portuguesa, linha 79","Base-Nacional-Comum-Curricular-BNCC.pdf, página PDF 105"
EF02LP13,ef-comp-lp,2,campo_pratica,,ef-comp-lp-catu-campo-da-vida-cotidiana,ef-comp-lp-prat-escrita-compartilhada-e-autonoma,,ef-comp-lp-oc-escrita-autonoma-e-compartilhada,"Planejar e produzir bilhetes e cartas, em meio impresso e/ou digital, dentre outros gêneros do campo da vida cotidiana, considerando a situação comunicativa e o tema/assunto/finalidade do texto.",vigente,"aba Língua Portuguesa, linha 80","Base-Nacional-Comum-Curricular-BNCC.pdf, página PDF 105"
EF02LP14,ef-comp-lp,2,campo_pratica,,ef-comp-lp-catu-campo-da-vida-cotidiana,ef-comp-lp-prat-escrita-compartilhada-e-autonoma,,ef-comp-lp-oc-escrita-autonoma-e-compartilhada,"Planejar e produzir pequenos relatos de observação de processos, de fatos, de experiências pessoais, mantendo as características do gênero, considerando a situação comunicativa e o tema/assunto do texto.",vigente,"aba Língua Portuguesa, linha 81","Base-Nacional-Comum-Curricular-BNCC.pdf, página PDF 105"
EF02LP15,ef-comp-lp,2,campo_pratica,,ef-comp-lp-catu-campo-da-vida-cotidiana,ef-comp-lp-prat-oralidade,,ef-comp-lp-oc-producao-de-texto-oral,"Cantar cantigas e canções, obedecendo ao ritmo e à melodia.",vigente,"aba Língua Portuguesa, linha 82","Base-Nacional-Comum-Curricular-BNCC.pdf, página PDF 105"
EF02LP16,ef-comp-lp,2,campo_pratica,,ef-comp-lp-catu-campo-da-vida-cotidiana,ef-comp-lp-prat-analise-linguistica-semiotica-alfabetizacao,,ef-comp-lp-oc-forma-de-composicao-do-texto,"Identificar e reproduzir, em bilhetes, recados, avisos, cartas, e-mails, receitas (modo de fazer), relatos (digitais ou impressos), a formatação e diagramação específica de cada um desses gêneros.",vigente,"aba Língua Portuguesa, linha 83","Base-Nacional-Comum-Curricular-BNCC.pdf, página PDF 107"
EF02LP17,ef-comp-lp,2,campo_pratica,,ef-comp-lp-catu-campo-da-vida-cotidiana,ef-comp-lp-prat-analise-linguistica-semiotica-alfabetizacao,,ef-comp-lp-oc-forma-de-composicao-do-texto,"Identificar e reproduzir, em relatos de experiências pessoais, a sequência dos fatos, utilizando expressões que marquem a passagem do tempo (“antes”, “depois”, “ontem”, “hoje”, “amanhã”, “outro dia”, “antigamente”, “há muito tempo” etc.), e o nível de informatividade necessário.",vigente,"aba Língua Portuguesa, linha 84","Base-Nacional-Comum-Curricular-BNCC.pdf, página PDF 107"
EF02LP18,ef-comp-lp,2,campo_pratica,,ef-comp-lp-catu-campo-da-vida-publica,ef-comp-lp-prat-escrita-compartilhada-e-autonoma,,ef-comp-lp-oc-escrita-compartilhada,"Planejar e produzir cartazes e folhetos para divulgar eventos da escola ou da comunidade, utilizando linguagem persuasiva e elementos textuais e visuais (tamanho da letra, leiaute, imagens) adequados ao gênero, considerando a situação comunicativa e o tema/assunto do texto.",vigente,"aba Língua Portuguesa, linha 85","Base-Nacional-Comum-Curricular-BNCC.pdf, página PDF 109"
EF02LP19,ef-comp-lp,2,campo_pratica,,ef-comp-lp-catu-campo-da-vida-publica,ef-comp-lp-prat-oralidade,,ef-comp-lp-oc-producao-de-texto-oral,"Planejar e produzir, em colaboração com os colegas e com a ajuda do professor, notícias curtas para público infantil, para compor jornal falado que possa ser repassado oralmente ou em meio digital, em áudio ou vídeo, dentre outros gêneros do campo jornalístico, considerando a situação comunicativa e o tema/assunto do texto.",vigente,"aba Língua Portuguesa, linha 86","Base-Nacional-Comum-Curricular-BNCC.pdf, página PDF 109"
EF02LP20,ef-comp-lp,2,campo_pratica,,ef-comp-lp-catu-campo-das-praticas-de-estudo-e-pesquisa,ef-comp-lp-prat-leitura-escuta-compartilhada-e-autonoma,,ef-comp-lp-oc-imagens-analiticas-em-textos,"Reconhecer a função de textos utilizados para apresentar informações coletadas em atividades de pesquisa (enquetes, pequenas entrevistas, registros de experimentações).",vigente,"aba Língua Portuguesa, linha 87","Base-Nacional-Comum-Curricular-BNCC.pdf, página PDF 111"
EF02LP21,ef-comp-lp,2,campo_pratica,,ef-comp-lp-catu-campo-das-praticas-de-estudo-e-pesquisa,ef-comp-lp-prat-leitura-escuta-compartilhada-e-autonoma,,ef-comp-lp-oc-pesquisa,"Explorar, com a mediação do professor, textos informativos de diferentes ambientes digitais de pesquisa, conhecendo suas possibilidades.",vigente,"aba Língua Portuguesa, linha 88","Base-Nacional-Comum-Curricular-BNCC.pdf, página PDF 111"
EF02LP22,ef-comp-lp,2,campo_pratica,,ef-comp-lp-catu-campo-das-praticas-de-estudo-e-pesquisa,ef-comp-lp-prat-escrita-compartilhada-e-autonoma,,ef-comp-lp-oc-producao-de-textos,"Planejar e produzir, em colaboração com os colegas e com a ajuda do professor, pequenos relatos de experimentos, entrevistas, verbetes de enciclopédia infantil, dentre outros gêneros do campo investigativo, digitais ou impressos, considerando a situação comunicativa e o tema/assunto/finalidade do texto.",vigente,"aba Língua Portuguesa, linha 89","Base-Nacional-Comum-Curricular-BNCC.pdf, página PDF 111"
EF02LP23,ef-comp-lp,2,campo_pratica,,ef-comp-lp-catu-campo-das-praticas-de-estudo-e-pesquisa,ef-comp-lp-prat-escrita-compartilhada-e-autonoma,,ef-comp-lp-oc-escrita-autonoma,"Planejar e produzir, com certa autonomia, pequenos registros de observação de resultados de pesquisa, coerentes com um tema investigado.",vigente,"aba Língua Portuguesa, linha 90","Base-Nacional-Comum-Curricular-BNCC.pdf, página PDF 111"
EF02LP24,ef-comp-lp,2,campo_pratica,,ef-comp-lp-catu-campo-das-praticas-de-estudo-e-pesquisa,ef-comp-lp-prat-oralidade,,ef-comp-lp-oc-planejamento-de-texto-oral-exposicao-oral,"Planejar e produzir, em colaboração com os colegas e com a ajuda do professor, relatos de experimentos, registros de observação, entrevistas, dentre outros gêneros do campo investigativo, que possam ser repassados oralmente por meio de ferramentas digitais, em áudio ou vídeo, considerando a situação comunicativa e o tema/assunto/ finalidade do texto.",vigente,"aba Língua Portuguesa, linha 91","Base-Nacional-Comum-Curricular-BNCC.pdf, página PDF 111"
EF02LP25,ef-comp-lp,2,campo_pratica,,ef-comp-lp-catu-campo-das-praticas-de-estudo-e-pesquisa,ef-comp-lp-prat-analise-linguistica-semiotica-alfabetizacao,,ef-comp-lp-oc-forma-de-composicao-dos-textos-adequacao-do-texto-as-normas-de-escrita,"Identificar e reproduzir, em relatos de experimentos, entrevistas, verbetes de enciclopédia infantil, digitais ou impressos, a formatação e diagramação específica de cada um desses gêneros, inclusive em suas versões orais.",vigente,"aba Língua Portuguesa, linha 92","Base-Nacional-Comum-Curricular-BNCC.pdf, página PDF 113"
EF02LP26,ef-comp-lp,2,campo_pratica,,ef-comp-lp-catu-campo-artistico-literario,ef-comp-lp-prat-leitura-escuta-compartilhada-e-autonoma,,ef-comp-lp-oc-formacao-do-leitor-literario,"Ler e compreender, com certa autonomia, textos literários, de gêneros variados, desenvolvendo o gosto pela leitura.",vigente,"aba Língua Portuguesa, linha 93","Base-Nacional-Comum-Curricular-BNCC.pdf, página PDF 113"
EF02LP27,ef-comp-lp,2,campo_pratica,,ef-comp-lp-catu-campo-artistico-literario,ef-comp-lp-prat-escrita-compartilhada-e-autonoma,,ef-comp-lp-oc-escrita-autonoma-e-compartilhada,Reescrever textos narrativos literários lidos pelo professor.,vigente,"aba Língua Portuguesa, linha 94","Base-Nacional-Comum-Curricular-BNCC.pdf, página PDF 113"
EF02LP28,ef-comp-lp,2,campo_pratica,,ef-comp-lp-catu-campo-artistico-literario,ef-comp-lp-prat-analise-linguistica-semiotica-alfabetizacao,,ef-comp-lp-oc-formas-de-composicao-de-narrativas,"Reconhecer o conflito gerador de uma narrativa ficcional e sua resolução, além de palavras, expressões e frases que caracterizam personagens e ambientes.",vigente,"aba Língua Portuguesa, linha 95","Base-Nacional-Comum-Curricular-BNCC.pdf, página PDF 113"
EF02LP29,ef-comp-lp,2,campo_pratica,,ef-comp-lp-catu-campo-artistico-literario,ef-comp-lp-prat-analise-linguistica-semiotica-alfabetizacao,,ef-comp-lp-oc-formas-de-composicao-de-textos-poeticos-visuais,"Observar, em poemas visuais, o formato do texto na página, as ilustrações e outros efeitos visuais.",vigente,"aba Língua Portuguesa, linha 96","Base-Nacional-Comum-Curricular-BNCC.pdf, página PDF 113"
EF03LP01,ef-comp-lp,3,campo_pratica,,ef-comp-lp-catu-todos-os-campos-de-atuacao,ef-comp-lp-prat-analise-linguistica-semiotica-ortografizacao,,ef-comp-lp-oc-construcao-do-sistema-alfabetico-e-da-ortografia,"Ler e escrever palavras com correspondências regulares contextuais entre grafemas e fonemas – c/qu; g/gu; r/rr; s/ss; o (e não u) e e (e não i) em sílaba átona em final de palavra – e com marcas de nasalidade (til, m, n).",vigente,"aba Língua Portuguesa, linha 97","Base-Nacional-Comum-Curricular-BNCC.pdf, página PDF 117"
EF03LP02,ef-comp-lp,3,campo_pratica,,ef-comp-lp-catu-todos-os-campos-de-atuacao,ef-comp-lp-prat-analise-linguistica-semiotica-ortografizacao,,ef-comp-lp-oc-construcao-do-sistema-alfabetico-e-da-ortografia,"Ler e escrever corretamente palavras com sílabas CV, V, CVC, CCV, VC, VV, CVV, identificando que existem vogais em todas as sílabas.",vigente,"aba Língua Portuguesa, linha 98","Base-Nacional-Comum-Curricular-BNCC.pdf, página PDF 117"
EF03LP03,ef-comp-lp,3,campo_pratica,,ef-comp-lp-catu-todos-os-campos-de-atuacao,ef-comp-lp-prat-analise-linguistica-semiotica-ortografizacao,,ef-comp-lp-oc-construcao-do-sistema-alfabetico-e-da-ortografia,"Ler e escrever corretamente palavras com os dígrafos lh, nh, ch.",vigente,"aba Língua Portuguesa, linha 99","Base-Nacional-Comum-Curricular-BNCC.pdf, página PDF 117"
EF03LP04,ef-comp-lp,3,campo_pratica,,ef-comp-lp-catu-todos-os-campos-de-atuacao,ef-comp-lp-prat-analise-linguistica-semiotica-ortografizacao,,ef-comp-lp-oc-conhecimento-das-diversas-grafias-do-alfabeto-acentuacao,"Usar acento gráfico (agudo ou circunflexo) em monossílabos tônicos terminados em a, e, o e em palavras oxítonas terminadas em a, e, o, seguidas ou não de s.",vigente,"aba Língua Portuguesa, linha 100","Base-Nacional-Comum-Curricular-BNCC.pdf, página PDF 119"
EF03LP05,ef-comp-lp,3,campo_pratica,,ef-comp-lp-catu-todos-os-campos-de-atuacao,ef-comp-lp-prat-analise-linguistica-semiotica-ortografizacao,,ef-comp-lp-oc-segmentacao-de-palavras-classificacao-de-palavras-por-numero-de-silabas,"Identificar o número de sílabas de palavras, classificando-as em monossílabas, dissílabas, trissílabas e polissílabas.",vigente,"aba Língua Portuguesa, linha 101","Base-Nacional-Comum-Curricular-BNCC.pdf, página PDF 119"
EF03LP06,ef-comp-lp,3,campo_pratica,,ef-comp-lp-catu-todos-os-campos-de-atuacao,ef-comp-lp-prat-analise-linguistica-semiotica-ortografizacao,,ef-comp-lp-oc-construcao-do-sistema-alfabetico,"Identificar a sílaba tônica em palavras, classificando-as em oxítonas, paroxítonas e proparoxítonas.",vigente,"aba Língua Portuguesa, linha 102","Base-Nacional-Comum-Curricular-BNCC.pdf, página PDF 119"
EF03LP07,ef-comp-lp,3,campo_pratica,,ef-comp-lp-catu-todos-os-campos-de-atuacao,ef-comp-lp-prat-analise-linguistica-semiotica-ortografizacao,,ef-comp-lp-oc-pontuacao,"Identificar a função na leitura e usar na escrita ponto final, ponto de interrogação, ponto de exclamação e, em diálogos (discurso direto), dois-pontos e travessão.",vigente,"aba Língua Portuguesa, linha 103","Base-Nacional-Comum-Curricular-BNCC.pdf, página PDF 119"
EF03LP08,ef-comp-lp,3,campo_pratica,,ef-comp-lp-catu-todos-os-campos-de-atuacao,ef-comp-lp-prat-analise-linguistica-semiotica-ortografizacao,,ef-comp-lp-oc-morfologia,"Identificar e diferenciar, em textos, substantivos e verbos e suas funções na oração: agente, ação, objeto da ação.",vigente,"aba Língua Portuguesa, linha 104","Base-Nacional-Comum-Curricular-BNCC.pdf, página PDF 119"
EF03LP09,ef-comp-lp,3,campo_pratica,,ef-comp-lp-catu-todos-os-campos-de-atuacao,ef-comp-lp-prat-analise-linguistica-semiotica-ortografizacao,,ef-comp-lp-oc-morfossintaxe,"Identificar, em textos, adjetivos e sua função de atribuição de propriedades aos substantivos.",vigente,"aba Língua Portuguesa, linha 105","Base-Nacional-Comum-Curricular-BNCC.pdf, página PDF 121"
EF03LP10,ef-comp-lp,3,campo_pratica,,ef-comp-lp-catu-todos-os-campos-de-atuacao,ef-comp-lp-prat-analise-linguistica-semiotica-ortografizacao,,ef-comp-lp-oc-morfologia,"Reconhecer prefixos e sufixos produtivos na formação de palavras derivadas de substantivos, de adjetivos e de verbos, utilizando-os para compreender palavras e para formar novas palavras.",vigente,"aba Língua Portuguesa, linha 106","Base-Nacional-Comum-Curricular-BNCC.pdf, página PDF 121"
EF03LP11,ef-comp-lp,3,campo_pratica,,ef-comp-lp-catu-campo-da-vida-cotidiana,ef-comp-lp-prat-leitura-escuta-compartilhada-e-autonoma,,ef-comp-lp-oc-compreensao-em-leitura,"Ler e compreender, com autonomia, textos injuntivos instrucionais (receitas, instruções de montagem etc.), com a estrutura própria desses textos (verbos imperativos, indicação de passos a ser seguidos) e mesclando palavras, imagens e recursos gráfico-visuais, considerando a situação comunicativa e o tema/assunto do texto.",vigente,"aba Língua Portuguesa, linha 107","Base-Nacional-Comum-Curricular-BNCC.pdf, página PDF 121"
EF03LP12,ef-comp-lp,3,campo_pratica,,ef-comp-lp-catu-campo-da-vida-cotidiana,ef-comp-lp-prat-leitura-escuta-compartilhada-e-autonoma,,ef-comp-lp-oc-compreensao-em-leitura,"Ler e compreender, com autonomia, cartas pessoais e diários, com expressão de sentimentos e opiniões, dentre outros gêneros do campo da vida cotidiana, de acordo com as convenções do gênero carta e considerando a situação comunicativa e o tema/assunto do texto.",vigente,"aba Língua Portuguesa, linha 108","Base-Nacional-Comum-Curricular-BNCC.pdf, página PDF 123"
EF03LP13,ef-comp-lp,3,campo_pratica,,ef-comp-lp-catu-campo-da-vida-cotidiana,ef-comp-lp-prat-producao-de-textos-escrita-compartilhada-e-autonoma,,ef-comp-lp-oc-escrita-colaborativa,"Planejar e produzir cartas pessoais e diários, com expressão de sentimentos e opiniões, dentre outros gêneros do campo da vida cotidiana, de acordo com as convenções dos gêneros carta e diário e considerando a situação comunicativa e o tema/assunto do texto.",vigente,"aba Língua Portuguesa, linha 109","Base-Nacional-Comum-Curricular-BNCC.pdf, página PDF 123"
EF03LP14,ef-comp-lp,3,campo_pratica,,ef-comp-lp-catu-campo-da-vida-cotidiana,ef-comp-lp-prat-escrita-compartilhada-e-autonoma,,ef-comp-lp-oc-escrita-colaborativa,"Planejar e produzir textos injuntivos instrucionais, com a estrutura própria desses textos (verbos imperativos, indicação de passos a ser seguidos) e mesclando palavras, imagens e recursos gráfico-visuais, considerando a situação comunicativa e o tema/ assunto do texto.",vigente,"aba Língua Portuguesa, linha 110","Base-Nacional-Comum-Curricular-BNCC.pdf, página PDF 123"
EF03LP15,ef-comp-lp,3,campo_pratica,,ef-comp-lp-catu-campo-da-vida-cotidiana,ef-comp-lp-prat-oralidade,,ef-comp-lp-oc-producao-de-texto-oral,"Assistir, em vídeo digital, a programa de culinária infantil e, a partir dele, planejar e produzir receitas em áudio ou vídeo.",vigente,"aba Língua Portuguesa, linha 111","Base-Nacional-Comum-Curricular-BNCC.pdf, página PDF 123"
EF03LP16,ef-comp-lp,3,campo_pratica,,ef-comp-lp-catu-campo-da-vida-cotidiana,ef-comp-lp-prat-analise-linguistica-semiotica-ortografizacao,,ef-comp-lp-oc-forma-de-composicao-do-texto,"Identificar e reproduzir, em textos injuntivos instrucionais (receitas, instruções de montagem, digitais ou impressos), a formatação própria desses textos (verbos imperativos, indicação de passos a ser seguidos) e a diagramação específica dos textos desses gêneros (lista de ingredientes ou materiais e instruções de execução – ""modo de fazer"").",vigente,"aba Língua Portuguesa, linha 112","Base-Nacional-Comum-Curricular-BNCC.pdf, página PDF 125"
EF03LP17,ef-comp-lp,3,campo_pratica,,ef-comp-lp-catu-campo-da-vida-cotidiana,ef-comp-lp-prat-analise-linguistica-semiotica-ortografizacao,,ef-comp-lp-oc-forma-de-composicao-do-texto,"Identificar e reproduzir, em gêneros epistolares e diários, a formatação própria desses textos (relatos de acontecimentos, expressão de vivências, emoções, opiniões ou críticas) e a diagramação específica dos textos desses gêneros (data, saudação, corpo do texto, despedida, assinatura).",vigente,"aba Língua Portuguesa, linha 113","Base-Nacional-Comum-Curricular-BNCC.pdf, página PDF 125"
EF03LP18,ef-comp-lp,3,campo_pratica,,ef-comp-lp-catu-campo-da-vida-publica,ef-comp-lp-prat-leitura-escuta-compartilhada-e-autonoma,,ef-comp-lp-oc-compreensao-em-leitura,"Ler e compreender, com autonomia, cartas dirigidas a veículos da mídia impressa ou digital (cartas de leitor e de reclamação a jornais, revistas) e notícias, dentre outros gêneros do campo jornalístico, de acordo com as convenções do gênero carta e considerando a situação comunicativa e o tema/assunto do texto.",vigente,"aba Língua Portuguesa, linha 114","Base-Nacional-Comum-Curricular-BNCC.pdf, página PDF 125"
EF03LP19,ef-comp-lp,3,campo_pratica,,ef-comp-lp-catu-campo-da-vida-publica,ef-comp-lp-prat-leitura-escuta-compartilhada-e-autonoma,,ef-comp-lp-oc-compreensao-em-leitura,"Identificar e discutir o propósito do uso de recursos de persuasão (cores, imagens, escolha de palavras, jogo de palavras, tamanho de letras) em textos publicitários e de propaganda, como elementos de convencimento.",vigente,"aba Língua Portuguesa, linha 115","Base-Nacional-Comum-Curricular-BNCC.pdf, página PDF 127"
EF03LP20,ef-comp-lp,3,campo_pratica,,ef-comp-lp-catu-campo-da-vida-publica,ef-comp-lp-prat-producao-de-textos-escrita-compartilhada-e-autonoma,,ef-comp-lp-oc-escrita-colaborativa,"Produzir cartas dirigidas a veículos da mídia impressa ou digital (cartas do leitor ou de reclamação a jornais ou revistas), dentre outros gêneros do campo político-cidadão, com opiniões e críticas, de acordo com as convenções do gênero carta e considerando a situação comunicativa e o tema/assunto do texto.",vigente,"aba Língua Portuguesa, linha 116","Base-Nacional-Comum-Curricular-BNCC.pdf, página PDF 127"
EF03LP21,ef-comp-lp,3,campo_pratica,,ef-comp-lp-catu-campo-da-vida-publica,ef-comp-lp-prat-producao-de-textos-escrita-compartilhada-e-autonoma,,ef-comp-lp-oc-escrita-colaborativa,"Produzir anúncios publicitários, textos de campanhas de conscientização destinados ao público infantil, observando os recursos de persuasão utilizados nos textos publicitários e de propaganda (cores, imagens, slogan, escolha de palavras, jogo de palavras, tamanho e tipo de letras, diagramação).",vigente,"aba Língua Portuguesa, linha 117","Base-Nacional-Comum-Curricular-BNCC.pdf, página PDF 127"
EF03LP22,ef-comp-lp,3,campo_pratica,,ef-comp-lp-catu-campo-da-vida-publica,ef-comp-lp-prat-oralidade,,ef-comp-lp-oc-planejamento-e-producao-de-texto,"Planejar e produzir, em colaboração com os colegas, telejornal para público infantil com algumas notícias e textos de campanhas que possam ser repassados oralmente ou em meio digital, em áudio ou vídeo, considerando a situação comunicativa, a organização específica da fala nesses gêneros e o tema/assunto/ finalidade dos textos.",vigente,"aba Língua Portuguesa, linha 118","Base-Nacional-Comum-Curricular-BNCC.pdf, página PDF 129"
EF03LP23,ef-comp-lp,3,campo_pratica,,ef-comp-lp-catu-campo-da-vida-publica,ef-comp-lp-prat-analise-linguistica-semiotica-ortografizacao,,ef-comp-lp-oc-forma-de-composicao-dos-textos,"Analisar o uso de adjetivos em cartas dirigidas a veículos da mídia impressa ou digital (cartas do leitor ou de reclamação a jornais ou revistas), digitais ou impressas.",vigente,"aba Língua Portuguesa, linha 119","Base-Nacional-Comum-Curricular-BNCC.pdf, página PDF 129"
EF03LP24,ef-comp-lp,3,campo_pratica,,ef-comp-lp-catu-campo-das-praticas-de-estudo-e-pesquisa,ef-comp-lp-prat-leitura-escuta-compartilhada-e-autonoma,,ef-comp-lp-oc-compreensao-em-leitura,"Ler/ouvir e compreender, com autonomia, relatos de observações e de pesquisas em fontes de informações, considerando a situação comunicativa e o tema/assunto do texto.",vigente,"aba Língua Portuguesa, linha 120","Base-Nacional-Comum-Curricular-BNCC.pdf, página PDF 131"
EF03LP25,ef-comp-lp,3,campo_pratica,,ef-comp-lp-catu-campo-das-praticas-de-estudo-e-pesquisa,ef-comp-lp-prat-producao-de-textos-escrita-compartilhada-e-autonoma,,ef-comp-lp-oc-producao-de-textos,"Planejar e produzir textos para apresentar resultados de observações e de pesquisas em fontes de informações, incluindo, quando pertinente, imagens, diagramas e gráficos ou tabelas simples, considerando a situação comunicativa e o tema/assunto do texto.",vigente,"aba Língua Portuguesa, linha 121","Base-Nacional-Comum-Curricular-BNCC.pdf, página PDF 131"
EF03LP26,ef-comp-lp,3,campo_pratica,,ef-comp-lp-catu-campo-das-praticas-de-estudo-e-pesquisa,ef-comp-lp-prat-analise-linguistica-semiotica-ortografizacao,,ef-comp-lp-oc-forma-de-composicao-dos-textos | ef-comp-lp-oc-adequacao-do-texto-as-normas-de-escrita,"Identificar e reproduzir, em relatórios de observação e pesquisa, a formatação e diagramação específica desses gêneros (passos ou listas de itens, tabelas, ilustrações, gráficos, resumo dos resultados), inclusive em suas versões orais.",vigente,"aba Língua Portuguesa, linha 122","Base-Nacional-Comum-Curricular-BNCC.pdf, página PDF 133"
EF03LP27,ef-comp-lp,3,campo_pratica,,ef-comp-lp-catu-campo-artistico-literario,ef-comp-lp-prat-oralidade,,ef-comp-lp-oc-performances-orais,"Recitar cordel e cantar repentes e emboladas, observando as rimas e obedecendo ao ritmo e à melodia.",vigente,"aba Língua Portuguesa, linha 123","Base-Nacional-Comum-Curricular-BNCC.pdf, página PDF 135"
EF35LP01,ef-comp-lp,3 | 4 | 5,campo_pratica,,ef-comp-lp-catu-todos-os-campos-de-atuacao,ef-comp-lp-prat-leitura-escuta-compartilhada-e-autonoma,,ef-comp-lp-oc-decodificacao-fluencia-de-leitura,"Ler e compreender, silenciosamente e, em seguida, em voz alta, com autonomia e fluência, textos curtos com nível de textualidade adequado.",vigente,"aba Língua Portuguesa, linha 124","Base-Nacional-Comum-Curricular-BNCC.pdf, página PDF 115"
EF35LP02,ef-comp-lp,3 | 4 | 5,campo_pratica,,ef-comp-lp-catu-todos-os-campos-de-atuacao,ef-comp-lp-prat-leitura-escuta-compartilhada-e-autonoma,,ef-comp-lp-oc-formacao-de-leitor,"Selecionar livros da biblioteca e/ou do cantinho de leitura da sala de aula e/ou disponíveis em meios digitais para leitura individual, justificando a escolha e compartilhando com os colegas sua opinião, após a leitura.",vigente,"aba Língua Portuguesa, linha 125","Base-Nacional-Comum-Curricular-BNCC.pdf, página PDF 115"
EF35LP03,ef-comp-lp,3 | 4 | 5,campo_pratica,,ef-comp-lp-catu-todos-os-campos-de-atuacao,ef-comp-lp-prat-leitura-escuta-compartilhada-e-autonoma,,ef-comp-lp-oc-compreensao,"Identificar a ideia central do texto, demonstrando compreensão global.",vigente,"aba Língua Portuguesa, linha 126","Base-Nacional-Comum-Curricular-BNCC.pdf, página PDF 115"
EF35LP04,ef-comp-lp,3 | 4 | 5,campo_pratica,,ef-comp-lp-catu-todos-os-campos-de-atuacao,ef-comp-lp-prat-leitura-escuta-compartilhada-e-autonoma,,ef-comp-lp-oc-estrategia-de-leitura,Inferir informações implícitas nos textos lidos.,vigente,"aba Língua Portuguesa, linha 127","Base-Nacional-Comum-Curricular-BNCC.pdf, página PDF 115"
EF35LP05,ef-comp-lp,3 | 4 | 5,campo_pratica,,ef-comp-lp-catu-todos-os-campos-de-atuacao,ef-comp-lp-prat-leitura-escuta-compartilhada-e-autonoma,,ef-comp-lp-oc-estrategia-de-leitura,"Inferir o sentido de palavras ou expressões desconhecidas em textos, com base no contexto da frase ou do texto.",vigente,"aba Língua Portuguesa, linha 128","Base-Nacional-Comum-Curricular-BNCC.pdf, página PDF 115"
EF35LP06,ef-comp-lp,3 | 4 | 5,campo_pratica,,ef-comp-lp-catu-todos-os-campos-de-atuacao,ef-comp-lp-prat-leitura-escuta-compartilhada-e-autonoma,,ef-comp-lp-oc-estrategia-de-leitura,"Recuperar relações entre partes de um texto, identificando substituições lexicais (de substantivos por sinônimos) ou pronominais (uso de pronomes anafóricos – pessoais, possessivos, demonstrativos) que contribuem para a continuidade do texto.",vigente,"aba Língua Portuguesa, linha 129","Base-Nacional-Comum-Curricular-BNCC.pdf, página PDF 115"
EF35LP07,ef-comp-lp,3 | 4 | 5,campo_pratica,,ef-comp-lp-catu-todos-os-campos-de-atuacao,ef-comp-lp-prat-producao-de-textos-escrita-compartilhada-e-autonoma,,ef-comp-lp-oc-construcao-do-sistema-alfabetico-convencoes-da-escrita,"Utilizar, ao produzir um texto, conhecimentos linguísticos e gramaticais, tais como ortografia, regras básicas de concordância nominal e verbal, pontuação (ponto final, ponto de exclamação, ponto de interrogação, vírgulas em enumerações) e pontuação do discurso direto, quando for o caso.",vigente,"aba Língua Portuguesa, linha 130","Base-Nacional-Comum-Curricular-BNCC.pdf, página PDF 115"
EF35LP08,ef-comp-lp,3 | 4 | 5,campo_pratica,,ef-comp-lp-catu-todos-os-campos-de-atuacao,ef-comp-lp-prat-producao-de-textos-escrita-compartilhada-e-autonoma,,ef-comp-lp-oc-construcao-do-sistema-alfabetico-estabelecimento-de-relacoes-anaforicas-na-referenciacao-e-construcao-da-coesao,"Utilizar, ao produzir um texto, recursos de referenciação (por substituição lexical ou por pronomes pessoais, possessivos e demonstrativos), vocabulário apropriado ao gênero, recursos de coesão pronominal (pronomes anafóricos) e articuladores de relações de sentido (tempo, causa, oposição, conclusão, comparação), com nível suficiente de informatividade.",vigente,"aba Língua Portuguesa, linha 131","Base-Nacional-Comum-Curricular-BNCC.pdf, página PDF 115"
EF35LP09,ef-comp-lp,3 | 4 | 5,campo_pratica,,ef-comp-lp-catu-todos-os-campos-de-atuacao,ef-comp-lp-prat-producao-de-textos-escrita-compartilhada-e-autonoma,,ef-comp-lp-oc-planejamento-de-texto-progressao-tematica-e-paragrafacao,"Organizar o texto em unidades de sentido, dividindo-o em parágrafos segundo as normas gráficas e de acordo com as características do gênero textual.",vigente,"aba Língua Portuguesa, linha 132","Base-Nacional-Comum-Curricular-BNCC.pdf, página PDF 115"
EF35LP10,ef-comp-lp,3 | 4 | 5,campo_pratica,,ef-comp-lp-catu-todos-os-campos-de-atuacao,ef-comp-lp-prat-oralidade,,ef-comp-lp-oc-forma-de-composicao-de-generos-orais,"Identificar gêneros do discurso oral, utilizados em diferentes situações e contextos comunicativos, e suas características linguístico-expressivas e composicionais (conversação espontânea, conversação telefônica, entrevistas pessoais, entrevistas no rádio ou na TV, debate, noticiário de rádio e TV, narração de jogos esportivos no rádio e TV, aula, debate etc.).",vigente,"aba Língua Portuguesa, linha 133","Base-Nacional-Comum-Curricular-BNCC.pdf, página PDF 115"
EF35LP11,ef-comp-lp,3 | 4 | 5,campo_pratica,,ef-comp-lp-catu-todos-os-campos-de-atuacao,ef-comp-lp-prat-oralidade,,ef-comp-lp-oc-variacao-linguistica,"Ouvir gravações, canções, textos falados em diferentes variedades linguísticas, identificando características regionais, urbanas e rurais da fala e respeitando as diversas variedades linguísticas como características do uso da língua por diferentes grupos regionais ou diferentes culturas locais, rejeitando preconceitos linguísticos.",vigente,"aba Língua Portuguesa, linha 134","Base-Nacional-Comum-Curricular-BNCC.pdf, página PDF 115"
EF35LP12,ef-comp-lp,3 | 4 | 5,campo_pratica,,ef-comp-lp-catu-todos-os-campos-de-atuacao,ef-comp-lp-prat-analise-linguistica-semiotica-ortografizacao,,ef-comp-lp-oc-construcao-do-sistema-alfabetico-e-da-ortografia,"Recorrer ao dicionário para esclarecer dúvida sobre a escrita de palavras, especialmente no caso de palavras com relações irregulares fonema-grafema.",vigente,"aba Língua Portuguesa, linha 135","Base-Nacional-Comum-Curricular-BNCC.pdf, página PDF 117"
EF35LP13,ef-comp-lp,3 | 4 | 5,campo_pratica,,ef-comp-lp-catu-todos-os-campos-de-atuacao,ef-comp-lp-prat-analise-linguistica-semiotica-ortografizacao,,ef-comp-lp-oc-construcao-do-sistema-alfabetico-e-da-ortografia,Memorizar a grafia de palavras de uso frequente nas quais as relações fonema-grafema são irregulares e com h inicial que não representa fonema.,vigente,"aba Língua Portuguesa, linha 136","Base-Nacional-Comum-Curricular-BNCC.pdf, página PDF 117"
EF35LP14,ef-comp-lp,3 | 4 | 5,campo_pratica,,ef-comp-lp-catu-todos-os-campos-de-atuacao,ef-comp-lp-prat-analise-linguistica-semiotica-ortografizacao,,ef-comp-lp-oc-morfologia,"Identificar em textos e usar na produção textual pronomes pessoais, possessivos e demonstrativos, como recurso coesivo anafórico.",vigente,"aba Língua Portuguesa, linha 137","Base-Nacional-Comum-Curricular-BNCC.pdf, página PDF 121"
EF35LP15,ef-comp-lp,3 | 4 | 5,campo_pratica,,ef-comp-lp-catu-campo-da-vida-publica,ef-comp-lp-prat-producao-de-textos-escrita-compartilhada-e-autonoma,,ef-comp-lp-oc-escrita-colaborativa,"Opinar e defender ponto de vista sobre tema polêmico relacionado a situações vivenciadas na escola e/ou na comunidade, utilizando registro formal e estrutura adequada à argumentação, considerando a situação comunicativa e o tema/assunto do texto.",vigente,"aba Língua Portuguesa, linha 138","Base-Nacional-Comum-Curricular-BNCC.pdf, página PDF 127"
EF35LP16,ef-comp-lp,3 | 4 | 5,campo_pratica,,ef-comp-lp-catu-campo-da-vida-publica,ef-comp-lp-prat-analise-linguistica-semiotica-ortografizacao,,ef-comp-lp-oc-forma-de-composicao-dos-textos,"Identificar e reproduzir, em notícias, manchetes, lides e corpo de notícias simples para público infantil e cartas de reclamação (revista infantil), digitais ou impressos, a formatação e diagramação específica de cada um desses gêneros, inclusive em suas versões orais.",vigente,"aba Língua Portuguesa, linha 139","Base-Nacional-Comum-Curricular-BNCC.pdf, página PDF 129"
EF35LP17,ef-comp-lp,3 | 4 | 5,campo_pratica,,ef-comp-lp-catu-campo-das-praticas-de-estudo-e-pesquisa,ef-comp-lp-prat-leitura-escuta-compartilhada-e-autonoma,,ef-comp-lp-oc-pesquisa,"Buscar e selecionar, com o apoio do professor, informações de interesse sobre fenômenos sociais e naturais, em textos que circulam em meios impressos ou digitais.",vigente,"aba Língua Portuguesa, linha 140","Base-Nacional-Comum-Curricular-BNCC.pdf, página PDF 131"
EF35LP18,ef-comp-lp,3 | 4 | 5,campo_pratica,,ef-comp-lp-catu-campo-das-praticas-de-estudo-e-pesquisa,ef-comp-lp-prat-oralidade,,ef-comp-lp-oc-escuta-de-textos-orais,"Escutar, com atenção, apresentações de trabalhos realizadas por colegas, formulando perguntas pertinentes ao tema e solicitando esclarecimentos sempre que necessário.",vigente,"aba Língua Portuguesa, linha 141","Base-Nacional-Comum-Curricular-BNCC.pdf, página PDF 133"
EF35LP19,ef-comp-lp,3 | 4 | 5,campo_pratica,,ef-comp-lp-catu-campo-das-praticas-de-estudo-e-pesquisa,ef-comp-lp-prat-oralidade,,ef-comp-lp-oc-compreensao-de-textos-orais,"Recuperar as ideias principais em situações formais de escuta de exposições, apresentações e palestras.",vigente,"aba Língua Portuguesa, linha 142","Base-Nacional-Comum-Curricular-BNCC.pdf, página PDF 133"
EF35LP20,ef-comp-lp,3 | 4 | 5,campo_pratica,,ef-comp-lp-catu-campo-das-praticas-de-estudo-e-pesquisa,ef-comp-lp-prat-oralidade,,ef-comp-lp-oc-planejamento-de-texto-oral | ef-comp-lp-oc-exposicao-oral,"Expor trabalhos ou pesquisas escolares, em sala de aula, com apoio de recursos multissemióticos (imagens, diagrama, tabelas etc.), orientando-se por roteiro escrito, planejando o tempo de fala e adequando a linguagem à situação comunicativa.",vigente,"aba Língua Portuguesa, linha 143","Base-Nacional-Comum-Curricular-BNCC.pdf, página PDF 133"
EF35LP21,ef-comp-lp,3 | 4 | 5,campo_pratica,,ef-comp-lp-catu-campo-artistico-literario,ef-comp-lp-prat-leitura-escuta-compartilhada-e-autonoma,,ef-comp-lp-oc-formacao-do-leitor-literario,"Ler e compreender, de forma autônoma, textos literários de diferentes gêneros e extensões, inclusive aqueles sem ilustrações, estabelecendo preferências por gêneros, temas, autores.",vigente,"aba Língua Portuguesa, linha 144","Base-Nacional-Comum-Curricular-BNCC.pdf, página PDF 135"
EF35LP22,ef-comp-lp,3 | 4 | 5,campo_pratica,,ef-comp-lp-catu-campo-artistico-literario,ef-comp-lp-prat-leitura-escuta-compartilhada-e-autonoma,,ef-comp-lp-oc-formacao-do-leitor-literario-leitura-multissemiotica,"Perceber diálogos em textos narrativos, observando o efeito de sentido de verbos de enunciação e, se for o caso, o uso de variedades linguísticas no discurso direto.",vigente,"aba Língua Portuguesa, linha 145","Base-Nacional-Comum-Curricular-BNCC.pdf, página PDF 135"
EF35LP23,ef-comp-lp,3 | 4 | 5,campo_pratica,,ef-comp-lp-catu-campo-artistico-literario,ef-comp-lp-prat-leitura-escuta-compartilhada-e-autonoma,,ef-comp-lp-oc-apreciacao-estetica-estilo,"Apreciar poemas e outros textos versificados, observando rimas, aliterações e diferentes modos de divisão dos versos, estrofes e refrões e seu efeito de sentido.",vigente,"aba Língua Portuguesa, linha 146","Base-Nacional-Comum-Curricular-BNCC.pdf, página PDF 135"
EF35LP24,ef-comp-lp,3 | 4 | 5,campo_pratica,,ef-comp-lp-catu-campo-artistico-literario,ef-comp-lp-prat-leitura-escuta-compartilhada-e-autonoma,,ef-comp-lp-oc-textos-dramaticos,Identificar funções do texto dramático (escrito para ser encenado) e sua organização por meio de diálogos entre personagens e marcadores das falas das personagens e de cena.,vigente,"aba Língua Portuguesa, linha 147","Base-Nacional-Comum-Curricular-BNCC.pdf, página PDF 135"
EF35LP25,ef-comp-lp,3 | 4 | 5,campo_pratica,,ef-comp-lp-catu-campo-artistico-literario,ef-comp-lp-prat-producao-de-textos-escrita-compartilhada-e-autonoma,,ef-comp-lp-oc-escrita-autonoma-e-compartilhada,"Criar narrativas ficcionais, com certa autonomia, utilizando detalhes descritivos, sequências de eventos e imagens apropriadas para sustentar o sentido do texto, e marcadores de tempo, espaço e de fala de personagens.",vigente,"aba Língua Portuguesa, linha 148","Base-Nacional-Comum-Curricular-BNCC.pdf, página PDF 135"
EF35LP26,ef-comp-lp,3 | 4 | 5,campo_pratica,,ef-comp-lp-catu-campo-artistico-literario,ef-comp-lp-prat-producao-de-textos-escrita-compartilhada-e-autonoma,,ef-comp-lp-oc-escrita-autonoma-e-compartilhada,"Ler e compreender, com certa autonomia, narrativas ficcionais que apresentem cenários e personagens, observando os elementos da estrutura narrativa: enredo, tempo, espaço, personagens, narrador e a construção do discurso indireto e discurso direto.",vigente,"aba Língua Portuguesa, linha 149","Base-Nacional-Comum-Curricular-BNCC.pdf, página PDF 135"
EF35LP27,ef-comp-lp,3 | 4 | 5,campo_pratica,,ef-comp-lp-catu-campo-artistico-literario,ef-comp-lp-prat-producao-de-textos-escrita-compartilhada-e-autonoma,,ef-comp-lp-oc-escrita-autonoma,"Ler e compreender, com certa autonomia, textos em versos, explorando rimas, sons e jogos de palavras, imagens poéticas (sentidos figurados) e recursos visuais e sonoros.",vigente,"aba Língua Portuguesa, linha 150","Base-Nacional-Comum-Curricular-BNCC.pdf, página PDF 135"
EF35LP28,ef-comp-lp,3 | 4 | 5,campo_pratica,,ef-comp-lp-catu-campo-artistico-literario,ef-comp-lp-prat-oralidade,,ef-comp-lp-oc-declamacao,"Declamar poemas, com entonação, postura e interpretação adequadas.",vigente,"aba Língua Portuguesa, linha 151","Base-Nacional-Comum-Curricular-BNCC.pdf, página PDF 135"
EF35LP29,ef-comp-lp,3 | 4 | 5,campo_pratica,,ef-comp-lp-catu-campo-artistico-literario,ef-comp-lp-prat-analise-linguistica-semiotica-ortografizacao,,ef-comp-lp-oc-formas-de-composicao-de-narrativas,"Identificar, em narrativas, cenário, personagem central, conflito gerador, resolução e o ponto de vista com base no qual histórias são narradas, diferenciando narrativas em primeira e terceira pessoas.",vigente,"aba Língua Portuguesa, linha 152","Base-Nacional-Comum-Curricular-BNCC.pdf, página PDF 137"
EF35LP30,ef-comp-lp,3 | 4 | 5,campo_pratica,,ef-comp-lp-catu-campo-artistico-literario,ef-comp-lp-prat-analise-linguistica-semiotica-ortografizacao,,ef-comp-lp-oc-discurso-direto-e-indireto,"Diferenciar discurso indireto e discurso direto, determinando o efeito de sentido de verbos de enunciação e explicando o uso de variedades linguísticas no discurso direto, quando for o caso.",vigente,"aba Língua Portuguesa, linha 153","Base-Nacional-Comum-Curricular-BNCC.pdf, página PDF 137"
EF35LP31,ef-comp-lp,3 | 4 | 5,campo_pratica,,ef-comp-lp-catu-campo-artistico-literario,ef-comp-lp-prat-analise-linguistica-semiotica-ortografizacao,,ef-comp-lp-oc-forma-de-composicao-de-textos-poeticos,"Identificar, em textos versificados, efeitos de sentido decorrentes do uso de recursos rítmicos e sonoros e de metáforas.",vigente,"aba Língua Portuguesa, linha 154","Base-Nacional-Comum-Curricular-BNCC.pdf, página PDF 137"
EF04LP01,ef-comp-lp,4,campo_pratica,,ef-comp-lp-catu-todos-os-campos-de-atuacao,ef-comp-lp-prat-analise-linguistica-semiotica-ortografizacao,,ef-comp-lp-oc-construcao-do-sistema-alfabetico-e-da-ortografia,Grafar palavras utilizando regras de correspondência fonema-grafema regulares diretas e contextuais.,vigente,"aba Língua Portuguesa, linha 155","Base-Nacional-Comum-Curricular-BNCC.pdf, página PDF 117"
EF04LP02,ef-comp-lp,4,campo_pratica,,ef-comp-lp-catu-todos-os-campos-de-atuacao,ef-comp-lp-prat-analise-linguistica-semiotica-ortografizacao,,ef-comp-lp-oc-construcao-do-sistema-alfabetico-e-da-ortografia,"Ler e escrever, corretamente, palavras com sílabas VV e CVV em casos nos quais a combinação VV (ditongo) é reduzida na língua oral (ai, ei, ou).",vigente,"aba Língua Portuguesa, linha 156","Base-Nacional-Comum-Curricular-BNCC.pdf, página PDF 117"
EF04LP03,ef-comp-lp,4,campo_pratica,,ef-comp-lp-catu-todos-os-campos-de-atuacao,ef-comp-lp-prat-analise-linguistica-semiotica-ortografizacao,,ef-comp-lp-oc-conhecimento-do-alfabeto-do-portugues-do-brasil-ordem-alfabetica-polissemia,"Localizar palavras no dicionário para esclarecer significados, reconhecendo o significado mais plausível para o contexto que deu origem à consulta.",vigente,"aba Língua Portuguesa, linha 157","Base-Nacional-Comum-Curricular-BNCC.pdf, página PDF 117"
EF04LP04,ef-comp-lp,4,campo_pratica,,ef-comp-lp-catu-todos-os-campos-de-atuacao,ef-comp-lp-prat-analise-linguistica-semiotica-ortografizacao,,ef-comp-lp-oc-conhecimento-das-diversas-grafias-do-alfabeto-acentuacao,"Usar acento gráfico (agudo ou circunflexo) em paroxítonas terminadas em -i(s), -l, -r, -ão(s).",vigente,"aba Língua Portuguesa, linha 158","Base-Nacional-Comum-Curricular-BNCC.pdf, página PDF 119"
EF04LP05,ef-comp-lp,4,campo_pratica,,ef-comp-lp-catu-todos-os-campos-de-atuacao,ef-comp-lp-prat-analise-linguistica-semiotica-ortografizacao,,ef-comp-lp-oc-pontuacao,"Identificar a função na leitura e usar, adequadamente, na escrita ponto final, de interrogação, de exclamação, dois-pontos e travessão em diálogos (discurso direto), vírgula em enumerações e em separação de vocativo e de aposto.",vigente,"aba Língua Portuguesa, linha 159","Base-Nacional-Comum-Curricular-BNCC.pdf, página PDF 119"
EF04LP06,ef-comp-lp,4,campo_pratica,,ef-comp-lp-catu-todos-os-campos-de-atuacao,ef-comp-lp-prat-analise-linguistica-semiotica-ortografizacao,,ef-comp-lp-oc-morfologia-morfossintaxe,Identificar em textos e usar na produção textual a concordância entre substantivo ou pronome pessoal e verbo (concordância verbal).,vigente,"aba Língua Portuguesa, linha 160","Base-Nacional-Comum-Curricular-BNCC.pdf, página PDF 119"
EF04LP07,ef-comp-lp,4,campo_pratica,,ef-comp-lp-catu-todos-os-campos-de-atuacao,ef-comp-lp-prat-analise-linguistica-semiotica-ortografizacao,,ef-comp-lp-oc-morfossintaxe,"Identificar em textos e usar na produção textual a concordância entre artigo, substantivo e adjetivo (concordância no grupo nominal).",vigente,"aba Língua Portuguesa, linha 161","Base-Nacional-Comum-Curricular-BNCC.pdf, página PDF 121"
EF04LP08,ef-comp-lp,4,campo_pratica,,ef-comp-lp-catu-todos-os-campos-de-atuacao,ef-comp-lp-prat-analise-linguistica-semiotica-ortografizacao,,ef-comp-lp-oc-morfologia,"Reconhecer e grafar, corretamente, palavras derivadas com os sufixos -agem, -oso, -eza, -izar/-isar (regulares morfológicas).",vigente,"aba Língua Portuguesa, linha 162","Base-Nacional-Comum-Curricular-BNCC.pdf, página PDF 121"
EF04LP09,ef-comp-lp,4,campo_pratica,,ef-comp-lp-catu-campo-da-vida-cotidiana,ef-comp-lp-prat-leitura-escuta-compartilhada-e-autonoma,,ef-comp-lp-oc-compreensao-em-leitura,"Ler e compreender, com autonomia, boletos, faturas e carnês, dentre outros gêneros do campo da vida cotidiana, de acordo com as convenções do gênero (campos, itens elencados, medidas de consumo, código de barras) e considerando a situação comunicativa e a finalidade do texto.",vigente,"aba Língua Portuguesa, linha 163","Base-Nacional-Comum-Curricular-BNCC.pdf, página PDF 121"
EF04LP10,ef-comp-lp,4,campo_pratica,,ef-comp-lp-catu-campo-da-vida-cotidiana,ef-comp-lp-prat-leitura-escuta-compartilhada-e-autonoma,,ef-comp-lp-oc-compreensao-em-leitura,"Ler e compreender, com autonomia, cartas pessoais de reclamação, dentre outros gêneros do campo da vida cotidiana, de acordo com as convenções do gênero carta e considerando a situação comunicativa e o tema/assunto/finalidade do texto.",vigente,"aba Língua Portuguesa, linha 164","Base-Nacional-Comum-Curricular-BNCC.pdf, página PDF 123"
EF04LP11,ef-comp-lp,4,campo_pratica,,ef-comp-lp-catu-campo-da-vida-cotidiana,ef-comp-lp-prat-producao-de-textos-escrita-compartilhada-e-autonoma,,ef-comp-lp-oc-escrita-colaborativa,"Planejar e produzir, com autonomia, cartas pessoais de reclamação, dentre outros gêneros do campo da vida cotidiana, de acordo com as convenções do gênero carta e com a estrutura própria desses textos (problema, opinião, argumentos), considerando a situação comunicativa e o tema/assunto/finalidade do texto.",vigente,"aba Língua Portuguesa, linha 165","Base-Nacional-Comum-Curricular-BNCC.pdf, página PDF 123"
EF04LP12,ef-comp-lp,4,campo_pratica,,ef-comp-lp-catu-campo-da-vida-cotidiana,ef-comp-lp-prat-oralidade,,ef-comp-lp-oc-producao-de-texto-oral,"Assistir, em vídeo digital, a programa infantil com instruções de montagem, de jogos e brincadeiras e, a partir dele, planejar e produzir tutoriais em áudio ou vídeo.",vigente,"aba Língua Portuguesa, linha 166","Base-Nacional-Comum-Curricular-BNCC.pdf, página PDF 123"
EF04LP13,ef-comp-lp,4,campo_pratica,,ef-comp-lp-catu-campo-da-vida-cotidiana,ef-comp-lp-prat-analise-linguistica-semiotica-ortografizacao,,ef-comp-lp-oc-forma-de-composicao-do-texto,"Identificar e reproduzir, em textos injuntivos instrucionais (instruções de jogos digitais ou impressos), a formatação própria desses textos (verbos imperativos, indicação de passos a ser seguidos) e formato específico dos textos orais ou escritos desses gêneros (lista/ apresentação de materiais e instruções/passos de jogo).",vigente,"aba Língua Portuguesa, linha 167","Base-Nacional-Comum-Curricular-BNCC.pdf, página PDF 125"
EF04LP14,ef-comp-lp,4,campo_pratica,,ef-comp-lp-catu-campo-da-vida-publica,ef-comp-lp-prat-leitura-escuta-compartilhada-e-autonoma,,ef-comp-lp-oc-compreensao-em-leitura,"Identificar, em notícias, fatos, participantes, local e momento/tempo da ocorrência do fato noticiado.",vigente,"aba Língua Portuguesa, linha 168","Base-Nacional-Comum-Curricular-BNCC.pdf, página PDF 125"
EF04LP15,ef-comp-lp,4,campo_pratica,,ef-comp-lp-catu-campo-da-vida-publica,ef-comp-lp-prat-leitura-escuta-compartilhada-e-autonoma,,ef-comp-lp-oc-compreensao-em-leitura,"Distinguir fatos de opiniões/sugestões em textos (informativos, jornalísticos, publicitários etc.).",vigente,"aba Língua Portuguesa, linha 169","Base-Nacional-Comum-Curricular-BNCC.pdf, página PDF 127"
EF04LP16,ef-comp-lp,4,campo_pratica,,ef-comp-lp-catu-campo-da-vida-publica,ef-comp-lp-prat-producao-de-textos-escrita-compartilhada-e-autonoma,,ef-comp-lp-oc-escrita-colaborativa,"Produzir notícias sobre fatos ocorridos no universo escolar, digitais ou impressas, para o jornal da escola, noticiando os fatos e seus atores e comentando decorrências, de acordo com as convenções do gênero notícia e considerando a situação comunicativa e o tema/assunto do texto.",vigente,"aba Língua Portuguesa, linha 170","Base-Nacional-Comum-Curricular-BNCC.pdf, página PDF 127"
EF04LP17,ef-comp-lp,4,campo_pratica,,ef-comp-lp-catu-campo-da-vida-publica,ef-comp-lp-prat-oralidade,,ef-comp-lp-oc-planejamento-e-producao-de-texto,"Produzir jornais radiofônicos ou televisivos e entrevistas veiculadas em rádio, TV e na internet, orientando-se por roteiro ou texto e demonstrando conhecimento dos gêneros jornal falado/televisivo e entrevista.",vigente,"aba Língua Portuguesa, linha 171","Base-Nacional-Comum-Curricular-BNCC.pdf, página PDF 129"
EF04LP18,ef-comp-lp,4,campo_pratica,,ef-comp-lp-catu-campo-da-vida-publica,ef-comp-lp-prat-analise-linguistica-semiotica-ortografizacao,,ef-comp-lp-oc-forma-de-composicao-dos-textos,Analisar o padrão entonacional e a expressão facial e corporal de âncoras de jornais radiofônicos ou televisivos e de entrevistadores/entrevistados.,vigente,"aba Língua Portuguesa, linha 172","Base-Nacional-Comum-Curricular-BNCC.pdf, página PDF 129"
EF04LP19,ef-comp-lp,4,campo_pratica,,ef-comp-lp-catu-campo-das-praticas-de-estudo-e-pesquisa,ef-comp-lp-prat-leitura-escuta-compartilhada-e-autonoma,,ef-comp-lp-oc-compreensao-em-leitura,"Ler e compreender textos expositivos de divulgação científica para crianças, considerando a situação comunicativa e o tema/ assunto do texto.",vigente,"aba Língua Portuguesa, linha 173","Base-Nacional-Comum-Curricular-BNCC.pdf, página PDF 131"
EF04LP20,ef-comp-lp,4,campo_pratica,,ef-comp-lp-catu-campo-das-praticas-de-estudo-e-pesquisa,ef-comp-lp-prat-leitura-escuta-compartilhada-e-autonoma,,ef-comp-lp-oc-imagens-analiticas-em-textos,"Reconhecer a função de gráficos, diagramas e tabelas em textos, como forma de apresentação de dados e informações.",vigente,"aba Língua Portuguesa, linha 174","Base-Nacional-Comum-Curricular-BNCC.pdf, página PDF 131"
EF04LP21,ef-comp-lp,4,campo_pratica,,ef-comp-lp-catu-campo-das-praticas-de-estudo-e-pesquisa,ef-comp-lp-prat-producao-de-textos-escrita-compartilhada-e-autonoma,,ef-comp-lp-oc-producao-de-textos,"Planejar e produzir textos sobre temas de interesse, com base em resultados de observações e pesquisas em fontes de informações impressas ou eletrônicas, incluindo, quando pertinente, imagens e gráficos ou tabelas simples, considerando a situação comunicativa e o tema/assunto do texto.",vigente,"aba Língua Portuguesa, linha 175","Base-Nacional-Comum-Curricular-BNCC.pdf, página PDF 131"
EF04LP22,ef-comp-lp,4,campo_pratica,,ef-comp-lp-catu-campo-das-praticas-de-estudo-e-pesquisa,ef-comp-lp-prat-producao-de-textos-escrita-compartilhada-e-autonoma,,ef-comp-lp-oc-escrita-autonoma,"Planejar e produzir, com certa autonomia, verbetes de enciclopédia infantil, digitais ou impressos, considerando a situação comunicativa e o tema/ assunto/finalidade do texto.",vigente,"aba Língua Portuguesa, linha 176","Base-Nacional-Comum-Curricular-BNCC.pdf, página PDF 131"
EF04LP23,ef-comp-lp,4,campo_pratica,,ef-comp-lp-catu-campo-das-praticas-de-estudo-e-pesquisa,ef-comp-lp-prat-analise-linguistica-semiotica-ortografizacao,,ef-comp-lp-oc-forma-de-composicao-dos-textos | ef-comp-lp-oc-coesao-e-articuladores,"Identificar e reproduzir, em verbetes de enciclopédia infantil, digitais ou impressos, a formatação e diagramação específica desse gênero (título do verbete, definição, detalhamento, curiosidades), considerando a situação comunicativa e o tema/assunto/finalidade do texto.",vigente,"aba Língua Portuguesa, linha 177","Base-Nacional-Comum-Curricular-BNCC.pdf, página PDF 133"
EF04LP24,ef-comp-lp,4,campo_pratica,,ef-comp-lp-catu-campo-das-praticas-de-estudo-e-pesquisa,ef-comp-lp-prat-analise-linguistica-semiotica-ortografizacao,,ef-comp-lp-oc-forma-de-composicao-dos-textos | ef-comp-lp-oc-adequacao-do-texto-as-normas-de-escrita,"Identificar e reproduzir, em seu formato, tabelas, diagramas e gráficos em relatórios de observação e pesquisa, como forma de apresentação de dados e informações.",vigente,"aba Língua Portuguesa, linha 178","Base-Nacional-Comum-Curricular-BNCC.pdf, página PDF 133"
EF04LP25,ef-comp-lp,4,campo_pratica,,ef-comp-lp-catu-campo-das-praticas-de-estudo-e-pesquisa,ef-comp-lp-prat-producao-de-textos-escrita-compartilhada-e-autonoma,,ef-comp-lp-oc-escrita-autonoma,"Representar cenas de textos dramáticos, reproduzindo as falas das personagens, de acordo com as rubricas de interpretação e movimento indicadas pelo autor.",vigente,"aba Língua Portuguesa, linha 179","Base-Nacional-Comum-Curricular-BNCC.pdf, página PDF 135"
EF04LP26,ef-comp-lp,4,campo_pratica,,ef-comp-lp-catu-campo-artistico-literario,ef-comp-lp-prat-analise-linguistica-semiotica-ortografizacao,,ef-comp-lp-oc-forma-de-composicao-de-textos-poeticos-visuais,"Observar, em poemas concretos, o formato, a distribuição e a diagramação das letras do texto na página.",vigente,"aba Língua Portuguesa, linha 180","Base-Nacional-Comum-Curricular-BNCC.pdf, página PDF 137"
EF04LP27,ef-comp-lp,4,campo_pratica,,ef-comp-lp-catu-campo-artistico-literario,ef-comp-lp-prat-analise-linguistica-semiotica-ortografizacao,,ef-comp-lp-oc-forma-de-composicao-de-textos-dramaticos,"Identificar, em textos dramáticos, marcadores das falas das personagens e de cena.",vigente,"aba Língua Portuguesa, linha 181","Base-Nacional-Comum-Curricular-BNCC.pdf, página PDF 137"
EF05LP01,ef-comp-lp,5,campo_pratica,,ef-comp-lp-catu-todos-os-campos-de-atuacao,ef-comp-lp-prat-analise-linguistica-semiotica-ortografizacao,,ef-comp-lp-oc-construcao-do-sistema-alfabetico-e-da-ortografia,"Grafar palavras utilizando regras de correspondência fonema-grafema regulares, contextuais e morfológicas e palavras de uso frequente com correspondências irregulares.",vigente,"aba Língua Portuguesa, linha 182","Base-Nacional-Comum-Curricular-BNCC.pdf, página PDF 117"
EF05LP02,ef-comp-lp,5,campo_pratica,,ef-comp-lp-catu-todos-os-campos-de-atuacao,ef-comp-lp-prat-analise-linguistica-semiotica-ortografizacao,,ef-comp-lp-oc-conhecimento-do-alfabeto-do-portugues-do-brasil-ordem-alfabetica-polissemia,"Identificar o caráter polissêmico das palavras (uma mesma palavra com diferentes significados, de acordo com o contexto de uso), comparando o significado de determinados termos utilizados nas áreas científicas com esses mesmos termos utilizados na linguagem usual.",vigente,"aba Língua Portuguesa, linha 183","Base-Nacional-Comum-Curricular-BNCC.pdf, página PDF 117"
EF05LP03,ef-comp-lp,5,campo_pratica,,ef-comp-lp-catu-todos-os-campos-de-atuacao,ef-comp-lp-prat-analise-linguistica-semiotica-ortografizacao,,ef-comp-lp-oc-conhecimento-das-diversas-grafias-do-alfabeto-acentuacao,"Acentuar corretamente palavras oxítonas, paroxítonas e proparoxítonas.",vigente,"aba Língua Portuguesa, linha 184","Base-Nacional-Comum-Curricular-BNCC.pdf, página PDF 119"
EF05LP04,ef-comp-lp,5,campo_pratica,,ef-comp-lp-catu-todos-os-campos-de-atuacao,ef-comp-lp-prat-analise-linguistica-semiotica-ortografizacao,,ef-comp-lp-oc-pontuacao,"Diferenciar, na leitura de textos, vírgula, ponto e vírgula, dois-pontos e reconhecer, na leitura de textos, o efeito de sentido que decorre do uso de reticências, aspas, parênteses.",vigente,"aba Língua Portuguesa, linha 185","Base-Nacional-Comum-Curricular-BNCC.pdf, página PDF 119"
EF05LP05,ef-comp-lp,5,campo_pratica,,ef-comp-lp-catu-todos-os-campos-de-atuacao,ef-comp-lp-prat-analise-linguistica-semiotica-ortografizacao,,ef-comp-lp-oc-morfologia,"Identificar a expressão de presente, passado e futuro em tempos verbais do modo indicativo.",vigente,"aba Língua Portuguesa, linha 186","Base-Nacional-Comum-Curricular-BNCC.pdf, página PDF 119"
EF05LP06,ef-comp-lp,5,campo_pratica,,ef-comp-lp-catu-todos-os-campos-de-atuacao,ef-comp-lp-prat-analise-linguistica-semiotica-ortografizacao,,ef-comp-lp-oc-morfologia,"Flexionar, adequadamente, na escrita e na oralidade, os verbos em concordância com pronomes pessoais/nomes sujeitos da oração.",vigente,"aba Língua Portuguesa, linha 187","Base-Nacional-Comum-Curricular-BNCC.pdf, página PDF 119"
EF05LP07,ef-comp-lp,5,campo_pratica,,ef-comp-lp-catu-todos-os-campos-de-atuacao,ef-comp-lp-prat-analise-linguistica-semiotica-ortografizacao,,ef-comp-lp-oc-morfologia,"Identificar, em textos, o uso de conjunções e a relação que estabelecem entre partes do texto: adição, oposição, tempo, causa, condição, finalidade.",vigente,"aba Língua Portuguesa, linha 188","Base-Nacional-Comum-Curricular-BNCC.pdf, página PDF 121"
EF05LP08,ef-comp-lp,5,campo_pratica,,ef-comp-lp-catu-todos-os-campos-de-atuacao,ef-comp-lp-prat-analise-linguistica-semiotica-ortografizacao,,ef-comp-lp-oc-morfologia,"Diferenciar palavras primitivas, derivadas e compostas, e derivadas por adição de prefixo e de sufixo.",vigente,"aba Língua Portuguesa, linha 189","Base-Nacional-Comum-Curricular-BNCC.pdf, página PDF 121"
EF05LP09,ef-comp-lp,5,campo_pratica,,ef-comp-lp-catu-campo-da-vida-cotidiana,ef-comp-lp-prat-leitura-escuta-compartilhada-e-autonoma,,ef-comp-lp-oc-compreensao-em-leitura,"Ler e compreender, com autonomia, textos instrucional de regras de jogo, dentre outros gêneros do campo da vida cotidiana, de acordo com as convenções do gênero e considerando a situação comunicativa e a finalidade do texto.",vigente,"aba Língua Portuguesa, linha 190","Base-Nacional-Comum-Curricular-BNCC.pdf, página PDF 121"
EF05LP10,ef-comp-lp,5,campo_pratica,,ef-comp-lp-catu-campo-da-vida-cotidiana,ef-comp-lp-prat-leitura-escuta-compartilhada-e-autonoma,,ef-comp-lp-oc-compreensao-em-leitura,"Ler e compreender, com autonomia, anedotas, piadas e cartuns, dentre outros gêneros do campo da vida cotidiana, de acordo com as convenções do gênero e considerando a situação comunicativa e a finalidade do texto.",vigente,"aba Língua Portuguesa, linha 191","Base-Nacional-Comum-Curricular-BNCC.pdf, página PDF 123"
EF05LP11,ef-comp-lp,5,campo_pratica,,ef-comp-lp-catu-campo-da-vida-cotidiana,ef-comp-lp-prat-producao-de-textos-escrita-compartilhada-e-autonoma,,ef-comp-lp-oc-escrita-colaborativa,"Registrar, com autonomia, anedotas, piadas e cartuns, dentre outros gêneros do campo da vida cotidiana, de acordo com as convenções do gênero e considerando a situação comunicativa e a finalidade do texto.",vigente,"aba Língua Portuguesa, linha 192","Base-Nacional-Comum-Curricular-BNCC.pdf, página PDF 123"
EF05LP12,ef-comp-lp,5,campo_pratica,,ef-comp-lp-catu-campo-da-vida-cotidiana,ef-comp-lp-prat-escrita-compartilhada-e-autonoma,,ef-comp-lp-oc-escrita-colaborativa,"Planejar e produzir, com autonomia, textos instrucionais de regras de jogo, dentre outros gêneros do campo da vida cotidiana, de acordo com as convenções do gênero e considerando a situação comunicativa e a finalidade do texto.",vigente,"aba Língua Portuguesa, linha 193","Base-Nacional-Comum-Curricular-BNCC.pdf, página PDF 123"
EF05LP13,ef-comp-lp,5,campo_pratica,,ef-comp-lp-catu-campo-da-vida-cotidiana,ef-comp-lp-prat-oralidade,,ef-comp-lp-oc-producao-de-texto-oral,"Assistir, em vídeo digital, a postagem de vlog infantil de críticas de brinquedos e livros de literatura infantil e, a partir dele, planejar e produzir resenhas digitais em áudio ou vídeo.",vigente,"aba Língua Portuguesa, linha 194","Base-Nacional-Comum-Curricular-BNCC.pdf, página PDF 123"
EF05LP14,ef-comp-lp,5,campo_pratica,,ef-comp-lp-catu-campo-da-vida-cotidiana,ef-comp-lp-prat-analise-linguistica-semiotica-ortografizacao,,ef-comp-lp-oc-forma-de-composicao-do-texto,"Identificar e reproduzir, em textos de resenha crítica de brinquedos ou livros de literatura infantil, a formatação própria desses textos (apresentação e avaliação do produto).",vigente,"aba Língua Portuguesa, linha 195","Base-Nacional-Comum-Curricular-BNCC.pdf, página PDF 125"
EF05LP15,ef-comp-lp,5,campo_pratica,,ef-comp-lp-catu-campo-da-vida-publica,ef-comp-lp-prat-leitura-escuta-compartilhada-e-autonoma,,ef-comp-lp-oc-compreensao-em-leitura,"Ler/assistir e compreender, com autonomia, notícias, reportagens, vídeos em vlogs argumentativos, dentre outros gêneros do campo político-cidadão, de acordo com as convenções dos gêneros e considerando a situação comunicativa e o tema/assunto do texto.",vigente,"aba Língua Portuguesa, linha 196","Base-Nacional-Comum-Curricular-BNCC.pdf, página PDF 125"
EF05LP16,ef-comp-lp,5,campo_pratica,,ef-comp-lp-catu-campo-da-vida-publica,ef-comp-lp-prat-leitura-escuta-compartilhada-e-autonoma,,ef-comp-lp-oc-compreensao-em-leitura,Comparar informações sobre um mesmo fato veiculadas em diferentes mídias e concluir sobre qual é mais confiável e por quê.,vigente,"aba Língua Portuguesa, linha 197","Base-Nacional-Comum-Curricular-BNCC.pdf, página PDF 127"
EF05LP17,ef-comp-lp,5,campo_pratica,,ef-comp-lp-catu-campo-da-vida-publica,ef-comp-lp-prat-producao-de-textos-escrita-compartilhada-e-autonoma,,ef-comp-lp-oc-escrita-colaborativa,"Produzir roteiro para edição de uma reportagem digital sobre temas de interesse da turma, a partir de buscas de informações, imagens, áudios e vídeos na internet, de acordo com as convenções do gênero e considerando a situação comunicativa e o tema/assunto do texto.",vigente,"aba Língua Portuguesa, linha 198","Base-Nacional-Comum-Curricular-BNCC.pdf, página PDF 127"
EF05LP18,ef-comp-lp,5,campo_pratica,,ef-comp-lp-catu-campo-da-vida-publica,ef-comp-lp-prat-oralidade,,ef-comp-lp-oc-planejamento-e-producao-de-texto,"Roteirizar, produzir e editar vídeo para vlogs argumentativos sobre produtos de mídia para público infantil (filmes, desenhos animados, HQs, games etc.), com base em conhecimentos sobre os mesmos, de acordo com as convenções do gênero e considerando a situação comunicativa e o tema/ assunto/finalidade do texto.",vigente,"aba Língua Portuguesa, linha 199","Base-Nacional-Comum-Curricular-BNCC.pdf, página PDF 129"
EF05LP19,ef-comp-lp,5,campo_pratica,,ef-comp-lp-catu-campo-da-vida-publica,ef-comp-lp-prat-oralidade,,ef-comp-lp-oc-producao-de-texto,"Argumentar oralmente sobre acontecimentos de interesse social, com base em conhecimentos sobre fatos divulgados em TV, rádio, mídia impressa e digital, respeitando pontos de vista diferentes.",vigente,"aba Língua Portuguesa, linha 200","Base-Nacional-Comum-Curricular-BNCC.pdf, página PDF 129"
EF05LP20,ef-comp-lp,5,campo_pratica,,ef-comp-lp-catu-campo-da-vida-publica,ef-comp-lp-prat-analise-linguistica-semiotica-ortografizacao,,ef-comp-lp-oc-forma-de-composicao-dos-textos,"Analisar a validade e força de argumentos em argumentações sobre produtos de mídia para público infantil (filmes, desenhos animados, HQs, games etc.), com base em conhecimentos sobre os mesmos.",vigente,"aba Língua Portuguesa, linha 201","Base-Nacional-Comum-Curricular-BNCC.pdf, página PDF 129"
EF05LP21,ef-comp-lp,5,campo_pratica,,ef-comp-lp-catu-campo-da-vida-publica,ef-comp-lp-prat-analise-linguistica-semiotica-ortografizacao,,ef-comp-lp-oc-forma-de-composicao-dos-textos,"Analisar o padrão entonacional, a expressão facial e corporal e as escolhas de variedade e registro linguísticos de vloggers de vlogs opinativos ou argumentativos.",vigente,"aba Língua Portuguesa, linha 202","Base-Nacional-Comum-Curricular-BNCC.pdf, página PDF 129"
EF05LP22,ef-comp-lp,5,campo_pratica,,ef-comp-lp-catu-campo-das-praticas-de-estudo-e-pesquisa,ef-comp-lp-prat-leitura-escuta-compartilhada-e-autonoma,,ef-comp-lp-oc-compreensao-em-leitura,"Ler e compreender verbetes de dicionário, identificando a estrutura, as informações gramaticais (significado de abreviaturas) e as informações semânticas.",vigente,"aba Língua Portuguesa, linha 203","Base-Nacional-Comum-Curricular-BNCC.pdf, página PDF 131"
EF05LP23,ef-comp-lp,5,campo_pratica,,ef-comp-lp-catu-campo-das-praticas-de-estudo-e-pesquisa,ef-comp-lp-prat-leitura-escuta-compartilhada-e-autonoma,,ef-comp-lp-oc-imagens-analiticas-em-textos,Comparar informações apresentadas em gráficos ou tabelas.,vigente,"aba Língua Portuguesa, linha 204","Base-Nacional-Comum-Curricular-BNCC.pdf, página PDF 131"
EF05LP24,ef-comp-lp,5,campo_pratica,,ef-comp-lp-catu-campo-das-praticas-de-estudo-e-pesquisa,ef-comp-lp-prat-producao-de-textos-escrita-compartilhada-e-autonoma,,ef-comp-lp-oc-producao-de-textos,"Planejar e produzir texto sobre tema de interesse, organizando resultados de pesquisa em fontes de informação impressas ou digitais, incluindo imagens e gráficos ou tabelas, considerando a situação comunicativa e o tema/assunto do texto.",vigente,"aba Língua Portuguesa, linha 205","Base-Nacional-Comum-Curricular-BNCC.pdf, página PDF 131"
EF05LP25,ef-comp-lp,5,campo_pratica,,ef-comp-lp-catu-campo-artistico-literario,ef-comp-lp-prat-oralidade,,ef-comp-lp-oc-performances-orais,"Planejar e produzir, com certa autonomia, verbetes de dicionário, digitais ou impressos, considerando a situação comunicativa e o tema/assunto/finalidade do texto.",vigente,"aba Língua Portuguesa, linha 206","Base-Nacional-Comum-Curricular-BNCC.pdf, página PDF 131"
EF05LP26,ef-comp-lp,5,campo_pratica,,ef-comp-lp-catu-campo-das-praticas-de-estudo-e-pesquisa,ef-comp-lp-prat-analise-linguistica-semiotica-ortografizacao,,ef-comp-lp-oc-forma-de-composicao-dos-textos | ef-comp-lp-oc-adequacao-do-texto-as-normas-de-escrita,"Utilizar, ao produzir o texto, conhecimentos linguísticos e gramaticais: regras sintáticas de concordância nominal e verbal, convenções de escrita de citações, pontuação (ponto final, dois-pontos, vírgulas em enumerações) e regras ortográficas.",vigente,"aba Língua Portuguesa, linha 207","Base-Nacional-Comum-Curricular-BNCC.pdf, página PDF 133"
EF05LP27,ef-comp-lp,5,campo_pratica,,ef-comp-lp-catu-campo-das-praticas-de-estudo-e-pesquisa,ef-comp-lp-prat-analise-linguistica-semiotica-ortografizacao,,ef-comp-lp-oc-forma-de-composicao-dos-textos | ef-comp-lp-oc-coesao-e-articuladores,"Utilizar, ao produzir o texto, recursos de coesão pronominal (pronomes anafóricos) e articuladores de relações de sentido (tempo, causa, oposição, conclusão, comparação), com nível adequado de informatividade.",vigente,"aba Língua Portuguesa, linha 208","Base-Nacional-Comum-Curricular-BNCC.pdf, página PDF 133"
EF05LP28,ef-comp-lp,5,campo_pratica,,ef-comp-lp-catu-campo-artistico-literario,ef-comp-lp-prat-analise-linguistica-semiotica-ortografizacao,,ef-comp-lp-oc-forma-de-composicao-de-textos-poeticos-visuais,"Observar, em ciberpoemas e minicontos infantis em mídia digital, os recursos multissemióticos presentes nesses textos digitais.",vigente,"aba Língua Portuguesa, linha 209","Base-Nacional-Comum-Curricular-BNCC.pdf, página PDF 137"
EF06LP01,ef-comp-lp,6,campo_pratica,,ef-comp-lp-catu-campo-jornalistico-midiatico,ef-comp-lp-prat-leitura,,ef-comp-lp-oc-reconstrucao-do-contexto-de-producao-circulacao-e-recepcao-de-textos | ef-comp-lp-oc-caracterizacao-do-campo-jornalistico-e-relacao-entre-os-generos-em-circulacao-midias-e-praticas-da-cultura-digital,"Reconhecer a impossibilidade de uma neutralidade absoluta no relato de fatos e identificar diferentes graus de parcialidade/ imparcialidade dados pelo recorte feito e pelos efeitos de sentido advindos de escolhas feitas pelo autor, de forma a poder desenvolver uma atitude crítica frente aos textos jornalísticos e tornar-se consciente das escolhas feitas enquanto produtor de textos.",vigente,"aba Língua Portuguesa, linha 210","Base-Nacional-Comum-Curricular-BNCC.pdf, página PDF 165"
EF06LP02,ef-comp-lp,6,campo_pratica,,ef-comp-lp-catu-campo-jornalistico-midiatico,ef-comp-lp-prat-leitura,,ef-comp-lp-oc-reconstrucao-do-contexto-de-producao-circulacao-e-recepcao-de-textos | ef-comp-lp-oc-caracterizacao-do-campo-jornalistico-e-relacao-entre-os-generos-em-circulacao-midias-e-praticas-da-cultura-digital,"Estabelecer relação entre os diferentes gêneros jornalísticos, compreendendo a centralidade da notícia.",vigente,"aba Língua Portuguesa, linha 211","Base-Nacional-Comum-Curricular-BNCC.pdf, página PDF 165"
EF06LP03,ef-comp-lp,6,campo_pratica,,ef-comp-lp-catu-todos-os-campos-de-atuacao,ef-comp-lp-prat-analise-linguistica-semiotica,,ef-comp-lp-oc-lexico-morfologia,Analisar diferenças de sentido entre palavras de uma série sinonímica.,vigente,"aba Língua Portuguesa, linha 212","Base-Nacional-Comum-Curricular-BNCC.pdf, página PDF 173"
EF06LP04,ef-comp-lp,6,campo_pratica,,ef-comp-lp-catu-todos-os-campos-de-atuacao,ef-comp-lp-prat-analise-linguistica-semiotica,,ef-comp-lp-oc-morfossintaxe,"Analisar a função e as flexões de substantivos e adjetivos e de verbos nos modos Indicativo, Subjuntivo e Imperativo: afirmativo e negativo.",vigente,"aba Língua Portuguesa, linha 213","Base-Nacional-Comum-Curricular-BNCC.pdf, página PDF 173"
EF06LP05,ef-comp-lp,6,campo_pratica,,ef-comp-lp-catu-todos-os-campos-de-atuacao,ef-comp-lp-prat-analise-linguistica-semiotica,,ef-comp-lp-oc-morfossintaxe,"Identificar os efeitos de sentido dos modos verbais, considerando o gênero textual e a intenção comunicativa.",vigente,"aba Língua Portuguesa, linha 214","Base-Nacional-Comum-Curricular-BNCC.pdf, página PDF 173"
EF06LP06,ef-comp-lp,6,campo_pratica,,ef-comp-lp-catu-todos-os-campos-de-atuacao,ef-comp-lp-prat-analise-linguistica-semiotica,,ef-comp-lp-oc-morfossintaxe,"Empregar, adequadamente, as regras de concordância nominal (relações entre os substantivos e seus determinantes) e as regras de concordância verbal (relações entre o verbo e o sujeito simples e composto).",vigente,"aba Língua Portuguesa, linha 215","Base-Nacional-Comum-Curricular-BNCC.pdf, página PDF 173"
EF06LP07,ef-comp-lp,6,campo_pratica,,ef-comp-lp-catu-todos-os-campos-de-atuacao,ef-comp-lp-prat-analise-linguistica-semiotica,,ef-comp-lp-oc-morfossintaxe,"Identificar, em textos, períodos compostos por orações separadas por vírgula sem a utilização de conectivos, nomeando-os como períodos compostos por coordenação.",vigente,"aba Língua Portuguesa, linha 216","Base-Nacional-Comum-Curricular-BNCC.pdf, página PDF 175"
EF06LP08,ef-comp-lp,6,campo_pratica,,ef-comp-lp-catu-todos-os-campos-de-atuacao,ef-comp-lp-prat-analise-linguistica-semiotica,,ef-comp-lp-oc-morfossintaxe,"Identificar, em texto ou sequência textual, orações como unidades constituídas em torno de um núcleo verbal e períodos como conjunto de orações conectadas.",vigente,"aba Língua Portuguesa, linha 217","Base-Nacional-Comum-Curricular-BNCC.pdf, página PDF 175"
EF06LP09,ef-comp-lp,6,campo_pratica,,ef-comp-lp-catu-todos-os-campos-de-atuacao,ef-comp-lp-prat-analise-linguistica-semiotica,,ef-comp-lp-oc-morfossintaxe,"Classificar, em texto ou sequência textual, os períodos simples compostos.",vigente,"aba Língua Portuguesa, linha 218","Base-Nacional-Comum-Curricular-BNCC.pdf, página PDF 175"
EF06LP10,ef-comp-lp,6,campo_pratica,,ef-comp-lp-catu-todos-os-campos-de-atuacao,ef-comp-lp-prat-analise-linguistica-semiotica,,ef-comp-lp-oc-sintaxe,Identificar sintagmas nominais e verbais como constituintes imediatos da oração.,vigente,"aba Língua Portuguesa, linha 219","Base-Nacional-Comum-Curricular-BNCC.pdf, página PDF 175"
EF06LP11,ef-comp-lp,6,campo_pratica,,ef-comp-lp-catu-todos-os-campos-de-atuacao,ef-comp-lp-prat-analise-linguistica-semiotica,,ef-comp-lp-oc-elementos-notacionais-da-escrita-morfossintaxe,"Utilizar, ao produzir texto, conhecimentos linguísticos e gramaticais: tempos verbais, concordância nominal e verbal, regras ortográficas, pontuação etc.",vigente,"aba Língua Portuguesa, linha 220","Base-Nacional-Comum-Curricular-BNCC.pdf, página PDF 175"
EF06LP12,ef-comp-lp,6,campo_pratica,,ef-comp-lp-catu-todos-os-campos-de-atuacao,ef-comp-lp-prat-analise-linguistica-semiotica,,ef-comp-lp-oc-semantica-coesao,"Utilizar, ao produzir texto, recursos de coesão referencial (nome e pronomes), recursos semânticos de sinonímia, antonímia e homonímia e mecanismos de representação de diferentes vozes (discurso direto e indireto).",vigente,"aba Língua Portuguesa, linha 221","Base-Nacional-Comum-Curricular-BNCC.pdf, página PDF 175"
EF67LP01,ef-comp-lp,6 | 7,campo_pratica,,ef-comp-lp-catu-campo-jornalistico-midiatico,ef-comp-lp-prat-leitura,,ef-comp-lp-oc-reconstrucao-do-contexto-de-producao-circulacao-e-recepcao-de-textos | ef-comp-lp-oc-caracterizacao-do-campo-jornalistico-e-relacao-entre-os-generos-em-circulacao-midias-e-praticas-da-cultura-digital,Analisar a estrutura e funcionamento dos hiperlinks em textos noticiosos publicados na Web e vislumbrar possibilidades de uma escrita hipertextual.,vigente,"aba Língua Portuguesa, linha 222","Base-Nacional-Comum-Curricular-BNCC.pdf, página PDF 165"
EF67LP02,ef-comp-lp,6 | 7,campo_pratica,,ef-comp-lp-catu-campo-jornalistico-midiatico,ef-comp-lp-prat-leitura,,ef-comp-lp-oc-apreciacao-e-replica,"Explorar o espaço reservado ao leitor nos jornais, revistas, impressos e on-line, sites noticiosos etc., destacando notícias, fotorreportagens, entrevistas, charges, assuntos, temas, debates em foco, posicionando-se de maneira ética e respeitosa frente a esses textos e opiniões a eles relacionadas, e publicar notícias, notas jornalísticas, fotorreportagem de interesse geral nesses espaços do leitor.",vigente,"aba Língua Portuguesa, linha 223","Base-Nacional-Comum-Curricular-BNCC.pdf, página PDF 165"
EF67LP03,ef-comp-lp,6 | 7,campo_pratica,,ef-comp-lp-catu-campo-jornalistico-midiatico,ef-comp-lp-prat-leitura,,ef-comp-lp-oc-relacao-entre-textos,"Comparar informações sobre um mesmo fato divulgadas em diferentes veículos e mídias, analisando e avaliando a confiabilidade.",vigente,"aba Língua Portuguesa, linha 224","Base-Nacional-Comum-Curricular-BNCC.pdf, página PDF 165"
EF67LP04,ef-comp-lp,6 | 7,campo_pratica,,ef-comp-lp-catu-campo-jornalistico-midiatico,ef-comp-lp-prat-leitura,,ef-comp-lp-oc-estrategia-de-leitura-distincao-de-fato-e-opiniao,"Distinguir, em segmentos descontínuos de textos, fato da opinião enunciada em relação a esse mesmo fato.",vigente,"aba Língua Portuguesa, linha 225","Base-Nacional-Comum-Curricular-BNCC.pdf, página PDF 165"
EF67LP05,ef-comp-lp,6 | 7,campo_pratica,,ef-comp-lp-catu-campo-jornalistico-midiatico,ef-comp-lp-prat-leitura,,ef-comp-lp-oc-estrategia-de-leitura-identificacao-de-teses-e-argumentos | ef-comp-lp-oc-apreciacao-e-replica,"Identificar e avaliar teses/opiniões/posicionamentos explícitos e argumentos em textos argumentativos (carta de leitor, comentário, artigo de opinião, resenha crítica etc.), manifestando concordância ou discordância.",vigente,"aba Língua Portuguesa, linha 226","Base-Nacional-Comum-Curricular-BNCC.pdf, página PDF 165"
EF67LP06,ef-comp-lp,6 | 7,campo_pratica,,ef-comp-lp-catu-campo-jornalistico-midiatico,ef-comp-lp-prat-leitura,,ef-comp-lp-oc-efeitos-de-sentido,"Identificar os efeitos de sentido provocados pela seleção lexical, topicalização de elementos e seleção e hierarquização de informações, uso de 3ª pessoa etc.",vigente,"aba Língua Portuguesa, linha 227","Base-Nacional-Comum-Curricular-BNCC.pdf, página PDF 165"
EF67LP07,ef-comp-lp,6 | 7,campo_pratica,,ef-comp-lp-catu-campo-jornalistico-midiatico,ef-comp-lp-prat-leitura,,ef-comp-lp-oc-efeitos-de-sentido,"Identificar o uso de recursos persuasivos em textos argumentativos diversos (como a elaboração do título, escolhas lexicais, construções metafóricas, a explicitação ou a ocultação de fontes de informação) e perceber seus efeitos de sentido.",vigente,"aba Língua Portuguesa, linha 228","Base-Nacional-Comum-Curricular-BNCC.pdf, página PDF 165"
EF67LP08,ef-comp-lp,6 | 7,campo_pratica,,ef-comp-lp-catu-campo-jornalistico-midiatico,ef-comp-lp-prat-leitura,,ef-comp-lp-oc-efeitos-de-sentido-exploracao-da-multissemiose,"Identificar os efeitos de sentido devidos à escolha de imagens estáticas, sequenciação ou sobreposição de imagens, definição de figura/fundo, ângulo, profundidade e foco, cores/tonalidades, relação com o escrito (relações de reiteração, complementação ou oposição) etc. em notícias, reportagens, fotorreportagens, foto-denúncias, memes, gifs, anúncios publicitários e propagandas publicados em jornais, revistas, sites na internet etc.",vigente,"aba Língua Portuguesa, linha 229","Base-Nacional-Comum-Curricular-BNCC.pdf, página PDF 167"
EF67LP09,ef-comp-lp,6 | 7,campo_pratica,,ef-comp-lp-catu-campo-jornalistico-midiatico,ef-comp-lp-prat-producao-de-textos,,ef-comp-lp-oc-estrategias-de-producao-planejamento-de-textos-informativos,"Planejar notícia impressa e para circulação em outras mídias (rádio ou TV/vídeo), tendo em vista as condições de produção, do texto – objetivo, leitores/espectadores, veículos e mídia de circulação etc. –, a partir da escolha do fato a ser noticiado (de relevância para a turma, escola ou comunidade), do levantamento de dados e informações sobre o fato – que pode envolver entrevistas com envolvidos ou com especialistas, consultas a fontes, análise de documentos, cobertura de eventos etc.–, do registro dessas informações e dados, da escolha de fotos ou imagens a produzir ou a utilizar etc. e a previsão de uma estrutura hipertextual (no caso de publicação em sites ou blogs noticiosos).",vigente,"aba Língua Portuguesa, linha 230","Base-Nacional-Comum-Curricular-BNCC.pdf, página PDF 167"
EF67LP10,ef-comp-lp,6 | 7,campo_pratica,,ef-comp-lp-catu-campo-jornalistico-midiatico,ef-comp-lp-prat-producao-de-textos,,ef-comp-lp-oc-textualizacao-tendo-em-vista-suas-condicoes-de-producao-as-caracteristicas-do-genero-em-questao-o-estabelecimento-de-coesao | ef-comp-lp-oc-adequacao-a-norma-padrao-e-o-uso-adequado-de-ferramentas-de-edicao,"Produzir notícia impressa tendo em vista características do gênero – título ou manchete com verbo no tempo presente, linha fina (opcional), lide, progressão dada pela ordem decrescente de importância dos fatos, uso de 3ª pessoa, de palavras que indicam precisão –, e o estabelecimento adequado de coesão e produzir notícia para TV, rádio e internet, tendo em vista, além das características do gênero, os recursos de mídias disponíveis e o manejo de recursos de captação e edição de áudio e imagem.",vigente,"aba Língua Portuguesa, linha 231","Base-Nacional-Comum-Curricular-BNCC.pdf, página PDF 167"
EF67LP11,ef-comp-lp,6 | 7,campo_pratica,,ef-comp-lp-catu-campo-jornalistico-midiatico,ef-comp-lp-prat-producao-de-textos,,ef-comp-lp-oc-estrategias-de-producao-planejamento-de-textos-argumentativos-e-apreciativos,"Planejar resenhas, vlogs, vídeos e podcasts variados, e textos e vídeos de apresentação e apreciação próprios das culturas juvenis (algumas possibilidades: fanzines, fanclipes, e-zines, gameplay, detonado etc.), dentre outros, tendo em vista as condições de produção do texto – objetivo, leitores/espectadores, veículos e mídia de circulação etc. –, a partir da escolha de uma produção ou evento cultural para analisar – livro, filme, série, game, canção, videoclipe, fanclipe, show, saraus, slams etc. – da busca de informação sobre a produção ou evento escolhido, da síntese de informações sobre a obra/evento e do elenco/seleção de aspectos, elementos ou recursos que possam ser destacados positiva ou negativamente ou da roteirização do passo a passo do game para posterior gravação dos vídeos.",vigente,"aba Língua Portuguesa, linha 232","Base-Nacional-Comum-Curricular-BNCC.pdf, página PDF 167"
EF67LP12,ef-comp-lp,6 | 7,campo_pratica,,ef-comp-lp-catu-campo-jornalistico-midiatico,ef-comp-lp-prat-producao-de-textos,,ef-comp-lp-oc-textualizacao-de-textos-argumentativos-e-apreciativos,"Produzir resenhas críticas, vlogs, vídeos, podcasts variados e produções e gêneros próprios das culturas juvenis (algumas possibilidades: fanzines, fanclipes, e-zines, gameplay, detonado etc.), que apresentem/descrevam e/ou avaliem produções culturais (livro, filme, série, game, canção, disco, videoclipe etc.) ou evento (show, sarau, slam etc.), tendo em vista o contexto de produção dado, as características do gênero, os recursos das mídias envolvidas e a textualização adequada dos textos e/ou produções.",vigente,"aba Língua Portuguesa, linha 233","Base-Nacional-Comum-Curricular-BNCC.pdf, página PDF 167"
EF67LP13,ef-comp-lp,6 | 7,campo_pratica,,ef-comp-lp-catu-campo-jornalistico-midiatico,ef-comp-lp-prat-producao-de-textos,,ef-comp-lp-oc-producao-e-edicao-de-textos-publicitarios,"Produzir, revisar e editar textos publicitários, levando em conta o contexto de produção dado, explorando recursos multissemióticos, relacionando elementos verbais e visuais, utilizando adequadamente estratégias discursivas de persuasão e/ou convencimento e criando título ou slogan que façam o leitor motivar-se a interagir com o texto produzido e se sinta atraído pelo serviço, ideia ou produto em questão.",vigente,"aba Língua Portuguesa, linha 234","Base-Nacional-Comum-Curricular-BNCC.pdf, página PDF 167"
EF67LP14,ef-comp-lp,6 | 7,campo_pratica,,ef-comp-lp-catu-campo-jornalistico-midiatico,ef-comp-lp-prat-oralidade,,ef-comp-lp-oc-planejamento-e-producao-de-entrevistas-orais,"Definir o contexto de produção da entrevista (objetivos, o que se pretende conseguir, porque aquele entrevistado etc.), levantar informações sobre o entrevistado e sobre o acontecimento ou tema em questão, preparar o roteiro de perguntar e realizar entrevista oral com envolvidos ou especialistas relacionados com o fato noticiado ou com o tema em pauta, usando roteiro previamente elaborado e formulando outras perguntas a partir das respostas dadas e, quando for o caso, selecionar partes, transcrever e proceder a uma edição escrita do texto, adequando-o a seu contexto de publicação, à construção composicional do gênero e garantindo a relevância das informações mantidas e a continuidade temática.",vigente,"aba Língua Portuguesa, linha 235","Base-Nacional-Comum-Curricular-BNCC.pdf, página PDF 169"
EF67LP15,ef-comp-lp,6 | 7,campo_pratica,,ef-comp-lp-catu-campo-de-atuacao-na-vida-publica,ef-comp-lp-prat-leitura,,ef-comp-lp-oc-estrategias-e-procedimentos-de-leitura-em-textos-legais-e-normativos,"Identificar a proibição imposta ou o direito garantido, bem como as circunstâncias de sua aplicação, em artigos relativos a normas, regimentos escolares, regimentos e estatutos da sociedade civil, regulamentações para o mercado publicitário, Código de Defesa do Consumidor, Código Nacional de Trânsito, ECA, Constituição, dentre outros.",vigente,"aba Língua Portuguesa, linha 236","Base-Nacional-Comum-Curricular-BNCC.pdf, página PDF 169"
EF67LP16,ef-comp-lp,6 | 7,campo_pratica,,ef-comp-lp-catu-campo-de-atuacao-na-vida-publica,ef-comp-lp-prat-leitura,,ef-comp-lp-oc-contexto-de-producao-circulacao-e-recepcao-de-textos-e-praticas-relacionadas-a-defesa-de-direitos-e-a-participacao-social,"Explorar e analisar espaços de reclamação de direitos e de envio de solicitações (tais como ouvidorias, SAC, canais ligados a órgãos públicos, plataformas do consumidor, plataformas de reclamação), bem como de textos pertencentes a gêneros que circulam nesses espaços, reclamação ou carta de reclamação, solicitação ou carta de solicitação, como forma de ampliar as possibilidades de produção desses textos em casos que remetam a reivindicações que envolvam a escola, a comunidade ou algum de seus membros como forma de se engajar na busca de solução de problemas pessoais, dos outros e coletivos.",vigente,"aba Língua Portuguesa, linha 237","Base-Nacional-Comum-Curricular-BNCC.pdf, página PDF 169"
EF67LP17,ef-comp-lp,6 | 7,campo_pratica,,ef-comp-lp-catu-campo-de-atuacao-na-vida-publica,ef-comp-lp-prat-leitura,,ef-comp-lp-oc-relacao-entre-contexto-de-producao-e-caracteristicas-composicionais-e-estilisticas-dos-generos-carta-de-solicitacao-carta-de-reclamacao-peticao-on-line-carta-aberta-abaixo-assinado-proposta-etc | ef-comp-lp-oc-apreciacao-e-replica,"Analisar, a partir do contexto de produção, a forma de organização das cartas de solicitação e de reclamação (datação, forma de início, apresentação contextualizada do pedido ou da reclamação, em geral, acompanhada de explicações, argumentos e/ou relatos do problema, fórmula de finalização mais ou menos cordata, dependendo do tipo de carta e subscrição) e algumas das marcas linguísticas relacionadas à argumentação, explicação ou relato de fatos, como forma de possibilitar a escrita fundamentada de cartas como essas ou de postagens em canais próprios de reclamações e solicitações em situações que envolvam questões relativas à escola, à comunidade ou a algum dos seus membros.",vigente,"aba Língua Portuguesa, linha 238","Base-Nacional-Comum-Curricular-BNCC.pdf, página PDF 169"
EF67LP18,ef-comp-lp,6 | 7,campo_pratica,,ef-comp-lp-catu-campo-de-atuacao-na-vida-publica,ef-comp-lp-prat-leitura,,ef-comp-lp-oc-estrategias-procedimentos-de-leitura-em-textos-reivindicatorios-ou-propositivos,"Identificar o objeto da reclamação e/ou da solicitação e sua sustentação, explicação ou justificativa, de forma a poder analisar a pertinência da solicitação ou justificação.",vigente,"aba Língua Portuguesa, linha 239","Base-Nacional-Comum-Curricular-BNCC.pdf, página PDF 169"
EF67LP19,ef-comp-lp,6 | 7,campo_pratica,,ef-comp-lp-catu-campo-de-atuacao-na-vida-publica,ef-comp-lp-prat-producao-de-textos,,ef-comp-lp-oc-estrategia-de-producao-planejamento-de-textos-reivindicatorios-ou-propositivos,"Realizar levantamento de questões, problemas que requeiram a denúncia de desrespeito a direitos, reivindicações, reclamações, solicitações que contemplem a comunidade escolar ou algum de seus membros e examinar normas e legislações.",vigente,"aba Língua Portuguesa, linha 240","Base-Nacional-Comum-Curricular-BNCC.pdf, página PDF 169"
EF67LP20,ef-comp-lp,6 | 7,campo_pratica,,ef-comp-lp-catu-campo-das-praticas-de-estudo-e-pesquisa,ef-comp-lp-prat-leitura,,ef-comp-lp-oc-curadoria-de-informacao,"Realizar pesquisa, a partir de recortes e questões definidos previamente, usando fontes indicadas e abertas.",vigente,"aba Língua Portuguesa, linha 241","Base-Nacional-Comum-Curricular-BNCC.pdf, página PDF 171"
EF67LP21,ef-comp-lp,6 | 7,campo_pratica,,ef-comp-lp-catu-campo-das-praticas-de-estudo-e-pesquisa,ef-comp-lp-prat-producao-de-textos,,ef-comp-lp-oc-estrategias-de-escrita-textualizacao-revisao-e-edicao,"Divulgar resultados de pesquisas por meio de apresentações orais, painéis, artigos de divulgação científica, verbetes de enciclopédia, podcasts científicos etc.",vigente,"aba Língua Portuguesa, linha 242","Base-Nacional-Comum-Curricular-BNCC.pdf, página PDF 171"
EF67LP22,ef-comp-lp,6 | 7,campo_pratica,,ef-comp-lp-catu-campo-das-praticas-de-estudo-e-pesquisa,ef-comp-lp-prat-producao-de-textos,,ef-comp-lp-oc-estrategias-de-escrita-textualizacao-revisao-e-edicao,"Produzir resumos, a partir das notas e/ou esquemas feitos, com o uso adequado de paráfrases e citações.",vigente,"aba Língua Portuguesa, linha 243","Base-Nacional-Comum-Curricular-BNCC.pdf, página PDF 171"
EF67LP23,ef-comp-lp,6 | 7,campo_pratica,,ef-comp-lp-catu-campo-das-praticas-de-estudo-e-pesquisa,ef-comp-lp-prat-oralidade,,ef-comp-lp-oc-conversacao-espontanea,"Respeitar os turnos de fala, na participação em conversações e em discussões ou atividades coletivas, na sala de aula e na escola e formular perguntas coerentes e adequadas em momentos oportunos em situações de aulas, apresentação oral, seminário etc.",vigente,"aba Língua Portuguesa, linha 244","Base-Nacional-Comum-Curricular-BNCC.pdf, página PDF 171"
EF67LP24,ef-comp-lp,6 | 7,campo_pratica,,ef-comp-lp-catu-campo-das-praticas-de-estudo-e-pesquisa,ef-comp-lp-prat-oralidade,,ef-comp-lp-oc-procedimentos-de-apoio-a-compreensao-tomada-de-nota,"Tomar nota de aulas, apresentações orais, entrevistas (ao vivo, áudio, TV, vídeo), identificando e hierarquizando as informações principais, tendo em vista apoiar o estudo e a produção de sínteses e reflexões pessoais ou outros objetivos em questão.",vigente,"aba Língua Portuguesa, linha 245","Base-Nacional-Comum-Curricular-BNCC.pdf, página PDF 171"
EF67LP25,ef-comp-lp,6 | 7,campo_pratica,,ef-comp-lp-catu-campo-das-praticas-de-estudo-e-pesquisa,ef-comp-lp-prat-analise-linguistica-semiotica,,ef-comp-lp-oc-textualizacao-progressao-tematica,"Reconhecer e utilizar os critérios de organização tópica (do geral para o específico, do específico para o geral etc.), as marcas linguísticas dessa organização (marcadores de ordenação e enumeração, de explicação, definição e exemplificação, por exemplo) e os mecanismos de paráfrase, de maneira a organizar mais adequadamente a coesão e a progressão temática de seus textos.",vigente,"aba Língua Portuguesa, linha 246","Base-Nacional-Comum-Curricular-BNCC.pdf, página PDF 171"
EF67LP26,ef-comp-lp,6 | 7,campo_pratica,,ef-comp-lp-catu-campo-das-praticas-de-estudo-e-pesquisa,ef-comp-lp-prat-analise-linguistica-semiotica,,ef-comp-lp-oc-textualizacao,Reconhecer a estrutura de hipertexto em textos de divulgação científica e proceder à remissão a conceitos e relações por meio de notas de rodapés ou boxes.,vigente,"aba Língua Portuguesa, linha 247","Base-Nacional-Comum-Curricular-BNCC.pdf, página PDF 171"
EF67LP27,ef-comp-lp,6 | 7,campo_pratica,,ef-comp-lp-catu-campo-artistico-literario,ef-comp-lp-prat-leitura,,ef-comp-lp-oc-relacao-entre-textos,"Analisar, entre os textos literários e entre estes e outras manifestações artísticas (como cinema, teatro, música, artes visuais e midiáticas), referências explícitas ou implícitas a outros textos, quanto aos temas, personagens e recursos literários e semióticos",vigente,"aba Língua Portuguesa, linha 248","Base-Nacional-Comum-Curricular-BNCC.pdf, página PDF 171"
EF67LP28,ef-comp-lp,6 | 7,campo_pratica,,ef-comp-lp-catu-campo-artistico-literario,ef-comp-lp-prat-leitura,,ef-comp-lp-oc-estrategias-de-leitura-apreciacao-e-replica,"Ler, de forma autônoma, e compreender – selecionando procedimentos e estratégias de leitura adequados a diferentes objetivos e levando em conta características dos gêneros e suportes –, romances infantojuvenis, contos populares, contos de terror, lendas brasileiras, indígenas e africanas, narrativas de aventuras, narrativas de enigma, mitos, crônicas, autobiografias, histórias em quadrinhos, mangás, poemas de forma livre e fixa (como sonetos e cordéis), vídeo-poemas, poemas visuais, dentre outros, expressando avaliação sobre o texto lido e estabelecendo preferências por gêneros, temas, autores.",vigente,"aba Língua Portuguesa, linha 249","Base-Nacional-Comum-Curricular-BNCC.pdf, página PDF 171"
EF67LP29,ef-comp-lp,6 | 7,campo_pratica,,ef-comp-lp-catu-campo-artistico-literario,ef-comp-lp-prat-leitura,,ef-comp-lp-oc-reconstrucao-da-textualidade | ef-comp-lp-oc-efeitos-de-sentidos-provocados-pelos-usos-de-recursos-linguisticos-e-multissemioticos,"Identificar, em texto dramático, personagem, ato, cena, fala e indicações cênicas e a organização do texto: enredo, conflitos, ideias principais, pontos de vista, universos de referência.",vigente,"aba Língua Portuguesa, linha 250","Base-Nacional-Comum-Curricular-BNCC.pdf, página PDF 171"
EF67LP30,ef-comp-lp,6 | 7,campo_pratica,,ef-comp-lp-catu-campo-artistico-literario,ef-comp-lp-prat-producao-de-textos,,ef-comp-lp-oc-construcao-da-textualidade-relacao-entre-textos,"Criar narrativas ficcionais, tais como contos populares, contos de suspense, mistério, terror, humor, narrativas de enigma, crônicas, histórias em quadrinhos, dentre outros, que utilizem cenários e personagens realistas ou de fantasia, observando os elementos da estrutura narrativa próprios ao gênero pretendido, tais como enredo, personagens, tempo, espaço e narrador, utilizando tempos verbais adequados à narração de fatos passados, empregando conhecimentos sobre diferentes modos de se iniciar uma história e de inserir os discursos direto e indireto.",vigente,"aba Língua Portuguesa, linha 251","Base-Nacional-Comum-Curricular-BNCC.pdf, página PDF 173"
EF67LP31,ef-comp-lp,6 | 7,campo_pratica,,ef-comp-lp-catu-campo-artistico-literario,ef-comp-lp-prat-producao-de-textos,,ef-comp-lp-oc-construcao-da-textualidade-relacao-entre-textos,"Criar poemas compostos por versos livres e de forma fixa (como quadras e sonetos), utilizando recursos visuais, semânticos e sonoros, tais como cadências, ritmos e rimas, e poemas visuais e vídeo-poemas, explorando as relações entre imagem e texto verbal, a distribuição da mancha gráfica (poema visual) e outros recursos visuais e sonoros.",vigente,"aba Língua Portuguesa, linha 252","Base-Nacional-Comum-Curricular-BNCC.pdf, página PDF 173"
EF67LP32,ef-comp-lp,6 | 7,campo_pratica,,ef-comp-lp-catu-todos-os-campos-de-atuacao,ef-comp-lp-prat-analise-linguistica-semiotica,,ef-comp-lp-oc-fono-ortografia,"Escrever palavras com correção ortográfica, obedecendo as convenções da língua escrita.",vigente,"aba Língua Portuguesa, linha 253","Base-Nacional-Comum-Curricular-BNCC.pdf, página PDF 173"
EF67LP33,ef-comp-lp,6 | 7,campo_pratica,,ef-comp-lp-catu-todos-os-campos-de-atuacao,ef-comp-lp-prat-analise-linguistica-semiotica,,ef-comp-lp-oc-elementos-notacionais-da-escrita,Pontuar textos adequadamente.,vigente,"aba Língua Portuguesa, linha 254","Base-Nacional-Comum-Curricular-BNCC.pdf, página PDF 173"
EF67LP34,ef-comp-lp,6 | 7,campo_pratica,,ef-comp-lp-catu-todos-os-campos-de-atuacao,ef-comp-lp-prat-analise-linguistica-semiotica,,ef-comp-lp-oc-lexico-morfologia,Formar antônimos com acréscimo de prefixos que expressam noção de negação.,vigente,"aba Língua Portuguesa, linha 255","Base-Nacional-Comum-Curricular-BNCC.pdf, página PDF 173"
EF67LP35,ef-comp-lp,6 | 7,campo_pratica,,ef-comp-lp-catu-todos-os-campos-de-atuacao,ef-comp-lp-prat-analise-linguistica-semiotica,,ef-comp-lp-oc-lexico-morfologia,Distinguir palavras derivadas por acréscimo de afixos e palavras compostas.,vigente,"aba Língua Portuguesa, linha 256","Base-Nacional-Comum-Curricular-BNCC.pdf, página PDF 173"
EF67LP36,ef-comp-lp,6 | 7,campo_pratica,,ef-comp-lp-catu-todos-os-campos-de-atuacao,ef-comp-lp-prat-analise-linguistica-semiotica,,ef-comp-lp-oc-coesao,"Utilizar, ao produzir texto, recursos de coesão referencial (léxica e pronominal) e sequencial e outros recursos expressivos adequados ao gênero textual.",vigente,"aba Língua Portuguesa, linha 257","Base-Nacional-Comum-Curricular-BNCC.pdf, página PDF 177"
EF67LP37,ef-comp-lp,6 | 7,campo_pratica,,ef-comp-lp-catu-todos-os-campos-de-atuacao,ef-comp-lp-prat-analise-linguistica-semiotica,,ef-comp-lp-oc-sequencias-textuais,"Analisar, em diferentes textos, os efeitos de sentido decorrentes do uso de recursos linguístico-discursivos de prescrição, causalidade, sequências descritivas e expositivas e ordenação de eventos.",vigente,"aba Língua Portuguesa, linha 258","Base-Nacional-Comum-Curricular-BNCC.pdf, página PDF 177"
EF67LP38,ef-comp-lp,6 | 7,campo_pratica,,ef-comp-lp-catu-todos-os-campos-de-atuacao,ef-comp-lp-prat-analise-linguistica-semiotica,,ef-comp-lp-oc-figuras-de-linguagem,"Analisar os efeitos de sentido do uso de figuras de linguagem, como comparação, metáfora, metonímia, personificação, hipérbole, dentre outras.",vigente,"aba Língua Portuguesa, linha 259","Base-Nacional-Comum-Curricular-BNCC.pdf, página PDF 177"
EF69LP01,ef-comp-lp,6 | 7 | 8 | 9,campo_pratica,,ef-comp-lp-catu-campo-jornalistico-midiatico,ef-comp-lp-prat-leitura,,ef-comp-lp-oc-apreciacao-e-replica | ef-comp-lp-oc-relacao-entre-generos-e-midias,"Diferenciar liberdade de expressão de discursos de ódio, posicionando-se contrariamente a esse tipo de discurso e vislumbrando possibilidades de denúncia quando for o caso.",vigente,"aba Língua Portuguesa, linha 260","Base-Nacional-Comum-Curricular-BNCC.pdf, página PDF 143"
EF69LP02,ef-comp-lp,6 | 7 | 8 | 9,campo_pratica,,ef-comp-lp-catu-campo-jornalistico-midiatico,ef-comp-lp-prat-leitura,,ef-comp-lp-oc-apreciacao-e-replica | ef-comp-lp-oc-relacao-entre-generos-e-midias,"Analisar e comparar peças publicitárias variadas (cartazes, folhetos, outdoor, anúncios e propagandas em diferentes mídias, spots, jingle, vídeos etc.), de forma a perceber a articulação entre elas em campanhas, as especificidades das várias semioses e mídias, a adequação dessas peças ao público-alvo, aos objetivos do anunciante e/ou da campanha e à construção composicional e estilo dos gêneros em questão, como forma de ampliar suas possibilidades de compreensão (e produção) de textos pertencentes a esses gêneros.",vigente,"aba Língua Portuguesa, linha 261","Base-Nacional-Comum-Curricular-BNCC.pdf, página PDF 143"
EF69LP03,ef-comp-lp,6 | 7 | 8 | 9,campo_pratica,,ef-comp-lp-catu-campo-jornalistico-midiatico,ef-comp-lp-prat-leitura,,ef-comp-lp-oc-estrategia-de-leitura-apreender-os-sentidos-globais-do-texto,"Identificar, em notícias, o fato central, suas principais circunstâncias e eventuais decorrências; em reportagens e fotorreportagens o fato ou a temática retratada e a perspectiva de abordagem, em entrevistas os principais temas/subtemas abordados, explicações dadas ou teses defendidas em relação a esses subtemas; em tirinhas, memes, charge, a crítica, ironia ou humor presente.",vigente,"aba Língua Portuguesa, linha 262","Base-Nacional-Comum-Curricular-BNCC.pdf, página PDF 143"
EF69LP04,ef-comp-lp,6 | 7 | 8 | 9,campo_pratica,,ef-comp-lp-catu-campo-jornalistico-midiatico,ef-comp-lp-prat-leitura,,ef-comp-lp-oc-efeitos-de-sentido,"Identificar e analisar os efeitos de sentido que fortalecem a persuasão nos textos publicitários, relacionando as estratégias de persuasão e apelo ao consumo com os recursos linguístico-discursivos utilizados, como imagens, tempo verbal, jogos de palavras, figuras de linguagem etc., com vistas a fomentar práticas de consumo conscientes.",vigente,"aba Língua Portuguesa, linha 263","Base-Nacional-Comum-Curricular-BNCC.pdf, página PDF 143"
EF69LP05,ef-comp-lp,6 | 7 | 8 | 9,campo_pratica,,ef-comp-lp-catu-campo-jornalistico-midiatico,ef-comp-lp-prat-leitura,,ef-comp-lp-oc-efeitos-de-sentido,"Inferir e justificar, em textos multissemióticos – tirinhas, charges, memes, gifs etc. –, o efeito de humor, ironia e/ou crítica pelo uso ambíguo de palavras, expressões ou imagens ambíguas, de clichês, de recursos iconográficos, de pontuação etc.",vigente,"aba Língua Portuguesa, linha 264","Base-Nacional-Comum-Curricular-BNCC.pdf, página PDF 143"
EF69LP06,ef-comp-lp,6 | 7 | 8 | 9,campo_pratica,,ef-comp-lp-catu-campo-jornalistico-midiatico,ef-comp-lp-prat-producao-de-textos,,ef-comp-lp-oc-relacao-do-texto-com-o-contexto-de-producao-e-experimentacao-de-papeis-sociais,"Produzir e publicar notícias, fotodenúncias, fotorreportagens, reportagens, reportagens multimidiáticas, infográficos, podcasts noticiosos, entrevistas, cartas de leitor, comentários, artigos de opinião de interesse local ou global, textos de apresentação e apreciação de produção cultural – resenhas e outros próprios das formas de expressão das culturas juvenis, tais como vlogs e podcasts culturais, gameplay, detonado etc.– e cartazes, anúncios, propagandas, spots, jingles de campanhas sociais, dentre outros em várias mídias, vivenciando de forma significativa o papel de repórter, de comentador, de analista, de crítico, de editor ou articulista, de booktuber, de vlogger (vlogueiro) etc., como forma de compreender as condições de produção que envolvem a circulação desses textos e poder participar e vislumbrar possibilidades de participação nas práticas de linguagem do campo jornalístico e do campo midiático de forma ética e responsável, levando-se em consideração o contexto da Web 2.0, que amplia a possibilidade de circulação desses textos e “funde” os papéis de leitor e autor, de consumidor e produtor.",vigente,"aba Língua Portuguesa, linha 265","Base-Nacional-Comum-Curricular-BNCC.pdf, página PDF 145"
EF69LP07,ef-comp-lp,6 | 7 | 8 | 9,campo_pratica,,ef-comp-lp-catu-campo-jornalistico-midiatico,ef-comp-lp-prat-producao-de-textos,,ef-comp-lp-oc-textualizacao,"Produzir textos em diferentes gêneros, considerando sua adequação ao contexto produção e circulação – os enunciadores envolvidos, os objetivos, o gênero, o suporte, a circulação -, ao modo (escrito ou oral; imagem estática ou em movimento etc.), à variedade linguística e/ou semiótica apropriada a esse contexto, à construção da textualidade relacionada às propriedades textuais e do gênero), utilizando estratégias de planejamento, elaboração, revisão, edição, reescrita/redesign e avaliação de textos, para, com a ajuda do professor e a colaboração dos colegas, corrigir e aprimorar as produções realizadas, fazendo cortes, acréscimos, reformulações, correções de concordância, ortografia, pontuação em textos e editando imagens, arquivos sonoros, fazendo cortes, acréscimos, ajustes, acrescentando/ alterando efeitos, ordenamentos etc.",vigente,"aba Língua Portuguesa, linha 266","Base-Nacional-Comum-Curricular-BNCC.pdf, página PDF 145"
EF69LP08,ef-comp-lp,6 | 7 | 8 | 9,campo_pratica,,ef-comp-lp-catu-campo-jornalistico-midiatico,ef-comp-lp-prat-producao-de-textos,,ef-comp-lp-oc-revisao-edicao-de-texto-informativo-e-opinativo,"Revisar/editar o texto produzido – notícia, reportagem, resenha, artigo de opinião, dentre outros –, tendo em vista sua adequação ao contexto de produção, a mídia em questão, características do gênero, aspectos relativos à textualidade, a relação entre as diferentes semioses, a formatação e uso adequado das ferramentas de edição (de texto, foto, áudio e vídeo, dependendo do caso) e adequação à norma culta.",vigente,"aba Língua Portuguesa, linha 267","Base-Nacional-Comum-Curricular-BNCC.pdf, página PDF 145"
EF69LP09,ef-comp-lp,6 | 7 | 8 | 9,campo_pratica,,ef-comp-lp-catu-campo-jornalistico-midiatico,ef-comp-lp-prat-producao-de-textos,,ef-comp-lp-oc-planejamento-de-textos-de-pecas-publicitarias-de-campanhas-sociais,"Planejar uma campanha publicitária sobre questões/problemas, temas, causas significativas para a escola e/ou comunidade, a partir de um levantamento de material sobre o tema ou evento, da definição do público-alvo, do texto ou peça a ser produzido – cartaz, banner, folheto, panfleto, anúncio impresso e para internet, spot, propaganda de rádio, TV etc. –, da ferramenta de edição de texto, áudio ou vídeo que será utilizada, do recorte e enfoque a ser dado, das estratégias de persuasão que serão utilizadas etc.",vigente,"aba Língua Portuguesa, linha 268","Base-Nacional-Comum-Curricular-BNCC.pdf, página PDF 145"
EF69LP10,ef-comp-lp,6 | 7 | 8 | 9,campo_pratica,,ef-comp-lp-catu-campo-jornalistico-midiatico,ef-comp-lp-prat-oralidade-considerar-todas-as-habilidades-dos-eixos-leitura-e-producao-que-se-referem-a-textos-ou-producoes-orais-em-audio-ou-video,,ef-comp-lp-oc-producao-de-textos-jornalisticos-orais,"Produzir notícias para rádios, TV ou vídeos, podcasts noticiosos e de opinião, entrevistas, comentários, vlogs, jornais radiofônicos e televisivos, dentre outros possíveis, relativos a fato e temas de interesse pessoal, local ou global e textos orais de apreciação e opinião – podcasts e vlogs noticiosos, culturais e de opinião, orientando-se por roteiro ou texto, considerando o contexto de produção e demonstrando domínio dos gêneros.",vigente,"aba Língua Portuguesa, linha 269","Base-Nacional-Comum-Curricular-BNCC.pdf, página PDF 145"
EF69LP11,ef-comp-lp,6 | 7 | 8 | 9,campo_pratica,,ef-comp-lp-catu-campo-jornalistico-midiatico,ef-comp-lp-prat-oralidade-considerar-todas-as-habilidades-dos-eixos-leitura-e-producao-que-se-referem-a-textos-ou-producoes-orais-em-audio-ou-video,,ef-comp-lp-oc-producao-de-textos-jornalisticos-orais,"Identificar e analisar posicionamentos defendidos e refutados na escuta de interações polêmicas em entrevistas, discussões e debates (televisivo, em sala de aula, em redes sociais etc.), entre outros, e se posicionar frente a eles.",vigente,"aba Língua Portuguesa, linha 270","Base-Nacional-Comum-Curricular-BNCC.pdf, página PDF 145"
EF69LP12,ef-comp-lp,6 | 7 | 8 | 9,campo_pratica,,ef-comp-lp-catu-campo-jornalistico-midiatico,ef-comp-lp-prat-oralidade-considerar-todas-as-habilidades-dos-eixos-leitura-e-producao-que-se-referem-a-textos-ou-producoes-orais-em-audio-ou-video,,ef-comp-lp-oc-planejamento-e-producao-de-textos-jornalisticos-orais,"Desenvolver estratégias de planejamento, elaboração, revisão, edição, reescrita/ redesign (esses três últimos quando não for situação ao vivo) e avaliação de textos orais, áudio e/ou vídeo, considerando sua adequação aos contextos em que foram produzidos, à forma composicional e estilo de gêneros, a clareza, progressão temática e variedade linguística empregada, os elementos relacionados à fala, tais como modulação de voz, entonação, ritmo, altura e intensidade, respiração etc., os elementos cinésicos, tais como postura corporal, movimentos e gestualidade significativa, expressão facial, contato de olho com plateia etc.",vigente,"aba Língua Portuguesa, linha 271","Base-Nacional-Comum-Curricular-BNCC.pdf, página PDF 147"
EF69LP13,ef-comp-lp,6 | 7 | 8 | 9,campo_pratica,,ef-comp-lp-catu-campo-jornalistico-midiatico,ef-comp-lp-prat-oralidade,,ef-comp-lp-oc-participacao-em-discussoes-orais-de-temas-controversos-de-interesse-da-turma-e-ou-de-relevancia-social,"Engajar-se e contribuir com a busca de conclusões comuns relativas a problemas, temas ou questões polêmicas de interesse da turma e/ou de relevância social.",vigente,"aba Língua Portuguesa, linha 272","Base-Nacional-Comum-Curricular-BNCC.pdf, página PDF 147"
EF69LP14,ef-comp-lp,6 | 7 | 8 | 9,campo_pratica,,ef-comp-lp-catu-campo-jornalistico-midiatico,ef-comp-lp-prat-oralidade,,ef-comp-lp-oc-participacao-em-discussoes-orais-de-temas-controversos-de-interesse-da-turma-e-ou-de-relevancia-social,"Formular perguntas e decompor, com a ajuda dos colegas e dos professores, tema/questão polêmica, explicações e ou argumentos relativos ao objeto de discussão para análise mais minuciosa e buscar em fontes diversas informações ou dados que permitam analisar partes da questão e compartilhá-los com a turma.",vigente,"aba Língua Portuguesa, linha 273","Base-Nacional-Comum-Curricular-BNCC.pdf, página PDF 147"
EF69LP15,ef-comp-lp,6 | 7 | 8 | 9,campo_pratica,,ef-comp-lp-catu-campo-jornalistico-midiatico,ef-comp-lp-prat-oralidade,,ef-comp-lp-oc-participacao-em-discussoes-orais-de-temas-controversos-de-interesse-da-turma-e-ou-de-relevancia-social,"Apresentar argumentos e contra-argumentos coerentes, respeitando os turnos de fala, na participação em discussões sobre temas controversos e/ou polêmicos.",vigente,"aba Língua Portuguesa, linha 274","Base-Nacional-Comum-Curricular-BNCC.pdf, página PDF 147"
EF69LP16,ef-comp-lp,6 | 7 | 8 | 9,campo_pratica,,ef-comp-lp-catu-campo-jornalistico-midiatico,ef-comp-lp-prat-analise-linguistica-semiotica,,ef-comp-lp-oc-construcao-composicional,"Analisar e utilizar as formas de composição dos gêneros jornalísticos da ordem do relatar, tais como notícias (pirâmide invertida no impresso X blocos noticiosos hipertextuais e hipermidiáticos no digital, que também pode contar com imagens de vários tipos, vídeos, gravações de áudio etc.), da ordem do argumentar, tais como artigos de opinião e editorial (contextualização, defesa de tese/opinião e uso de argumentos) e das entrevistas: apresentação e contextualização do entrevistado e do tema, estrutura pergunta e resposta etc.",vigente,"aba Língua Portuguesa, linha 275","Base-Nacional-Comum-Curricular-BNCC.pdf, página PDF 147"
EF69LP17,ef-comp-lp,6 | 7 | 8 | 9,campo_pratica,,ef-comp-lp-catu-campo-jornalistico-midiatico,ef-comp-lp-prat-analise-linguistica-semiotica,,ef-comp-lp-oc-estilo,"Perceber e analisar os recursos estilísticos e semióticos dos gêneros jornalísticos e publicitários, os aspectos relativos ao tratamento da informação em notícias, como a ordenação dos eventos, as escolhas lexicais, o efeito de imparcialidade do relato, a morfologia do verbo, em textos noticiosos e argumentativos, reconhecendo marcas de pessoa, número, tempo, modo, a distribuição dos verbos nos gêneros textuais (por exemplo, as formas de pretérito em relatos; as formas de presente e futuro em gêneros argumentativos; as formas de imperativo em gêneros publicitários), o uso de recursos persuasivos em textos argumentativos diversos (como a elaboração do título, escolhas lexicais, construções metafóricas, a explicitação ou a ocultação de fontes de informação) e as estratégias de persuasão e apelo ao consumo com os recursos linguístico-discursivos utilizados (tempo verbal, jogos de palavras, metáforas, imagens).",vigente,"aba Língua Portuguesa, linha 276","Base-Nacional-Comum-Curricular-BNCC.pdf, página PDF 147"
EF69LP18,ef-comp-lp,6 | 7 | 8 | 9,campo_pratica,,ef-comp-lp-catu-campo-jornalistico-midiatico,ef-comp-lp-prat-analise-linguistica-semiotica,,ef-comp-lp-oc-estilo,"Utilizar, na escrita/reescrita de textos argumentativos, recursos linguísticos que marquem as relações de sentido entre parágrafos e enunciados do texto e operadores de conexão adequados aos tipos de argumento e à forma de composição de textos argumentativos, de maneira a garantir a coesão, a coerência e a progressão temática nesses textos (“primeiramente, mas, no entanto, em primeiro/segundo/terceiro lugar, finalmente, em conclusão” etc.).",vigente,"aba Língua Portuguesa, linha 277","Base-Nacional-Comum-Curricular-BNCC.pdf, página PDF 147"
EF69LP19,ef-comp-lp,6 | 7 | 8 | 9,campo_pratica,,ef-comp-lp-catu-campo-jornalistico-midiatico,ef-comp-lp-prat-analise-linguistica-semiotica,,ef-comp-lp-oc-efeito-de-sentido,"Analisar, em gêneros orais que envolvam argumentação, os efeitos de sentido de elementos típicos da modalidade falada, como a pausa, a entonação, o ritmo, a gestualidade e expressão facial, as hesitações etc.",vigente,"aba Língua Portuguesa, linha 278","Base-Nacional-Comum-Curricular-BNCC.pdf, página PDF 147"
EF69LP20,ef-comp-lp,6 | 7 | 8 | 9,campo_pratica,,ef-comp-lp-catu-campo-de-atuacao-na-vida-publica,ef-comp-lp-prat-leitura,,ef-comp-lp-oc-reconstrucao-das-condicoes-de-producao-e-circulacao-e-adequacao-do-texto-a-construcao-composicional-e-ao-estilo-de-genero | ef-comp-lp-oc-lei-codigo-estatuto-codigo-regimento-etc,"Identificar, tendo em vista o contexto de produção, a forma de organização dos textos normativos e legais, a lógica de hierarquização de seus itens e subitens e suas partes: parte inicial (título – nome e data – e ementa), blocos de artigos (parte, livro, capítulo, seção, subseção), artigos (caput e parágrafos e incisos) e parte final (disposições pertinentes à sua implementação) e analisar efeitos de sentido causados pelo uso de vocabulário técnico, pelo uso do imperativo, de palavras e expressões que indicam circunstâncias, como advérbios e locuções adverbiais, de palavras que indicam generalidade, como alguns pronomes indefinidos, de forma a poder compreender o caráter imperativo, coercitivo e generalista das leis e de outras formas de regulamentação.",vigente,"aba Língua Portuguesa, linha 279","Base-Nacional-Comum-Curricular-BNCC.pdf, página PDF 149"
EF69LP21,ef-comp-lp,6 | 7 | 8 | 9,campo_pratica,,ef-comp-lp-catu-campo-de-atuacao-na-vida-publica,ef-comp-lp-prat-leitura,,ef-comp-lp-oc-apreciacao-e-replica,"Posicionar-se em relação a conteúdos veiculados em práticas não institucionalizadas de participação social, sobretudo àquelas vinculadas a manifestações artísticas, produções culturais, intervenções urbanas e práticas próprias das culturas juvenis que pretendam denunciar, expor uma problemática ou “convocar” para uma reflexão/ação, relacionando esse texto/produção com seu contexto de produção e relacionando as partes e semioses presentes para a construção de sentidos.",vigente,"aba Língua Portuguesa, linha 280","Base-Nacional-Comum-Curricular-BNCC.pdf, página PDF 149"
EF69LP22,ef-comp-lp,6 | 7 | 8 | 9,campo_pratica,,ef-comp-lp-catu-campo-de-atuacao-na-vida-publica,ef-comp-lp-prat-producao-de-textos,,ef-comp-lp-oc-textualizacao-revisao-e-edicao,"Produzir, revisar e editar textos reivindicatórios ou propositivos sobre problemas que afetam a vida escolar ou da comunidade, justificando pontos de vista, reivindicações e detalhando propostas (justificativa, objetivos, ações previstas etc.), levando em conta seu contexto de produção e as características dos gêneros em questão.",vigente,"aba Língua Portuguesa, linha 281","Base-Nacional-Comum-Curricular-BNCC.pdf, página PDF 149"
EF69LP23,ef-comp-lp,6 | 7 | 8 | 9,campo_pratica,,ef-comp-lp-catu-campo-de-atuacao-na-vida-publica,ef-comp-lp-prat-producao-de-textos,,ef-comp-lp-oc-textualizacao-revisao-e-edicao,"Contribuir com a escrita de textos normativos, quando houver esse tipo de demanda na escola – regimentos e estatutos de organizações da sociedade civil do âmbito da atuação das crianças e jovens (grêmio livre, clubes de leitura, associações culturais etc.) – e de regras e regulamentos nos vários âmbitos da escola – campeonatos, festivais, regras de convivência etc., levando em conta o contexto de produção e as características dos gêneros em questão.",vigente,"aba Língua Portuguesa, linha 282","Base-Nacional-Comum-Curricular-BNCC.pdf, página PDF 149"
EF69LP24,ef-comp-lp,6 | 7 | 8 | 9,campo_pratica,,ef-comp-lp-catu-campo-de-atuacao-na-vida-publica,ef-comp-lp-prat-oralidade,,ef-comp-lp-oc-discussao-oral,"Discutir casos, reais ou simulações, submetidos a juízo, que envolvam (supostos) desrespeitos a artigos, do ECA, do Código de Defesa do Consumidor, do Código Nacional de Trânsito, de regulamentações do mercado publicitário etc., como forma de criar familiaridade com textos legais – seu vocabulário, formas de organização, marcas de estilo etc. -, de maneira a facilitar a compreensão de leis, fortalecer a defesa de direitos, fomentar a escrita de textos normativos (se e quando isso for necessário) e possibilitar a compreensão do caráter interpretativo das leis e as várias perspectivas que podem estar em jogo.",vigente,"aba Língua Portuguesa, linha 283","Base-Nacional-Comum-Curricular-BNCC.pdf, página PDF 151"
EF69LP25,ef-comp-lp,6 | 7 | 8 | 9,campo_pratica,,ef-comp-lp-catu-campo-de-atuacao-na-vida-publica,ef-comp-lp-prat-oralidade,,ef-comp-lp-oc-discussao-oral,"Posicionar-se de forma consistente e sustentada em uma discussão, assembleia, reuniões de colegiados da escola, de agremiações e outras situações de apresentação de propostas e defesas de opiniões, respeitando as opiniões contrárias e propostas alternativas e fundamentando seus posicionamentos, no tempo de fala previsto, valendo-se de sínteses e propostas claras e justificadas.",vigente,"aba Língua Portuguesa, linha 284","Base-Nacional-Comum-Curricular-BNCC.pdf, página PDF 151"
EF69LP26,ef-comp-lp,6 | 7 | 8 | 9,campo_pratica,,ef-comp-lp-catu-campo-de-atuacao-na-vida-publica,ef-comp-lp-prat-oralidade,,ef-comp-lp-oc-registro,"Tomar nota em discussões, debates, palestras, apresentação de propostas, reuniões, como forma de documentar o evento e apoiar a própria fala (que pode se dar no momento do evento ou posteriormente, quando, por exemplo, for necessária a retomada dos assuntos tratados em outros contextos públicos, como diante dos representados).",vigente,"aba Língua Portuguesa, linha 285","Base-Nacional-Comum-Curricular-BNCC.pdf, página PDF 151"
EF69LP27,ef-comp-lp,6 | 7 | 8 | 9,campo_pratica,,ef-comp-lp-catu-campo-de-atuacao-na-vida-publica,ef-comp-lp-prat-analise-linguistica-semiotica,,ef-comp-lp-oc-analise-de-textos-legais-normativos-propositivos-e-reivindicatorios,"Analisar a forma composicional de textos pertencentes a gêneros normativos/ jurídicos e a gêneros da esfera política, tais como propostas, programas políticos (posicionamento quanto a diferentes ações a serem propostas, objetivos, ações previstas etc.), propaganda política (propostas e sua sustentação, posicionamento quanto a temas em discussão) e textos reivindicatórios: cartas de reclamação, petição (proposta, suas justificativas e ações a serem adotadas) e suas marcas linguísticas, de forma a incrementar a compreensão de textos pertencentes a esses gêneros e a possibilitar a produção de textos mais adequados e/ou fundamentados quando isso for requerido.",vigente,"aba Língua Portuguesa, linha 286","Base-Nacional-Comum-Curricular-BNCC.pdf, página PDF 151"
EF69LP28,ef-comp-lp,6 | 7 | 8 | 9,campo_pratica,,ef-comp-lp-catu-campo-de-atuacao-na-vida-publica,ef-comp-lp-prat-analise-linguistica-semiotica,,ef-comp-lp-oc-modalizacao,"Observar os mecanismos de modalização adequados aos textos jurídicos, as modalidades deônticas, que se referem ao eixo da conduta (obrigatoriedade/permissibilidade) como, por exemplo: Proibição: “Não se deve fumar em recintos fechados.”; Obrigatoriedade: “A vida tem que valer a pena.”; Possibilidade: “É permitido a entrada de menores acompanhados de adultos responsáveis”, e os mecanismos de modalização adequados aos textos políticos e propositivos, as modalidades apreciativas, em que o locutor exprime um juízo de valor (positivo ou negativo) acerca do que enuncia. Por exemplo: “Que belo discurso!”, “Discordo das escolhas de Antônio.” “Felizmente, o buraco ainda não causou acidentes mais graves.”",vigente,"aba Língua Portuguesa, linha 287","Base-Nacional-Comum-Curricular-BNCC.pdf, página PDF 151"
EF69LP29,ef-comp-lp,6 | 7 | 8 | 9,campo_pratica,,ef-comp-lp-catu-campo-das-praticas-de-estudo-e-pesquisa,ef-comp-lp-prat-leitura,,ef-comp-lp-oc-reconstrucao-das-condicoes-de-producao-e-recepcao-dos-textos-e-adequacao-do-texto-a-construcao-composicional-e-ao-estilo-de-genero,"Refletir sobre a relação entre os contextos de produção dos gêneros de divulgação científica – texto didático, artigo de divulgação científica, reportagem de divulgação científica, verbete de enciclopédia (impressa e digital), esquema, infográfico (estático e animado), relatório, relato multimidiático de campo, podcasts e vídeos variados de divulgação científica etc. – e os aspectos relativos à construção composicional e às marcas linguística características desses gêneros, de forma a ampliar suas possibilidades de compreensão (e produção) de textos pertencentes a esses gêneros.",vigente,"aba Língua Portuguesa, linha 288","Base-Nacional-Comum-Curricular-BNCC.pdf, página PDF 153"
EF69LP30,ef-comp-lp,6 | 7 | 8 | 9,campo_pratica,,ef-comp-lp-catu-campo-das-praticas-de-estudo-e-pesquisa,ef-comp-lp-prat-leitura,,ef-comp-lp-oc-relacao-entre-textos,"Comparar, com a ajuda do professor, conteúdos, dados e informações de diferentes fontes, levando em conta seus contextos de produção e referências, identificando coincidências, complementaridades e contradições, de forma a poder identificar erros/imprecisões conceituais, compreender e posicionar-se criticamente sobre os conteúdos e informações em questão.",vigente,"aba Língua Portuguesa, linha 289","Base-Nacional-Comum-Curricular-BNCC.pdf, página PDF 153"
EF69LP31,ef-comp-lp,6 | 7 | 8 | 9,campo_pratica,,ef-comp-lp-catu-campo-das-praticas-de-estudo-e-pesquisa,ef-comp-lp-prat-leitura,,ef-comp-lp-oc-apreciacao-e-replica,"Utilizar pistas linguísticas – tais como “em primeiro/segundo/terceiro lugar”, “por outro lado”, “dito de outro modo”, isto é”, “por exemplo” – para compreender a hierarquização das proposições, sintetizando o conteúdo dos textos.",vigente,"aba Língua Portuguesa, linha 290","Base-Nacional-Comum-Curricular-BNCC.pdf, página PDF 153"
EF69LP32,ef-comp-lp,6 | 7 | 8 | 9,campo_pratica,,ef-comp-lp-catu-campo-das-praticas-de-estudo-e-pesquisa,ef-comp-lp-prat-leitura,,ef-comp-lp-oc-estrategias-e-procedimentos-de-leitura-relacao-do-verbal-com-outras-semioses | ef-comp-lp-oc-procedimentos-e-generos-de-apoio-a-compreensao,"Selecionar informações e dados relevantes de fontes diversas (impressas, digitais, orais etc.), avaliando a qualidade e a utilidade dessas fontes, e organizar, esquematicamente, com ajuda do professor, as informações necessárias (sem excedê-las) com ou sem apoio de ferramentas digitais, em quadros, tabelas ou gráficos.",vigente,"aba Língua Portuguesa, linha 291","Base-Nacional-Comum-Curricular-BNCC.pdf, página PDF 153"
EF69LP33,ef-comp-lp,6 | 7 | 8 | 9,campo_pratica,,ef-comp-lp-catu-campo-das-praticas-de-estudo-e-pesquisa,ef-comp-lp-prat-leitura,,ef-comp-lp-oc-estrategias-e-procedimentos-de-leitura-relacao-do-verbal-com-outras-semioses | ef-comp-lp-oc-procedimentos-e-generos-de-apoio-a-compreensao,"Articular o verbal com os esquemas, infográficos, imagens variadas etc. na (re)construção dos sentidos dos textos de divulgação científica e retextualizar do discursivo para o esquemático – infográfico, esquema, tabela, gráfico, ilustração etc. – e, ao contrário, transformar o conteúdo das tabelas, esquemas, infográficos, ilustrações etc. em texto discursivo, como forma de ampliar as possibilidades de compreensão desses textos e analisar as características das multissemioses e dos gêneros em questão.",vigente,"aba Língua Portuguesa, linha 292","Base-Nacional-Comum-Curricular-BNCC.pdf, página PDF 153"
EF69LP34,ef-comp-lp,6 | 7 | 8 | 9,campo_pratica,,ef-comp-lp-catu-campo-das-praticas-de-estudo-e-pesquisa,ef-comp-lp-prat-leitura,,ef-comp-lp-oc-estrategias-e-procedimentos-de-leitura-relacao-do-verbal-com-outras-semioses | ef-comp-lp-oc-procedimentos-e-generos-de-apoio-a-compreensao,"Grifar as partes essenciais do texto, tendo em vista os objetivos de leitura, produzir marginálias (ou tomar notas em outro suporte), sínteses organizadas em itens, quadro sinóptico, quadro comparativo, esquema, resumo ou resenha do texto lido (com ou sem comentário/análise), mapa conceitual, dependendo do que for mais adequado, como forma de possibilitar uma maior compreensão do texto, a sistematização de conteúdos e informações e um posicionamento frente aos textos, se esse for o caso.",vigente,"aba Língua Portuguesa, linha 293","Base-Nacional-Comum-Curricular-BNCC.pdf, página PDF 153"
EF69LP35,ef-comp-lp,6 | 7 | 8 | 9,campo_pratica,,ef-comp-lp-catu-campo-das-praticas-de-estudo-e-pesquisa,ef-comp-lp-prat-producao-de-textos,,ef-comp-lp-oc-consideracao-das-condicoes-de-producao-de-textos-de-divulgacao-cientifica | ef-comp-lp-oc-estrategias-de-escrita,"Planejar textos de divulgação científica, a partir da elaboração de esquema que considere as pesquisas feitas anteriormente, de notas e sínteses de leituras ou de registros de experimentos ou de estudo de campo, produzir, revisar e editar textos voltados para a divulgação do conhecimento e de dados e resultados de pesquisas, tais como artigo de divulgação científica, artigo de opinião, reportagem científica, verbete de enciclopédia, verbete de enciclopédia digital colaborativa , infográfico, relatório, relato de experimento científico, relato (multimidiático) de campo, tendo em vista seus contextos de produção, que podem envolver a disponibilização de informações e conhecimentos em circulação em um formato mais acessível para um público específico ou a divulgação de conhecimentos advindos de pesquisas bibliográficas, experimentos científicos e estudos de campo realizados.",vigente,"aba Língua Portuguesa, linha 294","Base-Nacional-Comum-Curricular-BNCC.pdf, página PDF 155"
EF69LP36,ef-comp-lp,6 | 7 | 8 | 9,campo_pratica,,ef-comp-lp-catu-campo-das-praticas-de-estudo-e-pesquisa,ef-comp-lp-prat-producao-de-textos,,ef-comp-lp-oc-estrategias-de-escrita-textualizacao-revisao-e-edicao,"Produzir, revisar e editar textos voltados para a divulgação do conhecimento e de dados e resultados de pesquisas, tais como artigos de divulgação científica, verbete de enciclopédia, infográfico, infográfico animado, podcast ou vlog científico, relato de experimento, relatório, relatório multimidiático de campo, dentre outros, considerando o contexto de produção e as regularidades dos gêneros em termos de suas construções composicionais e estilos.",vigente,"aba Língua Portuguesa, linha 295","Base-Nacional-Comum-Curricular-BNCC.pdf, página PDF 155"
EF69LP37,ef-comp-lp,6 | 7 | 8 | 9,campo_pratica,,ef-comp-lp-catu-campo-das-praticas-de-estudo-e-pesquisa,ef-comp-lp-prat-producao-de-textos,,ef-comp-lp-oc-estrategias-de-producao,"Produzir roteiros para elaboração de vídeos de diferentes tipos (vlog científico, vídeo-minuto, programa de rádio, podcasts) para divulgação de conhecimentos científicos e resultados de pesquisa, tendo em vista seu contexto de produção, os elementos e a construção composicional dos roteiros.",vigente,"aba Língua Portuguesa, linha 296","Base-Nacional-Comum-Curricular-BNCC.pdf, página PDF 155"
EF69LP38,ef-comp-lp,6 | 7 | 8 | 9,campo_pratica,,ef-comp-lp-catu-campo-das-praticas-de-estudo-e-pesquisa,ef-comp-lp-prat-oralidade,,ef-comp-lp-oc-estrategias-de-producao-planejamento-e-producao-de-apresentacoes-orais,"Organizar os dados e informações pesquisados em painéis ou slides de apresentação, levando em conta o contexto de produção, o tempo disponível, as características do gênero apresentação oral, a multissemiose, as mídias e tecnologias que serão utilizadas, ensaiar a apresentação, considerando também elementos paralinguísticos e cinésicos e proceder à exposição oral de resultados de estudos e pesquisas, no tempo determinado, a partir do planejamento e da definição de diferentes formas de uso da fala – memorizada, com apoio da leitura ou fala espontânea.",vigente,"aba Língua Portuguesa, linha 297","Base-Nacional-Comum-Curricular-BNCC.pdf, página PDF 155"
EF69LP39,ef-comp-lp,6 | 7 | 8 | 9,campo_pratica,,ef-comp-lp-catu-campo-das-praticas-de-estudo-e-pesquisa,ef-comp-lp-prat-oralidade,,ef-comp-lp-oc-estrategias-de-producao,"Definir o recorte temático da entrevista e o entrevistado, levantar informações sobre o entrevistado e sobre o tema da entrevista, elaborar roteiro de perguntas, realizar entrevista, a partir do roteiro, abrindo possibilidades para fazer perguntas a partir da resposta, se o contexto permitir, tomar nota, gravar ou salvar a entrevista e usar adequadamente as informações obtidas, de acordo com os objetivos estabelecidos.",vigente,"aba Língua Portuguesa, linha 298","Base-Nacional-Comum-Curricular-BNCC.pdf, página PDF 155"
EF69LP40,ef-comp-lp,6 | 7 | 8 | 9,campo_pratica,,ef-comp-lp-catu-campo-das-praticas-de-estudo-e-pesquisa,ef-comp-lp-prat-analise-linguistica-semiotica,,ef-comp-lp-oc-construcao-composicional | ef-comp-lp-oc-elementos-paralinguisticos-e-cinesicos-apresentacoes-orais,"Analisar, em gravações de seminários, conferências rápidas, trechos de palestras, dentre outros, a construção composicional dos gêneros de apresentação – abertura/saudação, introdução ao tema, apresentação do plano de exposição, desenvolvimento dos conteúdos, por meio do encadeamento de temas e subtemas (coesão temática), síntese final e/ou conclusão, encerramento –, os elementos paralinguísticos (tais como: tom e volume da voz, pausas e hesitações – que, em geral, devem ser minimizadas –, modulação de voz e entonação, ritmo, respiração etc.) e cinésicos (tais como: postura corporal, movimentos e gestualidade significativa, expressão facial, contato de olho com plateia, modulação de voz e entonação, sincronia da fala com ferramenta de apoio etc.), para melhor performar apresentações orais no campo da divulgação do conhecimento.",vigente,"aba Língua Portuguesa, linha 299","Base-Nacional-Comum-Curricular-BNCC.pdf, página PDF 157"
EF69LP41,ef-comp-lp,6 | 7 | 8 | 9,campo_pratica,,ef-comp-lp-catu-campo-das-praticas-de-estudo-e-pesquisa,ef-comp-lp-prat-analise-linguistica-semiotica,,ef-comp-lp-oc-usar-adequadamente-ferramentas-de-apoio-a-apresentacoes-orais,"Usar adequadamente ferramentas de apoio a apresentações orais, escolhendo e usando tipos e tamanhos de fontes que permitam boa visualização, topicalizando e/ou organizando o conteúdo em itens, inserindo de forma adequada imagens, gráficos, tabelas, formas e elementos gráficos, dimensionando a quantidade de texto (e imagem) por slide, usando progressivamente e de forma harmônica recursos mais sofisticados como efeitos de transição, slides mestres, layouts personalizados etc.",vigente,"aba Língua Portuguesa, linha 300","Base-Nacional-Comum-Curricular-BNCC.pdf, página PDF 157"
EF69LP42,ef-comp-lp,6 | 7 | 8 | 9,campo_pratica,,ef-comp-lp-catu-campo-das-praticas-de-estudo-e-pesquisa,ef-comp-lp-prat-analise-linguistica-semiotica,,ef-comp-lp-oc-construcao-composicional-e-estilo-generos-de-divulgacao-cientifica,"Analisar a construção composicional dos textos pertencentes a gêneros relacionados à divulgação de conhecimentos: título, (olho), introdução, divisão do texto em subtítulos, imagens ilustrativas de conceitos, relações, ou resultados complexos (fotos, ilustrações, esquemas, gráficos, infográficos, diagramas, figuras, tabelas, mapas) etc., exposição, contendo definições, descrições, comparações, enumerações, exemplificações e remissões a conceitos e relações por meio de notas de rodapé, boxes ou links; ou título, contextualização do campo, ordenação temporal ou temática por tema ou subtema, intercalação de trechos verbais com fotos, ilustrações, áudios, vídeos etc. e reconhecer traços da linguagem dos textos de divulgação científica, fazendo uso consciente das estratégias de impessoalização da linguagem (ou de pessoalização, se o tipo de publicação e objetivos assim o demandarem, como em alguns podcasts e vídeos de divulgação científica), 3ª pessoa, presente atemporal, recurso à citação, uso de vocabulário técnico/especializado etc., como forma de ampliar suas capacidades de compreensão e produção de textos nesses gêneros.",vigente,"aba Língua Portuguesa, linha 301","Base-Nacional-Comum-Curricular-BNCC.pdf, página PDF 157"
EF69LP43,ef-comp-lp,6 | 7 | 8 | 9,campo_pratica,,ef-comp-lp-catu-campo-das-praticas-de-estudo-e-pesquisa,ef-comp-lp-prat-analise-linguistica-semiotica,,ef-comp-lp-oc-marcas-linguisticas-intertextualidade,"Identificar e utilizar os modos de introdução de outras vozes no texto – citação literal e sua formatação e paráfrase –, as pistas linguísticas responsáveis por introduzir no texto a posição do autor e dos outros autores citados (“Segundo X; De acordo com Y; De minha/nossa parte, penso/amos que”...) e os elementos de normatização (tais como as regras de inclusão e formatação de citações e paráfrases, de organização de referências bibliográficas) em textos científicos, desenvolvendo reflexão sobre o modo como a intertextualidade e a retextualização ocorrem nesses textos.",vigente,"aba Língua Portuguesa, linha 302","Base-Nacional-Comum-Curricular-BNCC.pdf, página PDF 157"
EF69LP44,ef-comp-lp,6 | 7 | 8 | 9,campo_pratica,,ef-comp-lp-catu-campo-artistico-literario,ef-comp-lp-prat-leitura,,ef-comp-lp-oc-reconstrucao-das-condicoes-de-producao-circulacao-e-recepcao | ef-comp-lp-oc-apreciacao-e-replica,"Inferir a presença de valores sociais, culturais e humanos e de diferentes visões de mundo, em textos literários, reconhecendo nesses textos formas de estabelecer múltiplos olhares sobre as identidades, sociedades e culturas e considerando a autoria e o contexto social e histórico de sua produção.",vigente,"aba Língua Portuguesa, linha 303","Base-Nacional-Comum-Curricular-BNCC.pdf, página PDF 159"
EF69LP45,ef-comp-lp,6 | 7 | 8 | 9,campo_pratica,,ef-comp-lp-catu-campo-artistico-literario,ef-comp-lp-prat-leitura,,ef-comp-lp-oc-reconstrucao-das-condicoes-de-producao-circulacao-e-recepcao | ef-comp-lp-oc-apreciacao-e-replica,"Posicionar-se criticamente em relação a textos pertencentes a gêneros como quarta-capa, programa (de teatro, dança, exposição etc.), sinopse, resenha crítica, comentário em blog/vlog cultural etc., para selecionar obras literárias e outras manifestações artísticas (cinema, teatro, exposições, espetáculos, CD´s, DVD´s etc.), diferenciando as sequências descritivas e avaliativas e reconhecendo-os como gêneros que apoiam a escolha do livro ou produção cultural e consultando-os no momento de fazer escolhas, quando for o caso.",vigente,"aba Língua Portuguesa, linha 304","Base-Nacional-Comum-Curricular-BNCC.pdf, página PDF 159"
EF69LP46,ef-comp-lp,6 | 7 | 8 | 9,campo_pratica,,ef-comp-lp-catu-campo-artistico-literario,ef-comp-lp-prat-leitura,,ef-comp-lp-oc-reconstrucao-das-condicoes-de-producao-circulacao-e-recepcao | ef-comp-lp-oc-apreciacao-e-replica,"Participar de práticas de compartilhamento de leitura/recepção de obras literárias/ manifestações artísticas, como rodas de leitura, clubes de leitura, eventos de contação de histórias, de leituras dramáticas, de apresentações teatrais, musicais e de filmes, cineclubes, festivais de vídeo, saraus, slams, canais de booktubers, redes sociais temáticas (de leitores, de cinéfilos, de música etc.), dentre outros, tecendo, quando possível, comentários de ordem estética e afetiva e justificando suas apreciações, escrevendo comentários e resenhas para jornais, blogs e redes sociais e utilizando formas de expressão das culturas juvenis, tais como, vlogs e podcasts culturais (literatura, cinema, teatro, música), playlists comentadas, fanfics, fanzines, e-zines, fanvídeos, fanclipes, posts em fanpages, trailer honesto, vídeo-minuto, dentre outras possibilidades de práticas de apreciação e de manifestação da cultura de fãs.",vigente,"aba Língua Portuguesa, linha 305","Base-Nacional-Comum-Curricular-BNCC.pdf, página PDF 159"
EF69LP47,ef-comp-lp,6 | 7 | 8 | 9,campo_pratica,,ef-comp-lp-catu-campo-artistico-literario,ef-comp-lp-prat-leitura,,ef-comp-lp-oc-reconstrucao-da-textualidade-e-compreensao-dos-efeitos | ef-comp-lp-oc-de-sentidos-provocados-pelos-usos-de-recursos-linguisticos-e-multissemioticos,"Analisar, em textos narrativos ficcionais, as diferentes formas de composição próprias de cada gênero, os recursos coesivos que constroem a passagem do tempo e articulam suas partes, a escolha lexical típica de cada gênero para a caracterização dos cenários e dos personagens e os efeitos de sentido decorrentes dos tempos verbais, dos tipos de discurso, dos verbos de enunciação e das variedades linguísticas (no discurso direto, se houver) empregados, identificando o enredo e o foco narrativo e percebendo como se estrutura a narrativa nos diferentes gêneros e os efeitos de sentido decorrentes do foco narrativo típico de cada gênero, da caracterização dos espaços físico e psicológico e dos tempos cronológico e psicológico, das diferentes vozes no texto (do narrador, de personagens em discurso direto e indireto), do uso de pontuação expressiva, palavras e expressões conotativas e processos figurativos e do uso de recursos linguístico-gramaticais próprios a cada gênero narrativo.",vigente,"aba Língua Portuguesa, linha 306","Base-Nacional-Comum-Curricular-BNCC.pdf, página PDF 161"
EF69LP48,ef-comp-lp,6 | 7 | 8 | 9,campo_pratica,,ef-comp-lp-catu-campo-artistico-literario,ef-comp-lp-prat-leitura,,ef-comp-lp-oc-reconstrucao-da-textualidade-e-compreensao-dos-efeitos | ef-comp-lp-oc-de-sentidos-provocados-pelos-usos-de-recursos-linguisticos-e-multissemioticos,"Interpretar, em poemas, efeitos produzidos pelo uso de recursos expressivos sonoros (estrofação, rimas, aliterações etc), semânticos (figuras de linguagem, por exemplo), gráfico-espacial (distribuição da mancha gráfica no papel), imagens e sua relação com o texto verbal.",vigente,"aba Língua Portuguesa, linha 307","Base-Nacional-Comum-Curricular-BNCC.pdf, página PDF 161"
EF69LP49,ef-comp-lp,6 | 7 | 8 | 9,campo_pratica,,ef-comp-lp-catu-campo-artistico-literario,ef-comp-lp-prat-leitura,,ef-comp-lp-oc-adesao-as-praticas-de-leitura,"Mostrar-se interessado e envolvido pela leitura de livros de literatura e por outras produções culturais do campo e receptivo a textos que rompam com seu universo de expectativas, que representem um desafio em relação às suas possibilidades atuais e suas experiências anteriores de leitura, apoiando-se nas marcas linguísticas, em seu conhecimento sobre os gêneros e a temática e nas orientações dadas pelo professor.",vigente,"aba Língua Portuguesa, linha 308","Base-Nacional-Comum-Curricular-BNCC.pdf, página PDF 161"
EF69LP50,ef-comp-lp,6 | 7 | 8 | 9,campo_pratica,,ef-comp-lp-catu-campo-artistico-literario,ef-comp-lp-prat-producao-de-textos,,ef-comp-lp-oc-relacao-entre-textos,"Elaborar texto teatral, a partir da adaptação de romances, contos, mitos, narrativas de enigma e de aventura, novelas, biografias romanceadas, crônicas, dentre outros, indicando as rubricas para caracterização do cenário, do espaço, do tempo; explicitando a caracterização física e psicológica dos personagens e dos seus modos de ação; reconfigurando a inserção do discurso direto e dos tipos de narrador; explicitando as marcas de variação linguística (dialetos, registros e jargões) e retextualizando o tratamento da temática.",vigente,"aba Língua Portuguesa, linha 309","Base-Nacional-Comum-Curricular-BNCC.pdf, página PDF 161"
EF69LP51,ef-comp-lp,6 | 7 | 8 | 9,campo_pratica,,ef-comp-lp-catu-campo-artistico-literario,ef-comp-lp-prat-producao-de-textos,,ef-comp-lp-oc-consideracao-das-condicoes-de-producao | ef-comp-lp-oc-estrategias-de-producao-planejamento-textualizacao-e-revisao-edicao,"Engajar-se ativamente nos processos de planejamento, textualização, revisão/ edição e reescrita, tendo em vista as restrições temáticas, composicionais e estilísticas dos textos pretendidos e as configurações da situação de produção – o leitor pretendido, o suporte, o contexto de circulação do texto, as finalidades etc. – e considerando a imaginação, a estesia e a verossimilhança próprias ao texto literário.",vigente,"aba Língua Portuguesa, linha 310","Base-Nacional-Comum-Curricular-BNCC.pdf, página PDF 161"
EF69LP52,ef-comp-lp,6 | 7 | 8 | 9,campo_pratica,,ef-comp-lp-catu-campo-artistico-literario,ef-comp-lp-prat-oralidade,,ef-comp-lp-oc-producao-de-textos-orais,"Representar cenas ou textos dramáticos, considerando, na caracterização dos personagens, os aspectos linguísticos e paralinguísticos das falas (timbre e tom de voz, pausas e hesitações, entonação e expressividade, variedades e registros linguísticos), os gestos e os deslocamentos no espaço cênico, o figurino e a maquiagem e elaborando as rubricas indicadas pelo autor por meio do cenário, da trilha sonora e da exploração dos modos de interpretação.",vigente,"aba Língua Portuguesa, linha 311","Base-Nacional-Comum-Curricular-BNCC.pdf, página PDF 161"
EF69LP53,ef-comp-lp,6 | 7 | 8 | 9,campo_pratica,,ef-comp-lp-catu-campo-artistico-literario,ef-comp-lp-prat-oralidade,,ef-comp-lp-oc-producao-de-textos-orais-oralizacao,"Ler em voz alta textos literários diversos – como contos de amor, de humor, de suspense, de terror; crônicas líricas, humorísticas, críticas; bem como leituras orais capituladas (compartilhadas ou não com o professor) de livros de maior extensão, como romances, narrativas de enigma, narrativas de aventura, literatura infantojuvenil, – contar/recontar histórias tanto da tradição oral (causos, contos de esperteza, contos de animais, contos de amor, contos de encantamento, piadas, dentre outros) quanto da tradição literária escrita, expressando a compreensão e interpretação do texto por meio de uma leitura ou fala expressiva e fluente, que respeite o ritmo, as pausas, as hesitações, a entonação indicados tanto pela pontuação quanto por outros recursos gráfico-editoriais, como negritos, itálicos, caixa-alta, ilustrações etc., gravando essa leitura ou esse conto/reconto, seja para análise posterior, seja para produção de audiobooks de textos literários diversos ou de podcasts de leituras dramáticas com ou sem efeitos especiais e ler e/ou declamar poemas diversos, tanto de forma livre quanto de forma fixa (como quadras, sonetos, liras, haicais etc.), empregando os recursos linguísticos, paralinguísticos e cinésicos necessários aos efeitos de sentido pretendidos, como o ritmo e a entonação, o emprego de pausas e prolongamentos, o tom e o timbre vocais, bem como eventuais recursos de gestualidade e pantomima que convenham ao gênero poético e à situação de compartilhamento em questão.",vigente,"aba Língua Portuguesa, linha 312","Base-Nacional-Comum-Curricular-BNCC.pdf, página PDF 163"
EF69LP54,ef-comp-lp,6 | 7 | 8 | 9,campo_pratica,,ef-comp-lp-catu-campo-artistico-literario,ef-comp-lp-prat-analise-linguistica-semiotica,,ef-comp-lp-oc-recursos-linguisticos-e-semioticos-que-operam-nos-textos-pertencentes-aos-generos-literarios,"Analisar os efeitos de sentido decorrentes da interação entre os elementos linguísticos e os recursos paralinguísticos e cinésicos, como as variações no ritmo, as modulações no tom de voz, as pausas, as manipulações do estrato sonoro da linguagem, obtidos por meio da estrofação, das rimas e de figuras de linguagem como as aliterações, as assonâncias, as onomatopeias, dentre outras, a postura corporal e a gestualidade, na declamação de poemas, apresentações musicais e teatrais, tanto em gêneros em prosa quanto nos gêneros poéticos, os efeitos de sentido decorrentes do emprego de figuras de linguagem, tais como comparação, metáfora, personificação, metonímia, hipérbole, eufemismo, ironia, paradoxo e antítese e os efeitos de sentido decorrentes do emprego de palavras e expressões denotativas e conotativas (adjetivos, locuções adjetivas, orações subordinadas adjetivas etc.), que funcionam como modificadores, percebendo sua função na caracterização dos espaços, tempos, personagens e ações próprios de cada gênero narrativo.",vigente,"aba Língua Portuguesa, linha 313","Base-Nacional-Comum-Curricular-BNCC.pdf, página PDF 163"
EF69LP55,ef-comp-lp,6 | 7 | 8 | 9,campo_pratica,,ef-comp-lp-catu-todos-os-campos-de-atuacao,ef-comp-lp-prat-analise-linguistica-semiotica,,ef-comp-lp-oc-variacao-linguistica,"Reconhecer as variedades da língua falada, o conceito de norma-padrão e o de preconceito linguístico.",vigente,"aba Língua Portuguesa, linha 314","Base-Nacional-Comum-Curricular-BNCC.pdf, página PDF 163"
EF69LP56,ef-comp-lp,6 | 7 | 8 | 9,campo_pratica,,ef-comp-lp-catu-todos-os-campos-de-atuacao,ef-comp-lp-prat-analise-linguistica-semiotica,,ef-comp-lp-oc-variacao-linguistica,Fazer uso consciente e reflexivo de regras e normas da norma-padrão em situações de fala e escrita nas quais ela deve ser usada.,vigente,"aba Língua Portuguesa, linha 315","Base-Nacional-Comum-Curricular-BNCC.pdf, página PDF 163"
EF07LP01,ef-comp-lp,7,campo_pratica,,ef-comp-lp-catu-campo-jornalistico-midiatico,ef-comp-lp-prat-leitura,,ef-comp-lp-oc-reconstrucao-do-contexto-de-producao-circulacao-e-recepcao-de-textos | ef-comp-lp-oc-caracterizacao-do-campo-jornalistico-e-relacao-entre-os-generos-em-circulacao-midias-e-praticas-da-cultura-digital,"Distinguir diferentes propostas editoriais – sensacionalismo, jornalismo investigativo etc. –, de forma a identificar os recursos utilizados para impactar/chocar o leitor que podem comprometer uma análise crítica da notícia e do fato noticiado.",vigente,"aba Língua Portuguesa, linha 316","Base-Nacional-Comum-Curricular-BNCC.pdf, página PDF 165"
EF07LP02,ef-comp-lp,7,campo_pratica,,ef-comp-lp-catu-campo-jornalistico-midiatico,ef-comp-lp-prat-leitura,,ef-comp-lp-oc-reconstrucao-do-contexto-de-producao-circulacao-e-recepcao-de-textos | ef-comp-lp-oc-caracterizacao-do-campo-jornalistico-e-relacao-entre-os-generos-em-circulacao-midias-e-praticas-da-cultura-digital,"Comparar notícias e reportagens sobre um mesmo fato divulgadas em diferentes mídias, analisando as especificidades das mídias, os processos de (re)elaboração dos textos e a convergência das mídias em notícias ou reportagens multissemióticas.",vigente,"aba Língua Portuguesa, linha 317","Base-Nacional-Comum-Curricular-BNCC.pdf, página PDF 165"
EF07LP03,ef-comp-lp,7,campo_pratica,,ef-comp-lp-catu-todos-os-campos-de-atuacao,ef-comp-lp-prat-analise-linguistica-semiotica,,ef-comp-lp-oc-lexico-morfologia,"Formar, com base em palavras primitivas, palavras derivadas com os prefixos e sufixos mais produtivos no português.",vigente,"aba Língua Portuguesa, linha 318","Base-Nacional-Comum-Curricular-BNCC.pdf, página PDF 173"
EF07LP04,ef-comp-lp,7,campo_pratica,,ef-comp-lp-catu-todos-os-campos-de-atuacao,ef-comp-lp-prat-analise-linguistica-semiotica,,ef-comp-lp-oc-morfossintaxe,"Reconhecer, em textos, o verbo como o núcleo das orações.",vigente,"aba Língua Portuguesa, linha 319","Base-Nacional-Comum-Curricular-BNCC.pdf, página PDF 173"
EF07LP05,ef-comp-lp,7,campo_pratica,,ef-comp-lp-catu-todos-os-campos-de-atuacao,ef-comp-lp-prat-analise-linguistica-semiotica,,ef-comp-lp-oc-morfossintaxe,"Identificar, em orações de textos lidos ou de produção própria, verbos de predicação completa e incompleta: intransitivos e transitivos.",vigente,"aba Língua Portuguesa, linha 320","Base-Nacional-Comum-Curricular-BNCC.pdf, página PDF 173"
EF07LP06,ef-comp-lp,7,campo_pratica,,ef-comp-lp-catu-todos-os-campos-de-atuacao,ef-comp-lp-prat-analise-linguistica-semiotica,,ef-comp-lp-oc-morfossintaxe,Empregar as regras básicas de concordância nominal e verbal em situações comunicativas e na produção de textos.,vigente,"aba Língua Portuguesa, linha 321","Base-Nacional-Comum-Curricular-BNCC.pdf, página PDF 173"
EF07LP07,ef-comp-lp,7,campo_pratica,,ef-comp-lp-catu-todos-os-campos-de-atuacao,ef-comp-lp-prat-analise-linguistica-semiotica,,ef-comp-lp-oc-morfossintaxe,"Identificar, em textos lidos ou de produção própria, a estrutura básica da oração: sujeito, predicado, complemento (objetos direto e indireto).",vigente,"aba Língua Portuguesa, linha 322","Base-Nacional-Comum-Curricular-BNCC.pdf, página PDF 173"
EF07LP08,ef-comp-lp,7,campo_pratica,,ef-comp-lp-catu-todos-os-campos-de-atuacao,ef-comp-lp-prat-analise-linguistica-semiotica,,ef-comp-lp-oc-morfossintaxe,"Identificar, em textos lidos ou de produção própria, adjetivos que ampliam o sentido do substantivo sujeito ou complemento verbal.",vigente,"aba Língua Portuguesa, linha 323","Base-Nacional-Comum-Curricular-BNCC.pdf, página PDF 175"
EF07LP09,ef-comp-lp,7,campo_pratica,,ef-comp-lp-catu-todos-os-campos-de-atuacao,ef-comp-lp-prat-analise-linguistica-semiotica,,ef-comp-lp-oc-morfossintaxe,"Identificar, em textos lidos ou de produção própria, advérbios e locuções adverbiais que ampliam o sentido do verbo núcleo da oração.",vigente,"aba Língua Portuguesa, linha 324","Base-Nacional-Comum-Curricular-BNCC.pdf, página PDF 175"
EF07LP10,ef-comp-lp,7,campo_pratica,,ef-comp-lp-catu-todos-os-campos-de-atuacao,ef-comp-lp-prat-analise-linguistica-semiotica,,ef-comp-lp-oc-morfossintaxe,"Utilizar, ao produzir texto, conhecimentos linguísticos e gramaticais: modos e tempos verbais, concordância nominal e verbal, pontuação etc.",vigente,"aba Língua Portuguesa, linha 325","Base-Nacional-Comum-Curricular-BNCC.pdf, página PDF 175"
EF07LP11,ef-comp-lp,7,campo_pratica,,ef-comp-lp-catu-todos-os-campos-de-atuacao,ef-comp-lp-prat-analise-linguistica-semiotica,,ef-comp-lp-oc-morfossintaxe,"Identificar, em textos lidos ou de produção própria, períodos compostos nos quais duas orações são conectadas por vírgula, ou por conjunções que expressem soma de sentido (conjunção “e”) ou oposição de sentidos (conjunções “mas”, “porém”).",vigente,"aba Língua Portuguesa, linha 326","Base-Nacional-Comum-Curricular-BNCC.pdf, página PDF 175"
EF07LP12,ef-comp-lp,7,campo_pratica,,ef-comp-lp-catu-todos-os-campos-de-atuacao,ef-comp-lp-prat-analise-linguistica-semiotica,,ef-comp-lp-oc-semantica-coesao,"Reconhecer recursos de coesão referencial: substituições lexicais (de substantivos por sinônimos) ou pronominais (uso de pronomes anafóricos – pessoais, possessivos, demonstrativos).",vigente,"aba Língua Portuguesa, linha 327","Base-Nacional-Comum-Curricular-BNCC.pdf, página PDF 175"
EF07LP13,ef-comp-lp,7,campo_pratica,,ef-comp-lp-catu-todos-os-campos-de-atuacao,ef-comp-lp-prat-analise-linguistica-semiotica,,ef-comp-lp-oc-coesao,"Estabelecer relações entre partes do texto, identificando substituições lexicais (de substantivos por sinônimos) ou pronominais (uso de pronomes anafóricos – pessoais, possessivos, demonstrativos), que contribuem para a continuidade do texto.",vigente,"aba Língua Portuguesa, linha 328","Base-Nacional-Comum-Curricular-BNCC.pdf, página PDF 177"
EF07LP14,ef-comp-lp,7,campo_pratica,,ef-comp-lp-catu-todos-os-campos-de-atuacao,ef-comp-lp-prat-analise-linguistica-semiotica,,ef-comp-lp-oc-modalizacao,"Identificar, em textos, os efeitos de sentido do uso de estratégias de modalização e argumentatividade.",vigente,"aba Língua Portuguesa, linha 329","Base-Nacional-Comum-Curricular-BNCC.pdf, página PDF 177"
EF08LP01,ef-comp-lp,8,campo_pratica,,ef-comp-lp-catu-campo-jornalistico-midiatico,ef-comp-lp-prat-leitura,,ef-comp-lp-oc-reconstrucao-do-contexto-de-producao-circulacao-e-recepcao-de-textos | ef-comp-lp-oc-caracterizacao-do-campo-jornalistico-e-relacao-entre-os-generos-em-circulacao-midias-e-praticas-da-cultura-digital,"Identificar e comparar as várias editorias de jornais impressos e digitais e de sites noticiosos, de forma a refletir sobre os tipos de fato que são noticiados e comentados, as escolhas sobre o que noticiar e o que não noticiar e o destaque/enfoque dado e a fidedignidade da informação.",vigente,"aba Língua Portuguesa, linha 330","Base-Nacional-Comum-Curricular-BNCC.pdf, página PDF 179"
EF08LP02,ef-comp-lp,8,campo_pratica,,ef-comp-lp-catu-campo-jornalistico-midiatico,ef-comp-lp-prat-leitura,,ef-comp-lp-oc-relacao-entre-textos,"Justificar diferenças ou semelhanças no tratamento dado a uma mesma informação veiculada em textos diferentes, consultando sites e serviços de checadores de fatos.",vigente,"aba Língua Portuguesa, linha 331","Base-Nacional-Comum-Curricular-BNCC.pdf, página PDF 179"
EF08LP03,ef-comp-lp,8,campo_pratica,,ef-comp-lp-catu-campo-jornalistico-midiatico,ef-comp-lp-prat-producao-de-textos,,ef-comp-lp-oc-textualizacao-de-textos-argumentativos-e-apreciativos,"Produzir artigos de opinião, tendo em vista o contexto de produção dado, a defesa de um ponto de vista, utilizando argumentos e contra-argumentos e articuladores de coesão que marquem relações de oposição, contraste, exemplificação, ênfase.",vigente,"aba Língua Portuguesa, linha 332","Base-Nacional-Comum-Curricular-BNCC.pdf, página PDF 181"
EF08LP04,ef-comp-lp,8,campo_pratica,,ef-comp-lp-catu-todos-os-campos-de-atuacao,ef-comp-lp-prat-analise-linguistica-semiotica,,ef-comp-lp-oc-fono-ortografia,"Utilizar, ao produzir texto, conhecimentos linguísticos e gramaticais: ortografia, regências e concordâncias nominal e verbal, modos e tempos verbais, pontuação etc.",vigente,"aba Língua Portuguesa, linha 333","Base-Nacional-Comum-Curricular-BNCC.pdf, página PDF 189"
EF08LP05,ef-comp-lp,8,campo_pratica,,ef-comp-lp-catu-todos-os-campos-de-atuacao,ef-comp-lp-prat-analise-linguistica-semiotica,,ef-comp-lp-oc-lexico-morfologia,"Analisar processos de formação de palavras por composição (aglutinação e justaposição), apropriando-se de regras básicas de uso do hífen em palavras compostas.",vigente,"aba Língua Portuguesa, linha 334","Base-Nacional-Comum-Curricular-BNCC.pdf, página PDF 189"
EF08LP06,ef-comp-lp,8,campo_pratica,,ef-comp-lp-catu-todos-os-campos-de-atuacao,ef-comp-lp-prat-analise-linguistica-semiotica,,ef-comp-lp-oc-morfossintaxe,"Identificar, em textos lidos ou de produção própria, os termos constitutivos da oração (sujeito e seus modificadores, verbo e seus complementos e modificadores).",vigente,"aba Língua Portuguesa, linha 335","Base-Nacional-Comum-Curricular-BNCC.pdf, página PDF 191"
EF08LP07,ef-comp-lp,8,campo_pratica,,ef-comp-lp-catu-todos-os-campos-de-atuacao,ef-comp-lp-prat-analise-linguistica-semiotica,,ef-comp-lp-oc-morfossintaxe,"Diferenciar, em textos lidos ou de produção própria, complementos diretos e indiretos de verbos transitivos, apropriando-se da regência de verbos de uso frequente.",vigente,"aba Língua Portuguesa, linha 336","Base-Nacional-Comum-Curricular-BNCC.pdf, página PDF 191"
EF08LP08,ef-comp-lp,8,campo_pratica,,ef-comp-lp-catu-todos-os-campos-de-atuacao,ef-comp-lp-prat-analise-linguistica-semiotica,,ef-comp-lp-oc-morfossintaxe,"Identificar, em textos lidos ou de produção própria, verbos na voz ativa e na voz passiva, interpretando os efeitos de sentido de sujeito ativo e passivo (agente da passiva).",vigente,"aba Língua Portuguesa, linha 337","Base-Nacional-Comum-Curricular-BNCC.pdf, página PDF 191"
EF08LP09,ef-comp-lp,8,campo_pratica,,ef-comp-lp-catu-todos-os-campos-de-atuacao,ef-comp-lp-prat-analise-linguistica-semiotica,,ef-comp-lp-oc-morfossintaxe,"Interpretar efeitos de sentido de modificadores (adjuntos adnominais – artigos definido ou indefinido, adjetivos, expressões adjetivas) em substantivos com função de sujeito ou de complemento verbal, usando-os para enriquecer seus próprios textos.",vigente,"aba Língua Portuguesa, linha 338","Base-Nacional-Comum-Curricular-BNCC.pdf, página PDF 191"
EF08LP10,ef-comp-lp,8,campo_pratica,,ef-comp-lp-catu-todos-os-campos-de-atuacao,ef-comp-lp-prat-analise-linguistica-semiotica,,ef-comp-lp-oc-morfossintaxe,"Interpretar, em textos lidos ou de produção própria, efeitos de sentido de modificadores do verbo (adjuntos adverbiais – advérbios e expressões adverbiais), usando-os para enriquecer seus próprios textos.",vigente,"aba Língua Portuguesa, linha 339","Base-Nacional-Comum-Curricular-BNCC.pdf, página PDF 191"
EF08LP11,ef-comp-lp,8,campo_pratica,,ef-comp-lp-catu-todos-os-campos-de-atuacao,ef-comp-lp-prat-analise-linguistica-semiotica,,ef-comp-lp-oc-morfossintaxe,"Identificar, em textos lidos ou de produção própria, agrupamento de orações em períodos, diferenciando coordenação de subordinação.",vigente,"aba Língua Portuguesa, linha 340","Base-Nacional-Comum-Curricular-BNCC.pdf, página PDF 191"
EF08LP12,ef-comp-lp,8,campo_pratica,,ef-comp-lp-catu-todos-os-campos-de-atuacao,ef-comp-lp-prat-analise-linguistica-semiotica,,ef-comp-lp-oc-morfossintaxe,"Identificar, em textos lidos, orações subordinadas com conjunções de uso frequente, incorporando-as às suas próprias produções.",vigente,"aba Língua Portuguesa, linha 341","Base-Nacional-Comum-Curricular-BNCC.pdf, página PDF 191"
EF08LP13,ef-comp-lp,8,campo_pratica,,ef-comp-lp-catu-todos-os-campos-de-atuacao,ef-comp-lp-prat-analise-linguistica-semiotica,,ef-comp-lp-oc-morfossintaxe,Inferir efeitos de sentido decorrentes do uso de recursos de coesão sequencial: conjunções e articuladores textuais.,vigente,"aba Língua Portuguesa, linha 342","Base-Nacional-Comum-Curricular-BNCC.pdf, página PDF 191"
EF08LP14,ef-comp-lp,8,campo_pratica,,ef-comp-lp-catu-todos-os-campos-de-atuacao,ef-comp-lp-prat-analise-linguistica-semiotica,,ef-comp-lp-oc-semantica,"Utilizar, ao produzir texto, recursos de coesão sequencial (articuladores) e referencial (léxica e pronominal), construções passivas e impessoais, discurso direto e indireto e outros recursos expressivos adequados ao gênero textual.",vigente,"aba Língua Portuguesa, linha 343","Base-Nacional-Comum-Curricular-BNCC.pdf, página PDF 193"
EF08LP15,ef-comp-lp,8,campo_pratica,,ef-comp-lp-catu-todos-os-campos-de-atuacao,ef-comp-lp-prat-analise-linguistica-semiotica,,ef-comp-lp-oc-coesao,"Estabelecer relações entre partes do texto, identificando o antecedente de um pronome relativo ou o referente comum de uma cadeia de substituições lexicais.",vigente,"aba Língua Portuguesa, linha 344","Base-Nacional-Comum-Curricular-BNCC.pdf, página PDF 193"
EF08LP16,ef-comp-lp,8,campo_pratica,,ef-comp-lp-catu-todos-os-campos-de-atuacao,ef-comp-lp-prat-analise-linguistica-semiotica,,ef-comp-lp-oc-modalizacao,"Explicar os efeitos de sentido do uso, em textos, de estratégias de modalização e argumentatividade (sinais de pontuação, adjetivos, substantivos, expressões de grau, verbos e perífrases verbais, advérbios etc.).",vigente,"aba Língua Portuguesa, linha 345","Base-Nacional-Comum-Curricular-BNCC.pdf, página PDF 193"
EF89LP01,ef-comp-lp,8 | 9,campo_pratica,,ef-comp-lp-catu-campo-jornalistico-midiatico,ef-comp-lp-prat-leitura,,ef-comp-lp-oc-reconstrucao-do-contexto-de-producao-circulacao-e-recepcao-de-textos | ef-comp-lp-oc-caracterizacao-do-campo-jornalistico-e-relacao-entre-os-generos-em-circulacao-midias-e-praticas-da-cultura-digital,"Analisar os interesses que movem o campo jornalístico, os efeitos das novas tecnologias no campo e as condições que fazem da informação uma mercadoria, de forma a poder desenvolver uma atitude crítica frente aos textos jornalísticos.",vigente,"aba Língua Portuguesa, linha 346","Base-Nacional-Comum-Curricular-BNCC.pdf, página PDF 179"
EF89LP02,ef-comp-lp,8 | 9,campo_pratica,,ef-comp-lp-catu-campo-jornalistico-midiatico,ef-comp-lp-prat-leitura,,ef-comp-lp-oc-reconstrucao-do-contexto-de-producao-circulacao-e-recepcao-de-textos | ef-comp-lp-oc-caracterizacao-do-campo-jornalistico-e-relacao-entre-os-generos-em-circulacao-midias-e-praticas-da-cultura-digital,"Analisar diferentes práticas (curtir, compartilhar, comentar, curar etc.) e textos pertencentes a diferentes gêneros da cultura digital (meme, gif, comentário, charge digital etc.) envolvidos no trato com a informação e opinião, de forma a possibilitar uma presença mais crítica e ética nas redes.",vigente,"aba Língua Portuguesa, linha 347","Base-Nacional-Comum-Curricular-BNCC.pdf, página PDF 179"
EF89LP03,ef-comp-lp,8 | 9,campo_pratica,,ef-comp-lp-catu-campo-jornalistico-midiatico,ef-comp-lp-prat-leitura,,ef-comp-lp-oc-estrategia-de-leitura-apreender-os-sentidos-globais-do-texto | ef-comp-lp-oc-apreciacao-e-replica,"Analisar textos de opinião (artigos de opinião, editoriais, cartas de leitores, comentários, posts de blog e de redes sociais, charges, memes, gifs etc.) e posicionar-se de forma crítica e fundamentada, ética e respeitosa frente a fatos e opiniões relacionados a esses textos.",vigente,"aba Língua Portuguesa, linha 348","Base-Nacional-Comum-Curricular-BNCC.pdf, página PDF 179"
EF89LP04,ef-comp-lp,8 | 9,campo_pratica,,ef-comp-lp-catu-campo-jornalistico-midiatico,ef-comp-lp-prat-leitura,,ef-comp-lp-oc-estrategia-de-leitura-apreender-os-sentidos-globais-do-texto | ef-comp-lp-oc-apreciacao-e-replica,"Identificar e avaliar teses/opiniões/posicionamentos explícitos e implícitos, argumentos e contra-argumentos em textos argumentativos do campo (carta de leitor, comentário, artigo de opinião, resenha crítica etc.), posicionando-se frente à questão controversa de forma sustentada.",vigente,"aba Língua Portuguesa, linha 349","Base-Nacional-Comum-Curricular-BNCC.pdf, página PDF 179"
EF89LP05,ef-comp-lp,8 | 9,campo_pratica,,ef-comp-lp-catu-campo-jornalistico-midiatico,ef-comp-lp-prat-leitura,,ef-comp-lp-oc-efeitos-de-sentido,"Analisar o efeito de sentido produzido pelo uso, em textos, de recurso a formas de apropriação textual (paráfrases, citações, discurso direto, indireto ou indireto livre).",vigente,"aba Língua Portuguesa, linha 350","Base-Nacional-Comum-Curricular-BNCC.pdf, página PDF 179"
EF89LP06,ef-comp-lp,8 | 9,campo_pratica,,ef-comp-lp-catu-campo-jornalistico-midiatico,ef-comp-lp-prat-leitura,,ef-comp-lp-oc-efeitos-de-sentido,"Analisar o uso de recursos persuasivos em textos argumentativos diversos (como a elaboração do título, escolhas lexicais, construções metafóricas, a explicitação ou a ocultação de fontes de informação) e seus efeitos de sentido.",vigente,"aba Língua Portuguesa, linha 351","Base-Nacional-Comum-Curricular-BNCC.pdf, página PDF 179"
EF89LP07,ef-comp-lp,8 | 9,campo_pratica,,ef-comp-lp-catu-campo-jornalistico-midiatico,ef-comp-lp-prat-leitura,,ef-comp-lp-oc-efeitos-de-sentido-exploracao-da-multissemiose,"Analisar, em notícias, reportagens e peças publicitárias em várias mídias, os efeitos de sentido devidos ao tratamento e à composição dos elementos nas imagens em movimento, à performance, à montagem feita (ritmo, duração e sincronização entre as linguagens – complementaridades, interferências etc.) e ao ritmo, melodia, instrumentos e sampleamentos das músicas e efeitos sonoros.",vigente,"aba Língua Portuguesa, linha 352","Base-Nacional-Comum-Curricular-BNCC.pdf, página PDF 179"
EF89LP08,ef-comp-lp,8 | 9,campo_pratica,,ef-comp-lp-catu-campo-jornalistico-midiatico,ef-comp-lp-prat-producao-de-textos,,ef-comp-lp-oc-estrategia-de-producao-planejamento-de-textos-informativos,"Planejar reportagem impressa e em outras mídias (rádio ou TV/vídeo, sites), tendo em vista as condições de produção do texto – objetivo, leitores/espectadores, veículos e mídia de circulação etc. – a partir da escolha do fato a ser aprofundado ou do tema a ser focado (de relevância para a turma, escola ou comunidade), do levantamento de dados e informações sobre o fato ou tema – que pode envolver entrevistas com envolvidos ou com especialistas, consultas a fontes diversas, análise de documentos, cobertura de eventos etc. -, do registro dessas informações e dados, da escolha de fotos ou imagens a produzir ou a utilizar etc., da produção de infográficos, quando for o caso, e da organização hipertextual (no caso a publicação em sites ou blogs noticiosos ou mesmo de jornais impressos, por meio de boxes variados).",vigente,"aba Língua Portuguesa, linha 353","Base-Nacional-Comum-Curricular-BNCC.pdf, página PDF 181"
EF89LP09,ef-comp-lp,8 | 9,campo_pratica,,ef-comp-lp-catu-campo-jornalistico-midiatico,ef-comp-lp-prat-producao-de-textos,,ef-comp-lp-oc-estrategia-de-producao-textualizacao-de-textos-informativos,"Produzir reportagem impressa, com título, linha fina (optativa), organização composicional (expositiva, interpretativa e/ou opinativa), progressão temática e uso de recursos linguísticos compatíveis com as escolhas feitas e reportagens multimidiáticas, tendo em vista as condições de produção, as características do gênero, os recursos e mídias disponíveis, sua organização hipertextual e o manejo adequado de recursos de captação e edição de áudio e imagem e adequação à norma-padrão.",vigente,"aba Língua Portuguesa, linha 354","Base-Nacional-Comum-Curricular-BNCC.pdf, página PDF 181"
EF89LP10,ef-comp-lp,8 | 9,campo_pratica,,ef-comp-lp-catu-campo-jornalistico-midiatico,ef-comp-lp-prat-producao-de-textos,,ef-comp-lp-oc-estrategia-de-producao-planejamento-de-textos-argumentativos-e-apreciativos,"Planejar artigos de opinião, tendo em vista as condições de produção do texto – objetivo, leitores/espectadores, veículos e mídia de circulação etc. –, a partir da escolha do tema ou questão a ser discutido(a), da relevância para a turma, escola ou comunidade, do levantamento de dados e informações sobre a questão, de argumentos relacionados a diferentes posicionamentos em jogo, da definição – o que pode envolver consultas a fontes diversas, entrevistas com especialistas, análise de textos, organização esquemática das informações e argumentos – dos (tipos de) argumentos e estratégias que pretende utilizar para convencer os leitores.",vigente,"aba Língua Portuguesa, linha 355","Base-Nacional-Comum-Curricular-BNCC.pdf, página PDF 181"
EF89LP11,ef-comp-lp,8 | 9,campo_pratica,,ef-comp-lp-catu-campo-jornalistico-midiatico,ef-comp-lp-prat-producao-de-textos,,ef-comp-lp-oc-estrategias-de-producao-planejamento-textualizacao-revisao-e-edicao-de-textos-publicitarios,"Produzir, revisar e editar peças e campanhas publicitárias, envolvendo o uso articulado e complementar de diferentes peças publicitárias: cartaz, banner, indoor, folheto, panfleto, anúncio de jornal/revista, para internet, spot, propaganda de rádio, TV, a partir da escolha da questão/problema/causa significativa para a escola e/ou a comunidade escolar, da definição do público-alvo, das peças que serão produzidas, das estratégias de persuasão e convencimento que serão utilizadas.",vigente,"aba Língua Portuguesa, linha 356","Base-Nacional-Comum-Curricular-BNCC.pdf, página PDF 181"
EF89LP12,ef-comp-lp,8 | 9,campo_pratica,,ef-comp-lp-catu-campo-jornalistico-midiatico,ef-comp-lp-prat-oralidade,,ef-comp-lp-oc-estrategias-de-producao-planejamento-e-participacao-em-debates-regrados,"Planejar coletivamente a realização de um debate sobre tema previamente definido, de interesse coletivo, com regras acordadas e planejar, em grupo, participação em debate a partir do levantamento de informações e argumentos que possam sustentar o posicionamento a ser defendido (o que pode envolver entrevistas com especialistas, consultas a fontes diversas, o registro das informações e dados obtidos etc.), tendo em vista as condições de produção do debate – perfil dos ouvintes e demais participantes, objetivos do debate, motivações para sua realização, argumentos e estratégias de convencimento mais eficazes etc. e participar de debates regrados, na condição de membro de uma equipe de debatedor, apresentador/mediador, espectador (com ou sem direito a perguntas), e/ou de juiz/avaliador, como forma de compreender o funcionamento do debate, e poder participar de forma convincente, ética, respeitosa e crítica e desenvolver uma atitude de respeito e diálogo para com as ideias divergentes.",vigente,"aba Língua Portuguesa, linha 357","Base-Nacional-Comum-Curricular-BNCC.pdf, página PDF 183"
EF89LP13,ef-comp-lp,8 | 9,campo_pratica,,ef-comp-lp-catu-campo-jornalistico-midiatico,ef-comp-lp-prat-oralidade,,ef-comp-lp-oc-estrategias-de-producao-planejamento-realizacao-e-edicao-de-entrevistas-orais,"Planejar entrevistas orais com pessoas ligadas ao fato noticiado, especialistas etc., como forma de obter dados e informações sobre os fatos cobertos sobre o tema ou questão discutida ou temáticas em estudo, levando em conta o gênero e seu contexto de produção, partindo do levantamento de informações sobre o entrevistado e sobre a temática e da elaboração de um roteiro de perguntas, garantindo a relevância das informações mantidas e a continuidade temática, realizar entrevista e fazer edição em áudio ou vídeo, incluindo uma contextualização inicial e uma fala de encerramento para publicação da entrevista isoladamente ou como parte integrante de reportagem multimidiática, adequando-a a seu contexto de publicação e garantindo a relevância das informações mantidas e a continuidade temática.",vigente,"aba Língua Portuguesa, linha 358","Base-Nacional-Comum-Curricular-BNCC.pdf, página PDF 183"
EF89LP14,ef-comp-lp,8 | 9,campo_pratica,,ef-comp-lp-catu-campo-jornalistico-midiatico,ef-comp-lp-prat-analise-linguistica-semiotica,,ef-comp-lp-oc-argumentacao-movimentos-argumentativos-tipos-de-argumento-e-forca-argumentativa,"Analisar, em textos argumentativos e propositivos, os movimentos argumentativos de sustentação, refutação e negociação e os tipos de argumentos, avaliando a força/tipo dos argumentos utilizados.",vigente,"aba Língua Portuguesa, linha 359","Base-Nacional-Comum-Curricular-BNCC.pdf, página PDF 183"
EF89LP15,ef-comp-lp,8 | 9,campo_pratica,,ef-comp-lp-catu-campo-jornalistico-midiatico,ef-comp-lp-prat-analise-linguistica-semiotica,,ef-comp-lp-oc-estilo,"Utilizar, nos debates, operadores argumentativos que marcam a defesa de ideia e de diálogo com a tese do outro: concordo, discordo, concordo parcialmente, do meu ponto de vista, na perspectiva aqui assumida etc.",vigente,"aba Língua Portuguesa, linha 360","Base-Nacional-Comum-Curricular-BNCC.pdf, página PDF 183"
EF89LP16,ef-comp-lp,8 | 9,campo_pratica,,ef-comp-lp-catu-campo-jornalistico-midiatico,ef-comp-lp-prat-analise-linguistica-semiotica,,ef-comp-lp-oc-modalizacao,"Analisar a modalização realizada em textos noticiosos e argumentativos, por meio das modalidades apreciativas, viabilizadas por classes e estruturas gramaticais como adjetivos, locuções adjetivas, advérbios, locuções adverbiais, orações adjetivas e adverbiais, orações relativas restritivas e explicativas etc., de maneira a perceber a apreciação ideológica sobre os fatos noticiados ou as posições implícitas ou assumidas.",vigente,"aba Língua Portuguesa, linha 361","Base-Nacional-Comum-Curricular-BNCC.pdf, página PDF 183"
EF89LP17,ef-comp-lp,8 | 9,campo_pratica,,ef-comp-lp-catu-campo-de-atuacao-na-vida-publica,ef-comp-lp-prat-leitura,,ef-comp-lp-oc-reconstrucao-do-contexto-de-producao-circulacao-e-recepcao-de-textos-legais-e-normativos,"Relacionar textos e documentos legais e normativos de importância universal, nacional ou local que envolvam direitos, em especial, de crianças, adolescentes e jovens – tais como a Declaração dos Direitos Humanos, a Constituição Brasileira, o ECA -, e a regulamentação da organização escolar – por exemplo, regimento escolar -, a seus contextos de produção, reconhecendo e analisando possíveis motivações, finalidades e sua vinculação com experiências humanas e fatos históricos e sociais, como forma de ampliar a compreensão dos direitos e deveres, de fomentar os princípios democráticos e uma atuação pautada pela ética da responsabilidade (o outro tem direito a uma vida digna tanto quanto eu tenho).",vigente,"aba Língua Portuguesa, linha 362","Base-Nacional-Comum-Curricular-BNCC.pdf, página PDF 185"
EF89LP18,ef-comp-lp,8 | 9,campo_pratica,,ef-comp-lp-catu-campo-de-atuacao-na-vida-publica,ef-comp-lp-prat-leitura,,ef-comp-lp-oc-contexto-de-producao-circulacao-e-recepcao-de-textos-e-praticas-relacionadas-a-defesa-de-direitos-e-a-participacao-social,"Explorar e analisar instâncias e canais de participação disponíveis na escola (conselho de escola, outros colegiados, grêmio livre), na comunidade (associações, coletivos, movimentos, etc.), no munícipio ou no país, incluindo formas de participação digital, como canais e plataformas de participação (como portal e-cidadania), serviços, portais e ferramentas de acompanhamentos do trabalho de políticos e de tramitação de leis, canais de educação política, bem como de propostas e proposições que circulam nesses canais, de forma a participar do debate de ideias e propostas na esfera social e a engajar-se com a busca de soluções para problemas ou questões que envolvam a vida da escola e da comunidade.",vigente,"aba Língua Portuguesa, linha 363","Base-Nacional-Comum-Curricular-BNCC.pdf, página PDF 185"
EF89LP19,ef-comp-lp,8 | 9,campo_pratica,,ef-comp-lp-catu-campo-de-atuacao-na-vida-publica,ef-comp-lp-prat-leitura,,ef-comp-lp-oc-relacao-entre-contexto-de-producao-e-caracteristicas-composicionais-e-estilisticas-dos-generos | ef-comp-lp-oc-apreciacao-e-replica,"Analisar, a partir do contexto de produção, a forma de organização das cartas abertas, abaixo-assinados e petições on-line (identificação dos signatários, explicitação da reivindicação feita, acompanhada ou não de uma breve apresentação da problemática e/ou de justificativas que visam sustentar a reivindicação) e a proposição, discussão e aprovação de propostas políticas ou de soluções para problemas de interesse público, apresentadas ou lidas nos canais digitais de participação, identificando suas marcas linguísticas, como forma de possibilitar a escrita ou subscrição consciente de abaixo-assinados e textos dessa natureza e poder se posicionar de forma crítica e fundamentada frente às propostas.",vigente,"aba Língua Portuguesa, linha 364","Base-Nacional-Comum-Curricular-BNCC.pdf, página PDF 185"
EF89LP20,ef-comp-lp,8 | 9,campo_pratica,,ef-comp-lp-catu-campo-de-atuacao-na-vida-publica,ef-comp-lp-prat-leitura,,ef-comp-lp-oc-estrategias-e-procedimentos-de-leitura-em-textos-reivindicatorios-ou-propositivos,"Comparar propostas políticas e de solução de problemas, identificando o que se pretende fazer/implementar, por que (motivações, justificativas), para que (objetivos, benefícios e consequências esperados), como (ações e passos), quando etc. e a forma de avaliar a eficácia da proposta/solução, contrastando dados e informações de diferentes fontes, identificando coincidências, complementaridades e contradições, de forma a poder compreender e posicionar-se criticamente sobre os dados e informações usados em fundamentação de propostas e analisar a coerência entre os elementos, de forma a tomar decisões fundamentadas.",vigente,"aba Língua Portuguesa, linha 365","Base-Nacional-Comum-Curricular-BNCC.pdf, página PDF 185"
EF89LP21,ef-comp-lp,8 | 9,campo_pratica,,ef-comp-lp-catu-campo-de-atuacao-na-vida-publica,ef-comp-lp-prat-producao-de-textos,,ef-comp-lp-oc-estrategia-de-producao-planejamento-de-textos-reivindicatorios-ou-propositivos,"Realizar enquetes e pesquisas de opinião, de forma a levantar prioridades, problemas a resolver ou propostas que possam contribuir para melhoria da escola ou da comunidade, caracterizar demanda/necessidade, documentando-a de diferentes maneiras por meio de diferentes procedimentos, gêneros e mídias e, quando for o caso, selecionar informações e dados relevantes de fontes pertinentes diversas (sites, impressos, vídeos etc.), avaliando a qualidade e a utilidade dessas fontes, que possam servir de contextualização e fundamentação de propostas, de forma a justificar a proposição de propostas, projetos culturais e ações de intervenção.",vigente,"aba Língua Portuguesa, linha 366","Base-Nacional-Comum-Curricular-BNCC.pdf, página PDF 185"
EF89LP22,ef-comp-lp,8 | 9,campo_pratica,,ef-comp-lp-catu-campo-de-atuacao-na-vida-publica,ef-comp-lp-prat-oralidade,,ef-comp-lp-oc-escuta | ef-comp-lp-oc-apreender-o-sentido-geral-dos-textos-apreciacao-e-replica-producao-proposta,"Compreender e comparar as diferentes posições e interesses em jogo em uma discussão ou apresentação de propostas, avaliando a validade e força dos argumentos e as consequências do que está sendo proposto e, quando for o caso, formular e negociar propostas de diferentes naturezas relativas a interesses coletivos envolvendo a escola ou comunidade escolar.",vigente,"aba Língua Portuguesa, linha 367","Base-Nacional-Comum-Curricular-BNCC.pdf, página PDF 187"
EF89LP23,ef-comp-lp,8 | 9,campo_pratica,,ef-comp-lp-catu-campo-de-atuacao-na-vida-publica,ef-comp-lp-prat-analise-linguistica-semiotica,,ef-comp-lp-oc-movimentos-argumentativos-e-forca-dos-argumentos,"Analisar, em textos argumentativos, reivindicatórios e propositivos, os movimentos argumentativos utilizados (sustentação, refutação e negociação), avaliando a força dos argumentos utilizados.",vigente,"aba Língua Portuguesa, linha 368","Base-Nacional-Comum-Curricular-BNCC.pdf, página PDF 187"
EF89LP24,ef-comp-lp,8 | 9,campo_pratica,,ef-comp-lp-catu-campo-de-atuacao-na-vida-publica,ef-comp-lp-prat-leitura,,ef-comp-lp-oc-curadoria-de-informacao,"Realizar pesquisa, estabelecendo o recorte das questões, usando fontes abertas e confiáveis.",vigente,"aba Língua Portuguesa, linha 369","Base-Nacional-Comum-Curricular-BNCC.pdf, página PDF 187"
EF89LP25,ef-comp-lp,8 | 9,campo_pratica,,ef-comp-lp-catu-campo-de-atuacao-na-vida-publica,ef-comp-lp-prat-producao-de-textos,,ef-comp-lp-oc-estrategias-de-escrita-textualizacao-revisao-e-edicao,"Divulgar o resultado de pesquisas por meio de apresentações orais, verbetes de enciclopédias colaborativas, reportagens de divulgação científica, vlogs científicos, vídeos de diferentes tipos etc.",vigente,"aba Língua Portuguesa, linha 370","Base-Nacional-Comum-Curricular-BNCC.pdf, página PDF 187"
EF89LP26,ef-comp-lp,8 | 9,campo_pratica,,ef-comp-lp-catu-campo-de-atuacao-na-vida-publica,ef-comp-lp-prat-producao-de-textos,,ef-comp-lp-oc-estrategias-de-escrita-textualizacao-revisao-e-edicao,"Produzir resenhas, a partir das notas e/ou esquemas feitos, com o manejo adequado das vozes envolvidas (do resenhador, do autor da obra e, se for o caso, também dos autores citados na obra resenhada), por meio do uso de paráfrases, marcas do discurso reportado e citações.",vigente,"aba Língua Portuguesa, linha 371","Base-Nacional-Comum-Curricular-BNCC.pdf, página PDF 187"
EF89LP27,ef-comp-lp,8 | 9,campo_pratica,,ef-comp-lp-catu-campo-de-atuacao-na-vida-publica,ef-comp-lp-prat-oralidade,,ef-comp-lp-oc-conversacao-espontanea,"Tecer considerações e formular problematizações pertinentes, em momentos oportunos, em situações de aulas, apresentação oral, seminário etc.",vigente,"aba Língua Portuguesa, linha 372","Base-Nacional-Comum-Curricular-BNCC.pdf, página PDF 187"
EF89LP28,ef-comp-lp,8 | 9,campo_pratica,,ef-comp-lp-catu-campo-de-atuacao-na-vida-publica,ef-comp-lp-prat-oralidade,,ef-comp-lp-oc-procedimentos-de-apoio-a-compreensao-tomada-de-nota,"Tomar nota de videoaulas, aulas digitais, apresentações multimídias, vídeos de divulgação científica, documentários e afins, identificando, em função dos objetivos, informações principais para apoio ao estudo e realizando, quando necessário, uma síntese final que destaque e reorganize os pontos ou conceitos centrais e suas relações e que, em alguns casos, seja acompanhada de reflexões pessoais, que podem conter dúvidas, questionamentos, considerações etc.",vigente,"aba Língua Portuguesa, linha 373","Base-Nacional-Comum-Curricular-BNCC.pdf, página PDF 187"
EF89LP29,ef-comp-lp,8 | 9,campo_pratica,,ef-comp-lp-catu-campo-de-atuacao-na-vida-publica,ef-comp-lp-prat-analise-linguistica-semiotica,,ef-comp-lp-oc-textualizacao-progressao-tematica,"Utilizar e perceber mecanismos de progressão temática, tais como retomadas anafóricas (“que, cujo, onde”, pronomes do caso reto e oblíquos, pronomes demonstrativos, nomes correferentes etc.), catáforas (remetendo para adiante ao invés de retomar o já dito), uso de organizadores textuais, de coesivos etc., e analisar os mecanismos de reformulação e paráfrase utilizados nos textos de divulgação do conhecimento.",vigente,"aba Língua Portuguesa, linha 374","Base-Nacional-Comum-Curricular-BNCC.pdf, página PDF 187"
EF89LP30,ef-comp-lp,8 | 9,campo_pratica,,ef-comp-lp-catu-campo-de-atuacao-na-vida-publica,ef-comp-lp-prat-analise-linguistica-semiotica,,ef-comp-lp-oc-textualizacao,Analisar a estrutura de hipertexto e hiperlinks em textos de divulgação científica que circulam na Web e proceder à remissão a conceitos e relações por meio de links.,vigente,"aba Língua Portuguesa, linha 375","Base-Nacional-Comum-Curricular-BNCC.pdf, página PDF 187"
EF89LP31,ef-comp-lp,8 | 9,campo_pratica,,ef-comp-lp-catu-campo-de-atuacao-na-vida-publica,ef-comp-lp-prat-analise-linguistica-semiotica,,ef-comp-lp-oc-modalizacao,"Analisar e utilizar modalização epistêmica, isto é, modos de indicar uma avaliação sobre o valor de verdade e as condições de verdade de uma proposição, tais como os asseverativos – quando se concorda com (“realmente, evidentemente, naturalmente, efetivamente, claro, certo, lógico, sem dúvida” etc.) ou discorda de (“de jeito nenhum, de forma alguma”) uma ideia; e os quase-asseverativos, que indicam que se considera o conteúdo como quase certo (“talvez, assim, possivelmente, provavelmente, eventualmente”).",vigente,"aba Língua Portuguesa, linha 376","Base-Nacional-Comum-Curricular-BNCC.pdf, página PDF 187"
EF89LP32,ef-comp-lp,8 | 9,campo_pratica,,ef-comp-lp-catu-campo-artistico-literario,ef-comp-lp-prat-leitura,,ef-comp-lp-oc-relacao-entre-textos,"Analisar os efeitos de sentido decorrentes do uso de mecanismos de intertextualidade (referências, alusões, retomadas) entre os textos literários, entre esses textos literários e outras manifestações artísticas (cinema, teatro, artes visuais e midiáticas, música), quanto aos temas, personagens, estilos, autores etc., e entre o texto original e paródias, paráfrases, pastiches, trailer honesto, vídeos-minuto, vidding, dentre outros.",vigente,"aba Língua Portuguesa, linha 377","Base-Nacional-Comum-Curricular-BNCC.pdf, página PDF 189"
EF89LP33,ef-comp-lp,8 | 9,campo_pratica,,ef-comp-lp-catu-campo-artistico-literario,ef-comp-lp-prat-leitura,,ef-comp-lp-oc-estrategias-de-leitura-apreciacao-e-replica,"Ler, de forma autônoma, e compreender – selecionando procedimentos e estratégias de leitura adequados a diferentes objetivos e levando em conta características dos gêneros e suportes – romances, contos contemporâneos, minicontos, fábulas contemporâneas, romances juvenis, biografias romanceadas, novelas, crônicas visuais, narrativas de ficção científica, narrativas de suspense, poemas de forma livre e fixa (como haicai), poema concreto, ciberpoema, dentre outros, expressando avaliação sobre o texto lido e estabelecendo preferências por gêneros, temas, autores.",vigente,"aba Língua Portuguesa, linha 378","Base-Nacional-Comum-Curricular-BNCC.pdf, página PDF 189"
EF89LP34,ef-comp-lp,8 | 9,campo_pratica,,ef-comp-lp-catu-campo-artistico-literario,ef-comp-lp-prat-leitura,,ef-comp-lp-oc-reconstrucao-da-textualidade-e-compreensao-dos-efeitos-de-sentidos-provocados-pelos-usos-de-recursos-linguisticos-e-multissemioticos,"Analisar a organização de texto dramático apresentado em teatro, televisão, cinema, identificando e percebendo os sentidos decorrentes dos recursos linguísticos e semióticos que sustentam sua realização como peça teatral, novela, filme etc.",vigente,"aba Língua Portuguesa, linha 379","Base-Nacional-Comum-Curricular-BNCC.pdf, página PDF 189"
EF89LP35,ef-comp-lp,8 | 9,campo_pratica,,ef-comp-lp-catu-campo-artistico-literario,ef-comp-lp-prat-producao-de-textos,,ef-comp-lp-oc-construcao-da-textualidade,"Criar contos ou crônicas (em especial, líricas), crônicas visuais, minicontos, narrativas de aventura e de ficção científica, dentre outros, com temáticas próprias ao gênero, usando os conhecimentos sobre os constituintes estruturais e recursos expressivos típicos dos gêneros narrativos pretendidos, e, no caso de produção em grupo, ferramentas de escrita colaborativa.",vigente,"aba Língua Portuguesa, linha 380","Base-Nacional-Comum-Curricular-BNCC.pdf, página PDF 189"
EF89LP36,ef-comp-lp,8 | 9,campo_pratica,,ef-comp-lp-catu-campo-artistico-literario,ef-comp-lp-prat-producao-de-textos,,ef-comp-lp-oc-relacao-entre-textos,"Parodiar poemas conhecidos da literatura e criar textos em versos (como poemas concretos, ciberpoemas, haicais, liras, microrroteiros, lambe-lambes e outros tipos de poemas), explorando o uso de recursos sonoros e semânticos (como figuras de linguagem e jogos de palavras) e visuais (como relações entre imagem e texto verbal e distribuição da mancha gráfica), de forma a propiciar diferentes efeitos de sentido.",vigente,"aba Língua Portuguesa, linha 381","Base-Nacional-Comum-Curricular-BNCC.pdf, página PDF 189"
EF89LP37,ef-comp-lp,8 | 9,campo_pratica,,ef-comp-lp-catu-todos-os-campos-de-atuacao,ef-comp-lp-prat-analise-linguistica-semiotica,,ef-comp-lp-oc-figuras-de-linguagem,"Analisar os efeitos de sentido do uso de figuras de linguagem como ironia, eufemismo, antítese, aliteração, assonância, dentre outras.",vigente,"aba Língua Portuguesa, linha 382","Base-Nacional-Comum-Curricular-BNCC.pdf, página PDF 193"
EF09LP01,ef-comp-lp,9,campo_pratica,,ef-comp-lp-catu-campo-jornalistico-midiatico,ef-comp-lp-prat-leitura,,ef-comp-lp-oc-reconstrucao-do-contexto-de-producao-circulacao-e-recepcao-de-textos | ef-comp-lp-oc-caracterizacao-do-campo-jornalistico-e-relacao-entre-os-generos-em-circulacao-midias-e-praticas-da-cultura-digital,"Analisar o fenômeno da disseminação de notícias falsas nas redes sociais e desenvolver estratégias para reconhecê-las, a partir da verificação/avaliação do veículo, fonte, data e local da publicação, autoria, URL, da análise da formatação, da comparação de diferentes fontes, da consulta a sites de curadoria que atestam a fidedignidade do relato dos fatos e denunciam boatos etc.",vigente,"aba Língua Portuguesa, linha 383","Base-Nacional-Comum-Curricular-BNCC.pdf, página PDF 179"
EF09LP02,ef-comp-lp,9,campo_pratica,,ef-comp-lp-catu-campo-jornalistico-midiatico,ef-comp-lp-prat-leitura,,ef-comp-lp-oc-relacao-entre-textos,"Analisar e comentar a cobertura da imprensa sobre fatos de relevância social, comparando diferentes enfoques por meio do uso de ferramentas de curadoria.",vigente,"aba Língua Portuguesa, linha 384","Base-Nacional-Comum-Curricular-BNCC.pdf, página PDF 179"
EF09LP03,ef-comp-lp,9,campo_pratica,,ef-comp-lp-catu-campo-jornalistico-midiatico,ef-comp-lp-prat-producao-de-textos,,ef-comp-lp-oc-textualizacao-de-textos-argumentativos-e-apreciativos,"Produzir artigos de opinião, tendo em vista o contexto de produção dado, assumindo posição diante de tema polêmico, argumentando de acordo com a estrutura própria desse tipo de texto e utilizando diferentes tipos de argumentos – de autoridade, comprovação, exemplificação princípio etc.",vigente,"aba Língua Portuguesa, linha 385","Base-Nacional-Comum-Curricular-BNCC.pdf, página PDF 181"
EF09LP04,ef-comp-lp,9,campo_pratica,,ef-comp-lp-catu-todos-os-campos-de-atuacao,ef-comp-lp-prat-analise-linguistica-semiotica,,ef-comp-lp-oc-fono-ortografia,"Escrever textos corretamente, de acordo com a norma-padrão, com estruturas sintáticas complexas no nível da oração e do período.",vigente,"aba Língua Portuguesa, linha 386","Base-Nacional-Comum-Curricular-BNCC.pdf, página PDF 189"
EF09LP05,ef-comp-lp,9,campo_pratica,,ef-comp-lp-catu-todos-os-campos-de-atuacao,ef-comp-lp-prat-analise-linguistica-semiotica,,ef-comp-lp-oc-morfossintaxe,"Identificar, em textos lidos e em produções próprias, orações com a estrutura sujeito-verbo de ligação-predicativo.",vigente,"aba Língua Portuguesa, linha 387","Base-Nacional-Comum-Curricular-BNCC.pdf, página PDF 191"
EF09LP06,ef-comp-lp,9,campo_pratica,,ef-comp-lp-catu-todos-os-campos-de-atuacao,ef-comp-lp-prat-analise-linguistica-semiotica,,ef-comp-lp-oc-morfossintaxe,"Diferenciar, em textos lidos e em produções próprias, o efeito de sentido do uso dos verbos de ligação “ser”, “estar”, “ficar”, “parecer” e “permanecer”.",vigente,"aba Língua Portuguesa, linha 388","Base-Nacional-Comum-Curricular-BNCC.pdf, página PDF 191"
EF09LP07,ef-comp-lp,9,campo_pratica,,ef-comp-lp-catu-todos-os-campos-de-atuacao,ef-comp-lp-prat-analise-linguistica-semiotica,,ef-comp-lp-oc-morfossintaxe,Comparar o uso de regência verbal e regência nominal na norma-padrão com seu uso no português brasileiro coloquial oral.,vigente,"aba Língua Portuguesa, linha 389","Base-Nacional-Comum-Curricular-BNCC.pdf, página PDF 191"
EF09LP08,ef-comp-lp,9,campo_pratica,,ef-comp-lp-catu-todos-os-campos-de-atuacao,ef-comp-lp-prat-analise-linguistica-semiotica,,ef-comp-lp-oc-morfossintaxe,"Identificar, em textos lidos e em produções próprias, a relação que conjunções (e locuções conjuntivas) coordenativas e subordinativas estabelecem entre as orações que conectam.",vigente,"aba Língua Portuguesa, linha 390","Base-Nacional-Comum-Curricular-BNCC.pdf, página PDF 191"
EF09LP09,ef-comp-lp,9,campo_pratica,,ef-comp-lp-catu-todos-os-campos-de-atuacao,ef-comp-lp-prat-analise-linguistica-semiotica,,ef-comp-lp-oc-elementos-notacionais-da-escrita-morfossintaxe,Identificar efeitos de sentido do uso de orações adjetivas restritivas e explicativas em um período composto.,vigente,"aba Língua Portuguesa, linha 391","Base-Nacional-Comum-Curricular-BNCC.pdf, página PDF 193"
EF09LP10,ef-comp-lp,9,campo_pratica,,ef-comp-lp-catu-todos-os-campos-de-atuacao,ef-comp-lp-prat-analise-linguistica-semiotica,,ef-comp-lp-oc-coesao,Comparar as regras de colocação pronominal na norma-padrão com o seu uso no português brasileiro coloquial.,vigente,"aba Língua Portuguesa, linha 392","Base-Nacional-Comum-Curricular-BNCC.pdf, página PDF 193"
EF09LP11,ef-comp-lp,9,campo_pratica,,ef-comp-lp-catu-todos-os-campos-de-atuacao,ef-comp-lp-prat-analise-linguistica-semiotica,,ef-comp-lp-oc-coesao,Inferir efeitos de sentido decorrentes do uso de recursos de coesão sequencial (conjunções e articuladores textuais).,vigente,"aba Língua Portuguesa, linha 393","Base-Nacional-Comum-Curricular-BNCC.pdf, página PDF 193"
EF09LP12,ef-comp-lp,9,campo_pratica,,ef-comp-lp-catu-todos-os-campos-de-atuacao,ef-comp-lp-prat-analise-linguistica-semiotica,,ef-comp-lp-oc-variacao-linguistica,"Identificar estrangeirismos, caracterizando-os segundo a conservação, ou não, de sua forma gráfica de origem, avaliando a pertinência, ou não, de seu uso.",vigente,"aba Língua Portuguesa, linha 394","Base-Nacional-Comum-Curricular-BNCC.pdf, página PDF 193"
EF15AR01,ef-comp-ar,1 | 2 | 3 | 4 | 5,unidade_tematica,ef-comp-ar-ut-artes-visuais,,,,ef-comp-ar-oc-contextos-e-praticas,"Identificar e apreciar formas distintas das artes visuais tradicionais e contemporâneas, cultivando a percepção, o imaginário, a capacidade de simbolizar e o repertório imagético.",vigente,"aba Arte, linha 4","Base-Nacional-Comum-Curricular-BNCC.pdf, página PDF 203"
EF15AR02,ef-comp-ar,1 | 2 | 3 | 4 | 5,unidade_tematica,ef-comp-ar-ut-artes-visuais,,,,ef-comp-ar-oc-elementos-da-linguagem,"Explorar e reconhecer elementos constitutivos das artes visuais (ponto, linha, forma, cor, espaço, movimento etc.).",vigente,"aba Arte, linha 5","Base-Nacional-Comum-Curricular-BNCC.pdf, página PDF 203"
EF15AR03,ef-comp-ar,1 | 2 | 3 | 4 | 5,unidade_tematica,ef-comp-ar-ut-artes-visuais,,,,ef-comp-ar-oc-matrizes-esteticas-e-culturais,"Reconhecer e analisar a influência de distintas matrizes estéticas e culturais das artes visuais nas manifestações artísticas das culturas locais, regionais e nacionais.",vigente,"aba Arte, linha 6","Base-Nacional-Comum-Curricular-BNCC.pdf, página PDF 203"
EF15AR04,ef-comp-ar,1 | 2 | 3 | 4 | 5,unidade_tematica,ef-comp-ar-ut-artes-visuais,,,,ef-comp-ar-oc-materialidades,"Experimentar diferentes formas de expressão artística (desenho, pintura, colagem, quadrinhos, dobradura, escultura, modelagem, instalação, vídeo, fotografia etc.), fazendo uso sustentável de materiais, instrumentos, recursos e técnicas convencionais e não convencionais.",vigente,"aba Arte, linha 7","Base-Nacional-Comum-Curricular-BNCC.pdf, página PDF 203"
EF15AR05,ef-comp-ar,1 | 2 | 3 | 4 | 5,unidade_tematica,ef-comp-ar-ut-artes-visuais,,,,ef-comp-ar-oc-processos-de-criacao,"Experimentar a criação em artes visuais de modo individual, coletivo e colaborativo, explorando diferentes espaços da escola e da comunidade.",vigente,"aba Arte, linha 8","Base-Nacional-Comum-Curricular-BNCC.pdf, página PDF 203"
EF15AR06,ef-comp-ar,1 | 2 | 3 | 4 | 5,unidade_tematica,ef-comp-ar-ut-artes-visuais,,,,ef-comp-ar-oc-processos-de-criacao,"Dialogar sobre a sua criação e as dos colegas, para alcançar sentidos plurais.",vigente,"aba Arte, linha 9","Base-Nacional-Comum-Curricular-BNCC.pdf, página PDF 203"
EF15AR07,ef-comp-ar,1 | 2 | 3 | 4 | 5,unidade_tematica,ef-comp-ar-ut-artes-visuais,,,,ef-comp-ar-oc-sistemas-da-linguagem,"Reconhecer algumas categorias do sistema das artes visuais (museus, galerias, instituições, artistas, artesãos, curadores etc.).",vigente,"aba Arte, linha 10","Base-Nacional-Comum-Curricular-BNCC.pdf, página PDF 203"
EF15AR08,ef-comp-ar,1 | 2 | 3 | 4 | 5,unidade_tematica,ef-comp-ar-ut-danca,,,,ef-comp-ar-oc-contextos-e-praticas,"Experimentar e apreciar formas distintas de manifestações da dança presentes em diferentes contextos, cultivando a percepção, o imaginário, a capacidade de simbolizar e o repertório corporal.",vigente,"aba Arte, linha 11","Base-Nacional-Comum-Curricular-BNCC.pdf, página PDF 203"
EF15AR09,ef-comp-ar,1 | 2 | 3 | 4 | 5,unidade_tematica,ef-comp-ar-ut-danca,,,,ef-comp-ar-oc-elementos-da-linguagem,Estabelecer relações entre as partes do corpo e destas com o todo corporal na construção do movimento dançado.,vigente,"aba Arte, linha 12","Base-Nacional-Comum-Curricular-BNCC.pdf, página PDF 203"
EF15AR10,ef-comp-ar,1 | 2 | 3 | 4 | 5,unidade_tematica,ef-comp-ar-ut-danca,,,,ef-comp-ar-oc-elementos-da-linguagem,"Experimentar diferentes formas de orientação no espaço (deslocamentos, planos, direções, caminhos etc.) e ritmos de movimento (lento, moderado e rápido) na construção do movimento dançado.",vigente,"aba Arte, linha 13","Base-Nacional-Comum-Curricular-BNCC.pdf, página PDF 203"
EF15AR11,ef-comp-ar,1 | 2 | 3 | 4 | 5,unidade_tematica,ef-comp-ar-ut-danca,,,,ef-comp-ar-oc-processos-de-criacao,"Criar e improvisar movimentos dançados de modo individual, coletivo e colaborativo, considerando os aspectos estruturais, dinâmicos e expressivos dos elementos constitutivos do movimento, com base nos códigos de dança.",vigente,"aba Arte, linha 14","Base-Nacional-Comum-Curricular-BNCC.pdf, página PDF 203"
EF15AR12,ef-comp-ar,1 | 2 | 3 | 4 | 5,unidade_tematica,ef-comp-ar-ut-danca,,,,ef-comp-ar-oc-processos-de-criacao,"Discutir, com respeito e sem preconceito, as experiências pessoais e coletivas em dança vivenciadas na escola, como fonte para a construção de vocabulários e repertórios próprios.",vigente,"aba Arte, linha 15","Base-Nacional-Comum-Curricular-BNCC.pdf, página PDF 203"
EF15AR13,ef-comp-ar,1 | 2 | 3 | 4 | 5,unidade_tematica,ef-comp-ar-ut-musica,,,,ef-comp-ar-oc-contextos-e-praticas,"Identificar e apreciar criticamente diversas formas e gêneros de expressão musical, reconhecendo e analisando os usos e as funções da música em diversos contextos de circulação, em especial, aqueles da vida cotidiana.",vigente,"aba Arte, linha 16","Base-Nacional-Comum-Curricular-BNCC.pdf, página PDF 205"
EF15AR14,ef-comp-ar,1 | 2 | 3 | 4 | 5,unidade_tematica,ef-comp-ar-ut-musica,,,,ef-comp-ar-oc-elementos-da-linguagem,"Perceber e explorar os elementos constitutivos da música (altura, intensidade, timbre, melodia, ritmo etc.), por meio de jogos, brincadeiras, canções e práticas diversas de composição/criação, execução e apreciação musical.",vigente,"aba Arte, linha 17","Base-Nacional-Comum-Curricular-BNCC.pdf, página PDF 205"
EF15AR15,ef-comp-ar,1 | 2 | 3 | 4 | 5,unidade_tematica,ef-comp-ar-ut-musica,,,,ef-comp-ar-oc-materialidades,"Explorar fontes sonoras diversas, como as existentes no próprio corpo (palmas, voz, percussão corporal), na natureza e em objetos cotidianos, reconhecendo os elementos constitutivos da música e as características de instrumentos musicais variados.",vigente,"aba Arte, linha 18","Base-Nacional-Comum-Curricular-BNCC.pdf, página PDF 205"
EF15AR16,ef-comp-ar,1 | 2 | 3 | 4 | 5,unidade_tematica,ef-comp-ar-ut-musica,,,,ef-comp-ar-oc-notacao-e-registro-musical,"Explorar diferentes formas de registro musical não convencional (representação gráfica de sons, partituras criativas etc.), bem como procedimentos e técnicas de registro em áudio e audiovisual, e reconhecer a notação musical convencional.",vigente,"aba Arte, linha 19","Base-Nacional-Comum-Curricular-BNCC.pdf, página PDF 205"
EF15AR17,ef-comp-ar,1 | 2 | 3 | 4 | 5,unidade_tematica,ef-comp-ar-ut-musica,,,,ef-comp-ar-oc-processos-de-criacao,"Experimentar improvisações, composições e sonorização de histórias, entre outros, utilizando vozes, sons corporais e/ou instrumentos musicais convencionais ou não convencionais, de modo individual, coletivo e colaborativo.",vigente,"aba Arte, linha 20","Base-Nacional-Comum-Curricular-BNCC.pdf, página PDF 205"
EF15AR18,ef-comp-ar,1 | 2 | 3 | 4 | 5,unidade_tematica,ef-comp-ar-ut-teatro,,,,ef-comp-ar-oc-contextos-e-praticas,"Reconhecer e apreciar formas distintas de manifestações do teatro presentes em diferentes contextos, aprendendo a ver e a ouvir histórias dramatizadas e cultivando a percepção, o imaginário, a capacidade de simbolizar e o repertório ficcional.",vigente,"aba Arte, linha 21","Base-Nacional-Comum-Curricular-BNCC.pdf, página PDF 205"
EF15AR19,ef-comp-ar,1 | 2 | 3 | 4 | 5,unidade_tematica,ef-comp-ar-ut-teatro,,,,ef-comp-ar-oc-elementos-da-linguagem,"Descobrir teatralidades na vida cotidiana, identificando elementos teatrais (variadas entonações de voz, diferentes fisicalidades, diversidade de personagens e narrativas etc.).",vigente,"aba Arte, linha 22","Base-Nacional-Comum-Curricular-BNCC.pdf, página PDF 205"
EF15AR20,ef-comp-ar,1 | 2 | 3 | 4 | 5,unidade_tematica,ef-comp-ar-ut-teatro,,,,ef-comp-ar-oc-processos-de-criacao,"Experimentar o trabalho colaborativo, coletivo e autoral em improvisações teatrais e processos narrativos criativos em teatro, explorando desde a teatralidade dos gestos e das ações do cotidiano até elementos de diferentes matrizes estéticas e culturais.",vigente,"aba Arte, linha 23","Base-Nacional-Comum-Curricular-BNCC.pdf, página PDF 205"
EF15AR21,ef-comp-ar,1 | 2 | 3 | 4 | 5,unidade_tematica,ef-comp-ar-ut-teatro,,,,ef-comp-ar-oc-processos-de-criacao,"Exercitar a imitação e o faz de conta, ressignificando objetos e fatos e experimentando-se no lugar do outro, ao compor e encenar acontecimentos cênicos, por meio de músicas, imagens, textos ou outros pontos de partida, de forma intencional e reflexiva.",vigente,"aba Arte, linha 24","Base-Nacional-Comum-Curricular-BNCC.pdf, página PDF 205"
EF15AR22,ef-comp-ar,1 | 2 | 3 | 4 | 5,unidade_tematica,ef-comp-ar-ut-teatro,,,,ef-comp-ar-oc-processos-de-criacao,"Experimentar possibilidades criativas de movimento e de voz na criação de um personagem teatral, discutindo estereótipos.",vigente,"aba Arte, linha 25","Base-Nacional-Comum-Curricular-BNCC.pdf, página PDF 205"
EF15AR23,ef-comp-ar,1 | 2 | 3 | 4 | 5,unidade_tematica,ef-comp-ar-ut-artes-integradas,,,,ef-comp-ar-oc-processos-de-criacao,"Reconhecer e experimentar, em projetos temáticos, as relações processuais entre diversas linguagens artísticas.",vigente,"aba Arte, linha 26","Base-Nacional-Comum-Curricular-BNCC.pdf, página PDF 205"
EF15AR24,ef-comp-ar,1 | 2 | 3 | 4 | 5,unidade_tematica,ef-comp-ar-ut-artes-integradas,,,,ef-comp-ar-oc-matrizes-esteticas-e-culturais,"Caracterizar e experimentar brinquedos, brincadeiras, jogos, danças, canções e histórias de diferentes matrizes estéticas e culturais.",vigente,"aba Arte, linha 27","Base-Nacional-Comum-Curricular-BNCC.pdf, página PDF 205"
EF15AR25,ef-comp-ar,1 | 2 | 3 | 4 | 5,unidade_tematica,ef-comp-ar-ut-artes-integradas,,,,ef-comp-ar-oc-patrimonio-cultural,"Conhecer e valorizar o patrimônio cultural, material e imaterial, de culturas diversas, em especial a brasileira, incluindo-se suas matrizes indígenas, africanas e europeias, de diferentes épocas, favorecendo a construção de vocabulário e repertório relativos às diferentes linguagens artísticas.",vigente,"aba Arte, linha 28","Base-Nacional-Comum-Curricular-BNCC.pdf, página PDF 205"
EF15AR26,ef-comp-ar,1 | 2 | 3 | 4 | 5,unidade_tematica,ef-comp-ar-ut-artes-integradas,,,,ef-comp-ar-oc-arte-e-tecnologia,"Explorar diferentes tecnologias e recursos digitais (multimeios, animações, jogos eletrônicos, gravações em áudio e vídeo, fotografia, softwares etc.) nos processos de criação artística.",vigente,"aba Arte, linha 29","Base-Nacional-Comum-Curricular-BNCC.pdf, página PDF 205"
EF69AR01,ef-comp-ar,6 | 7 | 8 | 9,unidade_tematica,ef-comp-ar-ut-artes-visuais,,,,ef-comp-ar-oc-contextos-e-praticas,"Pesquisar, apreciar e analisar formas distintas das artes visuais tradicionais e contemporâneas, em obras de artistas brasileiros e estrangeiros de diferentes épocas e em diferentes matrizes estéticas e culturais, de modo a ampliar a experiência com diferentes contextos e práticas artístico-visuais e cultivar a percepção, o imaginário, a capacidade de simbolizar e o repertório imagético.",vigente,"aba Arte, linha 30","Base-Nacional-Comum-Curricular-BNCC.pdf, página PDF 209"
EF69AR02,ef-comp-ar,6 | 7 | 8 | 9,unidade_tematica,ef-comp-ar-ut-artes-visuais,,,,ef-comp-ar-oc-contextos-e-praticas,"Pesquisar e analisar diferentes estilos visuais, contextualizando-os no tempo e no espaço.",vigente,"aba Arte, linha 31","Base-Nacional-Comum-Curricular-BNCC.pdf, página PDF 209"
EF69AR03,ef-comp-ar,6 | 7 | 8 | 9,unidade_tematica,ef-comp-ar-ut-artes-visuais,,,,ef-comp-ar-oc-contextos-e-praticas,"Analisar situações nas quais as linguagens das artes visuais se integram às linguagens audiovisuais (cinema, animações, vídeos etc.), gráficas (capas de livros, ilustrações de textos diversos etc.), cenográficas, coreográficas, musicais etc.",vigente,"aba Arte, linha 32","Base-Nacional-Comum-Curricular-BNCC.pdf, página PDF 209"
EF69AR04,ef-comp-ar,6 | 7 | 8 | 9,unidade_tematica,ef-comp-ar-ut-artes-visuais,,,,ef-comp-ar-oc-elementos-da-linguagem,"Analisar os elementos constitutivos das artes visuais (ponto, linha, forma, direção, cor, tom, escala, dimensão, espaço, movimento etc.) na apreciação de diferentes produções artísticas.",vigente,"aba Arte, linha 33","Base-Nacional-Comum-Curricular-BNCC.pdf, página PDF 209"
EF69AR05,ef-comp-ar,6 | 7 | 8 | 9,unidade_tematica,ef-comp-ar-ut-artes-visuais,,,,ef-comp-ar-oc-materialidades,"Experimentar e analisar diferentes formas de expressão artística (desenho, pintura, colagem, quadrinhos, dobradura, escultura, modelagem, instalação, vídeo, fotografia, performance etc.).",vigente,"aba Arte, linha 34","Base-Nacional-Comum-Curricular-BNCC.pdf, página PDF 209"
EF69AR06,ef-comp-ar,6 | 7 | 8 | 9,unidade_tematica,ef-comp-ar-ut-artes-visuais,,,,ef-comp-ar-oc-processos-de-criacao,"Desenvolver processos de criação em artes visuais, com base em temas ou interesses artísticos, de modo individual, coletivo e colaborativo, fazendo uso de materiais, instrumentos e recursos convencionais, alternativos e digitais.",vigente,"aba Arte, linha 35","Base-Nacional-Comum-Curricular-BNCC.pdf, página PDF 209"
EF69AR07,ef-comp-ar,6 | 7 | 8 | 9,unidade_tematica,ef-comp-ar-ut-artes-visuais,,,,ef-comp-ar-oc-processos-de-criacao,"Dialogar com princípios conceituais, proposições temáticas, repertórios imagéticos e processos de criação nas suas produções visuais.",vigente,"aba Arte, linha 36","Base-Nacional-Comum-Curricular-BNCC.pdf, página PDF 209"
EF69AR08,ef-comp-ar,6 | 7 | 8 | 9,unidade_tematica,ef-comp-ar-ut-artes-visuais,,,,ef-comp-ar-oc-sistemas-da-linguagem,"Diferenciar as categorias de artista, artesão, produtor cultural, curador, designer, entre outras, estabelecendo relações entre os profissionais do sistema das artes visuais.",vigente,"aba Arte, linha 37","Base-Nacional-Comum-Curricular-BNCC.pdf, página PDF 209"
EF69AR09,ef-comp-ar,6 | 7 | 8 | 9,unidade_tematica,ef-comp-ar-ut-danca,,,,ef-comp-ar-oc-contextos-e-praticas,"Pesquisar e analisar diferentes formas de expressão, representação e encenação da dança, reconhecendo e apreciando composições de dança de artistas e grupos brasileiros e estrangeiros de diferentes épocas.",vigente,"aba Arte, linha 38","Base-Nacional-Comum-Curricular-BNCC.pdf, página PDF 209"
EF69AR10,ef-comp-ar,6 | 7 | 8 | 9,unidade_tematica,ef-comp-ar-ut-danca,,,,ef-comp-ar-oc-elementos-da-linguagem,"Explorar elementos constitutivos do movimento cotidiano e do movimento dançado, abordando, criticamente, o desenvolvimento das formas da dança em sua história tradicional e contemporânea.",vigente,"aba Arte, linha 39","Base-Nacional-Comum-Curricular-BNCC.pdf, página PDF 209"
EF69AR11,ef-comp-ar,6 | 7 | 8 | 9,unidade_tematica,ef-comp-ar-ut-danca,,,,ef-comp-ar-oc-elementos-da-linguagem,"Experimentar e analisar os fatores de movimento (tempo, peso, fluência e espaço) como elementos que, combinados, geram as ações corporais e o movimento dançado.",vigente,"aba Arte, linha 40","Base-Nacional-Comum-Curricular-BNCC.pdf, página PDF 209"
EF69AR12,ef-comp-ar,6 | 7 | 8 | 9,unidade_tematica,ef-comp-ar-ut-danca,,,,ef-comp-ar-oc-processos-de-criacao,Investigar e experimentar procedimentos de improvisação e criação do movimento como fonte para a construção de vocabulários e repertórios próprios.,vigente,"aba Arte, linha 41","Base-Nacional-Comum-Curricular-BNCC.pdf, página PDF 209"
EF69AR13,ef-comp-ar,6 | 7 | 8 | 9,unidade_tematica,ef-comp-ar-ut-danca,,,,ef-comp-ar-oc-processos-de-criacao,"Investigar brincadeiras, jogos, danças coletivas e outras práticas de dança de diferentes matrizes estéticas e culturais como referência para a criação e a composição de danças autorais, individualmente e em grupo.",vigente,"aba Arte, linha 42","Base-Nacional-Comum-Curricular-BNCC.pdf, página PDF 209"
EF69AR14,ef-comp-ar,6 | 7 | 8 | 9,unidade_tematica,ef-comp-ar-ut-danca,,,,ef-comp-ar-oc-processos-de-criacao,"Analisar e experimentar diferentes elementos (figurino, iluminação, cenário, trilha sonora etc.) e espaços (convencionais e não convencionais) para composição cênica e apresentação coreográfica.",vigente,"aba Arte, linha 43","Base-Nacional-Comum-Curricular-BNCC.pdf, página PDF 209"
EF69AR15,ef-comp-ar,6 | 7 | 8 | 9,unidade_tematica,ef-comp-ar-ut-danca,,,,ef-comp-ar-oc-processos-de-criacao,"Discutir as experiências pessoais e coletivas em dança vivenciadas na escola e em outros contextos, problematizando estereótipos e preconceitos.",vigente,"aba Arte, linha 44","Base-Nacional-Comum-Curricular-BNCC.pdf, página PDF 209"
EF69AR16,ef-comp-ar,6 | 7 | 8 | 9,unidade_tematica,ef-comp-ar-ut-musica,,,,ef-comp-ar-oc-contextos-e-praticas,"Analisar criticamente, por meio da apreciação musical, usos e funções da música em seus contextos de produção e circulação, relacionando as práticas musicais às diferentes dimensões da vida social, cultural, política, histórica, econômica, estética e ética.",vigente,"aba Arte, linha 45","Base-Nacional-Comum-Curricular-BNCC.pdf, página PDF 211"
EF69AR17,ef-comp-ar,6 | 7 | 8 | 9,unidade_tematica,ef-comp-ar-ut-musica,,,,ef-comp-ar-oc-contextos-e-praticas,"Explorar e analisar, criticamente, diferentes meios e equipamentos culturais de circulação da música e do conhecimento musical.",vigente,"aba Arte, linha 46","Base-Nacional-Comum-Curricular-BNCC.pdf, página PDF 211"
EF69AR18,ef-comp-ar,6 | 7 | 8 | 9,unidade_tematica,ef-comp-ar-ut-musica,,,,ef-comp-ar-oc-contextos-e-praticas,Reconhecer e apreciar o papel de músicos e grupos de música brasileiros e estrangeiros que contribuíram para o desenvolvimento de formas e gêneros musicais.,vigente,"aba Arte, linha 47","Base-Nacional-Comum-Curricular-BNCC.pdf, página PDF 211"
EF69AR19,ef-comp-ar,6 | 7 | 8 | 9,unidade_tematica,ef-comp-ar-ut-musica,,,,ef-comp-ar-oc-contextos-e-praticas,"Identificar e analisar diferentes estilos musicais, contextualizando-os no tempo e no espaço, de modo a aprimorar a capacidade de apreciação da estética musical.",vigente,"aba Arte, linha 48","Base-Nacional-Comum-Curricular-BNCC.pdf, página PDF 211"
EF69AR20,ef-comp-ar,6 | 7 | 8 | 9,unidade_tematica,ef-comp-ar-ut-musica,,,,ef-comp-ar-oc-elementos-da-linguagem,"Explorar e analisar elementos constitutivos da música (altura, intensidade, timbre, melodia, ritmo etc.), por meio de recursos tecnológicos (games e plataformas digitais), jogos, canções e práticas diversas de composição/criação, execução e apreciação musicais.",vigente,"aba Arte, linha 49","Base-Nacional-Comum-Curricular-BNCC.pdf, página PDF 211"
EF69AR21,ef-comp-ar,6 | 7 | 8 | 9,unidade_tematica,ef-comp-ar-ut-musica,,,,ef-comp-ar-oc-materialidades,"Explorar e analisar fontes e materiais sonoros em práticas de composição/criação, execução e apreciação musical, reconhecendo timbres e características de instrumentos musicais diversos.",vigente,"aba Arte, linha 50","Base-Nacional-Comum-Curricular-BNCC.pdf, página PDF 211"
EF69AR22,ef-comp-ar,6 | 7 | 8 | 9,unidade_tematica,ef-comp-ar-ut-musica,,,,ef-comp-ar-oc-notacao-e-registro-musical,"Explorar e identificar diferentes formas de registro musical (notação musical tradicional, partituras criativas e procedimentos da música contemporânea), bem como procedimentos e técnicas de registro em áudio e audiovisual.",vigente,"aba Arte, linha 51","Base-Nacional-Comum-Curricular-BNCC.pdf, página PDF 211"
EF69AR23,ef-comp-ar,6 | 7 | 8 | 9,unidade_tematica,ef-comp-ar-ut-musica,,,,ef-comp-ar-oc-processos-de-criacao,"Explorar e criar improvisações, composições, arranjos, jingles, trilhas sonoras, entre outros, utilizando vozes, sons corporais e/ou instrumentos acústicos ou eletrônicos, convencionais ou não convencionais, expressando ideias musicais de maneira individual, coletiva e colaborativa.",vigente,"aba Arte, linha 52","Base-Nacional-Comum-Curricular-BNCC.pdf, página PDF 211"
EF69AR24,ef-comp-ar,6 | 7 | 8 | 9,unidade_tematica,ef-comp-ar-ut-teatro,,,,ef-comp-ar-oc-contextos-e-praticas,"Reconhecer e apreciar artistas e grupos de teatro brasileiros e estrangeiros de diferentes épocas, investigando os modos de criação, produção, divulgação, circulação e organização da atuação profissional em teatro.",vigente,"aba Arte, linha 53","Base-Nacional-Comum-Curricular-BNCC.pdf, página PDF 211"
EF69AR25,ef-comp-ar,6 | 7 | 8 | 9,unidade_tematica,ef-comp-ar-ut-teatro,,,,ef-comp-ar-oc-contextos-e-praticas,"Identificar e analisar diferentes estilos cênicos, contextualizando-os no tempo e no espaço de modo a aprimorar a capacidade de apreciação da estética teatral.",vigente,"aba Arte, linha 54","Base-Nacional-Comum-Curricular-BNCC.pdf, página PDF 211"
EF69AR26,ef-comp-ar,6 | 7 | 8 | 9,unidade_tematica,ef-comp-ar-ut-teatro,,,,ef-comp-ar-oc-elementos-da-linguagem,"Explorar diferentes elementos envolvidos na composição dos acontecimentos cênicos (figurinos, adereços, cenário, iluminação e sonoplastia) e reconhecer seus vocabulários.",vigente,"aba Arte, linha 55","Base-Nacional-Comum-Curricular-BNCC.pdf, página PDF 211"
EF69AR27,ef-comp-ar,6 | 7 | 8 | 9,unidade_tematica,ef-comp-ar-ut-teatro,,,,ef-comp-ar-oc-processos-de-criacao,"Pesquisar e criar formas de dramaturgias e espaços cênicos para o acontecimento teatral, em diálogo com o teatro contemporâneo.",vigente,"aba Arte, linha 56","Base-Nacional-Comum-Curricular-BNCC.pdf, página PDF 211"
EF69AR28,ef-comp-ar,6 | 7 | 8 | 9,unidade_tematica,ef-comp-ar-ut-teatro,,,,ef-comp-ar-oc-processos-de-criacao,Investigar e experimentar diferentes funções teatrais e discutir os limites e desafios do trabalho artístico coletivo e colaborativo.,vigente,"aba Arte, linha 57","Base-Nacional-Comum-Curricular-BNCC.pdf, página PDF 211"
EF69AR29,ef-comp-ar,6 | 7 | 8 | 9,unidade_tematica,ef-comp-ar-ut-teatro,,,,ef-comp-ar-oc-processos-de-criacao,Experimentar a gestualidade e as construções corporais e vocais de maneira imaginativa na improvisação teatral e no jogo cênico.,vigente,"aba Arte, linha 58","Base-Nacional-Comum-Curricular-BNCC.pdf, página PDF 211"
EF69AR30,ef-comp-ar,6 | 7 | 8 | 9,unidade_tematica,ef-comp-ar-ut-teatro,,,,ef-comp-ar-oc-processos-de-criacao,"Compor improvisações e acontecimentos cênicos com base em textos dramáticos ou outros estímulos (música, imagens, objetos etc.), caracterizando personagens (com figurinos e adereços), cenário, iluminação e sonoplastia e considerando a relação com o espectador.",vigente,"aba Arte, linha 59","Base-Nacional-Comum-Curricular-BNCC.pdf, página PDF 211"
EF69AR31,ef-comp-ar,6 | 7 | 8 | 9,unidade_tematica,ef-comp-ar-ut-artes-integradas,,,,ef-comp-ar-oc-contextos-e-praticas,"Relacionar as práticas artísticas às diferentes dimensões da vida social, cultural, política, histórica, econômica, estética e ética.",vigente,"aba Arte, linha 60","Base-Nacional-Comum-Curricular-BNCC.pdf, página PDF 213"
EF69AR32,ef-comp-ar,6 | 7 | 8 | 9,unidade_tematica,ef-comp-ar-ut-artes-integradas,,,,ef-comp-ar-oc-processos-de-criacao,"Analisar e explorar, em projetos temáticos, as relações processuais entre diversas linguagens artísticas.",vigente,"aba Arte, linha 61","Base-Nacional-Comum-Curricular-BNCC.pdf, página PDF 213"
EF69AR33,ef-comp-ar,6 | 7 | 8 | 9,unidade_tematica,ef-comp-ar-ut-artes-integradas,,,,ef-comp-ar-oc-matrizes-esteticas-e-culturais,"Analisar aspectos históricos, sociais e políticos da produção artística, problematizando as narrativas eurocêntricas e as diversas categorizações da arte (arte, artesanato, folclore, design etc.).",vigente,"aba Arte, linha 62","Base-Nacional-Comum-Curricular-BNCC.pdf, página PDF 213"
EF69AR34,ef-comp-ar,6 | 7 | 8 | 9,unidade_tematica,ef-comp-ar-ut-artes-integradas,,,,ef-comp-ar-oc-patrimonio-cultural,"Analisar e valorizar o patrimônio cultural, material e imaterial, de culturas diversas, em especial a brasileira, incluindo suas matrizes indígenas, africanas e europeias, de diferentes épocas, e favorecendo a construção de vocabulário e repertório relativos às diferentes linguagens artísticas.",vigente,"aba Arte, linha 63","Base-Nacional-Comum-Curricular-BNCC.pdf, página PDF 213"
EF69AR35,ef-comp-ar,6 | 7 | 8 | 9,unidade_tematica,ef-comp-ar-ut-artes-integradas,,,,ef-comp-ar-oc-arte-e-tecnologia,"Identificar e manipular diferentes tecnologias e recursos digitais para acessar, apreciar, produzir, registrar e compartilhar práticas e repertórios artísticos, de modo reflexivo, ético e responsável.",vigente,"aba Arte, linha 64","Base-Nacional-Comum-Curricular-BNCC.pdf, página PDF 213"
EF12EF01,ef-comp-ef,1 | 2,unidade_tematica,ef-comp-ef-ut-brincadeiras-e-jogos,,,,ef-comp-ef-oc-brincadeiras-e-jogos-da-cultura-popular-presentes-no-contexto-comunitario-e-regional,"Experimentar, fruir e recriar diferentes brincadeiras e jogos da cultura popular presentes no contexto comunitário e regional, reconhecendo e respeitando as diferenças individuais de desempenho dos colegas.",vigente,"aba Educação Física, linha 4","Base-Nacional-Comum-Curricular-BNCC.pdf, página PDF 229"
EF12EF02,ef-comp-ef,1 | 2,unidade_tematica,ef-comp-ef-ut-brincadeiras-e-jogos,,,,ef-comp-ef-oc-brincadeiras-e-jogos-da-cultura-popular-presentes-no-contexto-comunitario-e-regional,"Explicar, por meio de múltiplas linguagens (corporal, visual, oral e escrita), as brincadeiras e os jogos populares do contexto comunitário e regional, reconhecendo e valorizando a importância desses jogos e brincadeiras para suas culturas de origem.",vigente,"aba Educação Física, linha 5","Base-Nacional-Comum-Curricular-BNCC.pdf, página PDF 229"
EF12EF03,ef-comp-ef,1 | 2,unidade_tematica,ef-comp-ef-ut-brincadeiras-e-jogos,,,,ef-comp-ef-oc-brincadeiras-e-jogos-da-cultura-popular-presentes-no-contexto-comunitario-e-regional,"Planejar e utilizar estratégias para resolver desafios de brincadeiras e jogos populares do contexto comunitário e regional, com base no reconhecimento das características dessas práticas.",vigente,"aba Educação Física, linha 6","Base-Nacional-Comum-Curricular-BNCC.pdf, página PDF 229"
EF12EF04,ef-comp-ef,1 | 2,unidade_tematica,ef-comp-ef-ut-brincadeiras-e-jogos,,,,ef-comp-ef-oc-brincadeiras-e-jogos-da-cultura-popular-presentes-no-contexto-comunitario-e-regional,"Colaborar na proposição e na produção de alternativas para a prática, em outros momentos e espaços, de brincadeiras e jogos e demais práticas corporais tematizadas na escola, produzindo textos (orais, escritos, audiovisuais) para divulgá-las na escola e na comunidade.",vigente,"aba Educação Física, linha 7","Base-Nacional-Comum-Curricular-BNCC.pdf, página PDF 229"
EF12EF05,ef-comp-ef,1 | 2,unidade_tematica,ef-comp-ef-ut-esportes,,,,ef-comp-ef-oc-esportes-de-marca | ef-comp-ef-oc-esportes-de-precisao,"Experimentar e fruir, prezando pelo trabalho coletivo e pelo protagonismo, a prática de esportes de marca e de precisão, identificando os elementos comuns a esses esportes.",vigente,"aba Educação Física, linha 8","Base-Nacional-Comum-Curricular-BNCC.pdf, página PDF 229"
EF12EF06,ef-comp-ef,1 | 2,unidade_tematica,ef-comp-ef-ut-esportes,,,,ef-comp-ef-oc-esportes-de-marca | ef-comp-ef-oc-esportes-de-precisao,Discutir a importância da observação das normas e das regras dos esportes de marca e de precisão para assegurar a integridade própria e as dos demais participantes.,vigente,"aba Educação Física, linha 9","Base-Nacional-Comum-Curricular-BNCC.pdf, página PDF 229"
EF12EF07,ef-comp-ef,1 | 2,unidade_tematica,ef-comp-ef-ut-ginasticas,,,,ef-comp-ef-oc-ginastica-geral,"Experimentar, fruir e identificar diferentes elementos básicos da ginástica (equilíbrios, saltos, giros, rotações, acrobacias, com e sem materiais) e da ginástica geral, de forma individual e em pequenos grupos, adotando procedimentos de segurança.",vigente,"aba Educação Física, linha 10","Base-Nacional-Comum-Curricular-BNCC.pdf, página PDF 229"
EF12EF08,ef-comp-ef,1 | 2,unidade_tematica,ef-comp-ef-ut-ginasticas,,,,ef-comp-ef-oc-ginastica-geral,Planejar e utilizar estratégias para a execução de diferentes elementos básicos da ginástica e da ginástica geral.,vigente,"aba Educação Física, linha 11","Base-Nacional-Comum-Curricular-BNCC.pdf, página PDF 229"
EF12EF09,ef-comp-ef,1 | 2,unidade_tematica,ef-comp-ef-ut-ginasticas,,,,ef-comp-ef-oc-ginastica-geral,"Participar da ginástica geral, identificando as potencialidades e os limites do corpo, e respeitando as diferenças individuais e de desempenho corporal.",vigente,"aba Educação Física, linha 12","Base-Nacional-Comum-Curricular-BNCC.pdf, página PDF 229"
EF12EF10,ef-comp-ef,1 | 2,unidade_tematica,ef-comp-ef-ut-ginasticas,,,,ef-comp-ef-oc-ginastica-geral,"Descrever, por meio de múltiplas linguagens (corporal, oral, escrita e audiovisual), as características dos elementos básicos da ginástica e da ginástica geral, identificando a presença desses elementos em distintas práticas corporais.",vigente,"aba Educação Física, linha 13","Base-Nacional-Comum-Curricular-BNCC.pdf, página PDF 229"
EF12EF11,ef-comp-ef,1 | 2,unidade_tematica,ef-comp-ef-ut-dancas,,,,ef-comp-ef-oc-dancas-do-contexto-comunitario-e-regional,"Experimentar e fruir diferentes danças do contexto comunitário e regional (rodas cantadas, brincadeiras rítmicas e expressivas), e recriá-las, respeitando as diferenças individuais e de desempenho corporal.",vigente,"aba Educação Física, linha 14","Base-Nacional-Comum-Curricular-BNCC.pdf, página PDF 229"
EF12EF12,ef-comp-ef,1 | 2,unidade_tematica,ef-comp-ef-ut-dancas,,,,ef-comp-ef-oc-dancas-do-contexto-comunitario-e-regional,"Identificar os elementos constitutivos (ritmo, espaço, gestos) das danças do contexto comunitário e regional, valorizando e respeitando as manifestações de diferentes culturas.",vigente,"aba Educação Física, linha 15","Base-Nacional-Comum-Curricular-BNCC.pdf, página PDF 229"
EF35EF01,ef-comp-ef,3 | 4 | 5,unidade_tematica,ef-comp-ef-ut-brincadeiras-e-jogos,,,,ef-comp-ef-oc-brincadeiras-e-jogos-populares-do-brasil-e-do-mundo | ef-comp-ef-oc-brincadeiras-e-jogos-de-matriz-indigena-e-africana,"Experimentar e fruir brincadeiras e jogos populares do Brasil e do mundo, incluindo aqueles de matriz indígena e africana, e recriá-los, valorizando a importância desse patrimônio histórico cultural.",vigente,"aba Educação Física, linha 16","Base-Nacional-Comum-Curricular-BNCC.pdf, página PDF 231"
EF35EF02,ef-comp-ef,3 | 4 | 5,unidade_tematica,ef-comp-ef-ut-brincadeiras-e-jogos,,,,ef-comp-ef-oc-brincadeiras-e-jogos-populares-do-brasil-e-do-mundo | ef-comp-ef-oc-brincadeiras-e-jogos-de-matriz-indigena-e-africana,Planejar e utilizar estratégias para possibilitar a participação segura de todos os alunos em brincadeiras e jogos populares do Brasil e de matriz indígena e africana.,vigente,"aba Educação Física, linha 17","Base-Nacional-Comum-Curricular-BNCC.pdf, página PDF 231"
EF35EF03,ef-comp-ef,3 | 4 | 5,unidade_tematica,ef-comp-ef-ut-brincadeiras-e-jogos,,,,ef-comp-ef-oc-brincadeiras-e-jogos-populares-do-brasil-e-do-mundo | ef-comp-ef-oc-brincadeiras-e-jogos-de-matriz-indigena-e-africana,"Descrever, por meio de múltiplas linguagens (corporal, oral, escrita, audiovisual), as brincadeiras e os jogos populares do Brasil e de matriz indígena e africana, explicando suas características e a importância desse patrimônio histórico cultural na preservação das diferentes culturas.",vigente,"aba Educação Física, linha 18","Base-Nacional-Comum-Curricular-BNCC.pdf, página PDF 231"
EF35EF04,ef-comp-ef,3 | 4 | 5,unidade_tematica,ef-comp-ef-ut-brincadeiras-e-jogos,,,,ef-comp-ef-oc-brincadeiras-e-jogos-populares-do-brasil-e-do-mundo | ef-comp-ef-oc-brincadeiras-e-jogos-de-matriz-indigena-e-africana,"Recriar, individual e coletivamente, e experimentar, na escola e fora dela, brincadeiras e jogos populares do Brasil e do mundo, incluindo aqueles de matriz indígena e africana, e demais práticas corporais tematizadas na escola, adequando-as aos espaços públicos disponíveis.",vigente,"aba Educação Física, linha 19","Base-Nacional-Comum-Curricular-BNCC.pdf, página PDF 231"
EF35EF05,ef-comp-ef,3 | 4 | 5,unidade_tematica,ef-comp-ef-ut-esportes,,,,ef-comp-ef-oc-esportes-de-campo-e-taco-esportes-de-rede-parede-esportes-de-invasao,"Experimentar e fruir diversos tipos de esportes de campo e taco, rede/parede e invasão, identificando seus elementos comuns e criando estratégias individuais e coletivas básicas para sua execução, prezando pelo trabalho coletivo e pelo protagonismo.",vigente,"aba Educação Física, linha 20","Base-Nacional-Comum-Curricular-BNCC.pdf, página PDF 231"
EF35EF06,ef-comp-ef,3 | 4 | 5,unidade_tematica,ef-comp-ef-ut-esportes,,,,ef-comp-ef-oc-esportes-de-campo-e-taco-esportes-de-rede-parede-esportes-de-invasao,"Diferenciar os conceitos de jogo e esporte, identificando as características que os constituem na contemporaneidade e suas manifestações (profissional e comunitária/lazer).",vigente,"aba Educação Física, linha 21","Base-Nacional-Comum-Curricular-BNCC.pdf, página PDF 231"
EF35EF07,ef-comp-ef,3 | 4 | 5,unidade_tematica,ef-comp-ef-ut-ginasticas,,,,ef-comp-ef-oc-ginastica-geral,"Experimentar e fruir, de forma coletiva, combinações de diferentes elementos da ginástica geral (equilíbrios, saltos, giros, rotações, acrobacias, com e sem materiais), propondo coreografias com diferentes temas do cotidiano.",vigente,"aba Educação Física, linha 22","Base-Nacional-Comum-Curricular-BNCC.pdf, página PDF 231"
EF35EF08,ef-comp-ef,3 | 4 | 5,unidade_tematica,ef-comp-ef-ut-ginasticas,,,,ef-comp-ef-oc-ginastica-geral,"Planejar e utilizar estratégias para resolver desafios na execução de elementos básicos de apresentações coletivas de ginástica geral, reconhecendo as potencialidades e os limites do corpo e adotando procedimentos de segurança.",vigente,"aba Educação Física, linha 23","Base-Nacional-Comum-Curricular-BNCC.pdf, página PDF 231"
EF35EF09,ef-comp-ef,3 | 4 | 5,unidade_tematica,ef-comp-ef-ut-dancas,,,,ef-comp-ef-oc-dancas-do-brasil-e-do-mundo | ef-comp-ef-oc-dancas-de-matriz-indigena-e-africana,"Experimentar, recriar e fruir danças populares do Brasil e do mundo e danças de matriz indígena e africana, valorizando e respeitando os diferentes sentidos e significados dessas danças em suas culturas de origem.",vigente,"aba Educação Física, linha 24","Base-Nacional-Comum-Curricular-BNCC.pdf, página PDF 231"
EF35EF10,ef-comp-ef,3 | 4 | 5,unidade_tematica,ef-comp-ef-ut-dancas,,,,ef-comp-ef-oc-dancas-do-brasil-e-do-mundo | ef-comp-ef-oc-dancas-de-matriz-indigena-e-africana,"Comparar e identificar os elementos constitutivos comuns e diferentes (ritmo, espaço, gestos) em danças populares do Brasil e do mundo e danças de matriz indígena e africana.",vigente,"aba Educação Física, linha 25","Base-Nacional-Comum-Curricular-BNCC.pdf, página PDF 231"
EF35EF11,ef-comp-ef,3 | 4 | 5,unidade_tematica,ef-comp-ef-ut-dancas,,,,ef-comp-ef-oc-dancas-do-brasil-e-do-mundo | ef-comp-ef-oc-dancas-de-matriz-indigena-e-africana,"Formular e utilizar estratégias para a execução de elementos constitutivos das danças populares do Brasil e do mundo, e das danças de matriz indígena e africana.",vigente,"aba Educação Física, linha 26","Base-Nacional-Comum-Curricular-BNCC.pdf, página PDF 231"
EF35EF12,ef-comp-ef,3 | 4 | 5,unidade_tematica,ef-comp-ef-ut-dancas,,,,ef-comp-ef-oc-dancas-do-brasil-e-do-mundo | ef-comp-ef-oc-dancas-de-matriz-indigena-e-africana,Identificar situações de injustiça e preconceito geradas e/ou presentes no contexto das danças e demais práticas corporais e discutir alternativas para superá-las.,vigente,"aba Educação Física, linha 27","Base-Nacional-Comum-Curricular-BNCC.pdf, página PDF 231"
EF35EF13,ef-comp-ef,3 | 4 | 5,unidade_tematica,ef-comp-ef-ut-lutas,,,,ef-comp-ef-oc-lutas-do-contexto-comunitario-e-regional | ef-comp-ef-oc-lutas-de-matriz-indigena-e-africana,"Experimentar, fruir e recriar diferentes lutas presentes no contexto comunitário e regional e lutas de matriz indígena e africana.",vigente,"aba Educação Física, linha 28","Base-Nacional-Comum-Curricular-BNCC.pdf, página PDF 231"
EF35EF14,ef-comp-ef,3 | 4 | 5,unidade_tematica,ef-comp-ef-ut-lutas,,,,ef-comp-ef-oc-lutas-do-contexto-comunitario-e-regional | ef-comp-ef-oc-lutas-de-matriz-indigena-e-africana,"Planejar e utilizar estratégias básicas das lutas do contexto comunitário e regional e lutas de matriz indígena e africana experimentadas, respeitando o colega como oponente e as normas de segurança.",vigente,"aba Educação Física, linha 29","Base-Nacional-Comum-Curricular-BNCC.pdf, página PDF 231"
EF35EF15,ef-comp-ef,3 | 4 | 5,unidade_tematica,ef-comp-ef-ut-lutas,,,,ef-comp-ef-oc-lutas-do-contexto-comunitario-e-regional | ef-comp-ef-oc-lutas-de-matriz-indigena-e-africana,"Identificar as características das lutas do contexto comunitário e regional e lutas de matriz indígena e africana, reconhecendo as diferenças entre lutas e brigas e entre lutas e as demais práticas corporais.",vigente,"aba Educação Física, linha 30","Base-Nacional-Comum-Curricular-BNCC.pdf, página PDF 231"
EF67EF01,ef-comp-ef,6 | 7,unidade_tematica,ef-comp-ef-ut-brincadeiras-e-jogos,,,,ef-comp-ef-oc-jogos-eletronicos,"Experimentar e fruir, na escola e fora dela, jogos eletrônicos diversos, valorizando e respeitando os sentidos e significados atribuídos a eles por diferentes grupos sociais e etários.",vigente,"aba Educação Física, linha 31","Base-Nacional-Comum-Curricular-BNCC.pdf, página PDF 235"
EF67EF02,ef-comp-ef,6 | 7,unidade_tematica,ef-comp-ef-ut-brincadeiras-e-jogos,,,,ef-comp-ef-oc-jogos-eletronicos,Identificar as transformações nas características dos jogos eletrônicos em função dos avanços das tecnologias e nas respectivas exigências corporais colocadas por esses diferentes tipos de jogos.,vigente,"aba Educação Física, linha 32","Base-Nacional-Comum-Curricular-BNCC.pdf, página PDF 235"
EF67EF03,ef-comp-ef,6 | 7,unidade_tematica,ef-comp-ef-ut-esportes,,,,ef-comp-ef-oc-esportes-de-marca-esportes-de-precisao | ef-comp-ef-oc-esportes-de-invasao | ef-comp-ef-oc-esportes-tecnico-combinatorios,"Experimentar e fruir esportes de marca, precisão, invasão e técnico-combinatórios, valorizando o trabalho coletivo e o protagonismo.",vigente,"aba Educação Física, linha 33","Base-Nacional-Comum-Curricular-BNCC.pdf, página PDF 235"
EF67EF04,ef-comp-ef,6 | 7,unidade_tematica,ef-comp-ef-ut-esportes,,,,ef-comp-ef-oc-esportes-de-marca-esportes-de-precisao | ef-comp-ef-oc-esportes-de-invasao | ef-comp-ef-oc-esportes-tecnico-combinatorios,"Praticar um ou mais esportes de marca, precisão, invasão e técnico-combinatórios oferecidos pela escola, usando habilidades técnico-táticas básicas e respeitando regras.",vigente,"aba Educação Física, linha 34","Base-Nacional-Comum-Curricular-BNCC.pdf, página PDF 235"
EF67EF05,ef-comp-ef,6 | 7,unidade_tematica,ef-comp-ef-ut-esportes,,,,ef-comp-ef-oc-esportes-de-marca-esportes-de-precisao | ef-comp-ef-oc-esportes-de-invasao | ef-comp-ef-oc-esportes-tecnico-combinatorios,"Planejar e utilizar estratégias para solucionar os desafios técnicos e táticos, tanto nos esportes de marca, precisão, invasão e técnico-combinatórios como nas modalidades esportivas escolhidas para praticar de forma específica.",vigente,"aba Educação Física, linha 35","Base-Nacional-Comum-Curricular-BNCC.pdf, página PDF 235"
EF67EF06,ef-comp-ef,6 | 7,unidade_tematica,ef-comp-ef-ut-esportes,,,,ef-comp-ef-oc-esportes-de-marca-esportes-de-precisao | ef-comp-ef-oc-esportes-de-invasao | ef-comp-ef-oc-esportes-tecnico-combinatorios,Analisar as transformações na organização e na prática dos esportes em suas diferentes manifestações (profissional e comunitário/lazer).,vigente,"aba Educação Física, linha 36","Base-Nacional-Comum-Curricular-BNCC.pdf, página PDF 235"
EF67EF07,ef-comp-ef,6 | 7,unidade_tematica,ef-comp-ef-ut-esportes,,,,ef-comp-ef-oc-esportes-de-marca-esportes-de-precisao | ef-comp-ef-oc-esportes-de-invasao | ef-comp-ef-oc-esportes-tecnico-combinatorios,Propor e produzir alternativas para experimentação dos esportes não disponíveis e/ou acessíveis na comunidade e das demais práticas corporais tematizadas na escola.,vigente,"aba Educação Física, linha 37","Base-Nacional-Comum-Curricular-BNCC.pdf, página PDF 235"
EF67EF08,ef-comp-ef,6 | 7,unidade_tematica,ef-comp-ef-ut-ginasticas,,,,ef-comp-ef-oc-ginastica-de-condicionamento-fisico,"Experimentar e fruir exercícios físicos que solicitem diferentes capacidades físicas, identificando seus tipos (força, velocidade, resistência, flexibilidade) e as sensações corporais provocadas pela sua prática.",vigente,"aba Educação Física, linha 38","Base-Nacional-Comum-Curricular-BNCC.pdf, página PDF 235"
EF67EF09,ef-comp-ef,6 | 7,unidade_tematica,ef-comp-ef-ut-ginasticas,,,,ef-comp-ef-oc-ginastica-de-condicionamento-fisico,"Construir, coletivamente, procedimentos e normas de convívio que viabilizem a participação de todos na prática de exercícios físicos, com o objetivo de promover a saúde.",vigente,"aba Educação Física, linha 39","Base-Nacional-Comum-Curricular-BNCC.pdf, página PDF 235"
EF67EF10,ef-comp-ef,6 | 7,unidade_tematica,ef-comp-ef-ut-ginasticas,,,,ef-comp-ef-oc-ginastica-de-condicionamento-fisico,Diferenciar exercício físico de atividade física e propor alternativas para a prática de exercícios físicos dentro e fora do ambiente escolar.,vigente,"aba Educação Física, linha 40","Base-Nacional-Comum-Curricular-BNCC.pdf, página PDF 235"
EF67EF11,ef-comp-ef,6 | 7,unidade_tematica,ef-comp-ef-ut-dancas,,,,ef-comp-ef-oc-dancas-urbanas,"Experimentar, fruir e recriar danças urbanas, identificando seus elementos constitutivos (ritmo, espaço, gestos).",vigente,"aba Educação Física, linha 41","Base-Nacional-Comum-Curricular-BNCC.pdf, página PDF 235"
EF67EF12,ef-comp-ef,6 | 7,unidade_tematica,ef-comp-ef-ut-dancas,,,,ef-comp-ef-oc-dancas-urbanas,Planejar e utilizar estratégias para aprender elementos constitutivos das danças urbanas.,vigente,"aba Educação Física, linha 42","Base-Nacional-Comum-Curricular-BNCC.pdf, página PDF 235"
EF67EF13,ef-comp-ef,6 | 7,unidade_tematica,ef-comp-ef-ut-dancas,,,,ef-comp-ef-oc-dancas-urbanas,"Diferenciar as danças urbanas das demais manifestações da dança, valorizando e respeitando os sentidos e significados atribuídos a eles por diferentes grupos sociais.",vigente,"aba Educação Física, linha 43","Base-Nacional-Comum-Curricular-BNCC.pdf, página PDF 235"
EF67EF14,ef-comp-ef,6 | 7,unidade_tematica,ef-comp-ef-ut-lutas,,,,ef-comp-ef-oc-lutas-do-brasil,"Experimentar, fruir e recriar diferentes lutas do Brasil, valorizando a própria segurança e integridade física, bem como as dos demais.",vigente,"aba Educação Física, linha 44","Base-Nacional-Comum-Curricular-BNCC.pdf, página PDF 237"
EF67EF15,ef-comp-ef,6 | 7,unidade_tematica,ef-comp-ef-ut-lutas,,,,ef-comp-ef-oc-lutas-do-brasil,"Planejar e utilizar estratégias básicas das lutas do Brasil, respeitando o colega como oponente.",vigente,"aba Educação Física, linha 45","Base-Nacional-Comum-Curricular-BNCC.pdf, página PDF 237"
EF67EF16,ef-comp-ef,6 | 7,unidade_tematica,ef-comp-ef-ut-lutas,,,,ef-comp-ef-oc-lutas-do-brasil,"Identificar as características (códigos, rituais, elementos técnico-táticos, indumentária, materiais, instalações, instituições) das lutas do Brasil.",vigente,"aba Educação Física, linha 46","Base-Nacional-Comum-Curricular-BNCC.pdf, página PDF 237"
EF67EF17,ef-comp-ef,6 | 7,unidade_tematica,ef-comp-ef-ut-lutas,,,,ef-comp-ef-oc-lutas-do-brasil,"Problematizar preconceitos e estereótipos relacionados ao universo das lutas e demais práticas corporais, propondo alternativas para superá-los, com base na solidariedade, na justiça, na equidade e no respeito.",vigente,"aba Educação Física, linha 47","Base-Nacional-Comum-Curricular-BNCC.pdf, página PDF 237"
EF67EF18,ef-comp-ef,6 | 7,unidade_tematica,ef-comp-ef-ut-praticas-corporais-de-aventura,,,,ef-comp-ef-oc-praticas-corporais-de-aventura-urbanas,"Experimentar e fruir diferentes práticas corporais de aventura urbanas, valorizando a própria segurança e integridade física, bem como as dos demais.",vigente,"aba Educação Física, linha 48","Base-Nacional-Comum-Curricular-BNCC.pdf, página PDF 237"
EF67EF19,ef-comp-ef,6 | 7,unidade_tematica,ef-comp-ef-ut-praticas-corporais-de-aventura,,,,ef-comp-ef-oc-praticas-corporais-de-aventura-urbanas,Identificar os riscos durante a realização de práticas corporais de aventura urbanas e planejar estratégias para sua superação.,vigente,"aba Educação Física, linha 49","Base-Nacional-Comum-Curricular-BNCC.pdf, página PDF 237"
EF67EF20,ef-comp-ef,6 | 7,unidade_tematica,ef-comp-ef-ut-praticas-corporais-de-aventura,,,,ef-comp-ef-oc-praticas-corporais-de-aventura-urbanas,"Executar práticas corporais de aventura urbanas, respeitando o patrimônio público e utilizando alternativas para a prática segura em diversos espaços.",vigente,"aba Educação Física, linha 50","Base-Nacional-Comum-Curricular-BNCC.pdf, página PDF 237"
EF67EF21,ef-comp-ef,6 | 7,unidade_tematica,ef-comp-ef-ut-praticas-corporais-de-aventura,,,,ef-comp-ef-oc-praticas-corporais-de-aventura-urbanas,"Identificar a origem das práticas corporais de aventura e as possibilidades de recriá-las, reconhecendo as características (instrumentos, equipamentos de segurança, indumentária, organização) e seus tipos de práticas.",vigente,"aba Educação Física, linha 51","Base-Nacional-Comum-Curricular-BNCC.pdf, página PDF 237"
EF89EF01,ef-comp-ef,8 | 9,unidade_tematica,ef-comp-ef-ut-esportes,,,,ef-comp-ef-oc-esportes-de-rede-parede | ef-comp-ef-oc-esportes-de-campo-e-taco | ef-comp-ef-oc-esportes-de-invasao | ef-comp-ef-oc-esportes-de-combate,"Experimentar diferentes papéis (jogador, árbitro e técnico) e fruir os esportes de rede/parede, campo e taco, invasão e combate, valorizando o trabalho coletivo e o protagonismo.",vigente,"aba Educação Física, linha 52","Base-Nacional-Comum-Curricular-BNCC.pdf, página PDF 239"
EF89EF02,ef-comp-ef,8 | 9,unidade_tematica,ef-comp-ef-ut-esportes,,,,ef-comp-ef-oc-esportes-de-rede-parede | ef-comp-ef-oc-esportes-de-campo-e-taco | ef-comp-ef-oc-esportes-de-invasao | ef-comp-ef-oc-esportes-de-combate,"Praticar um ou mais esportes de rede/parede, campo e taco, invasão e combate oferecidos pela escola, usando habilidades técnico-táticas básicas.",vigente,"aba Educação Física, linha 53","Base-Nacional-Comum-Curricular-BNCC.pdf, página PDF 239"
EF89EF03,ef-comp-ef,8 | 9,unidade_tematica,ef-comp-ef-ut-esportes,,,,ef-comp-ef-oc-esportes-de-rede-parede | ef-comp-ef-oc-esportes-de-campo-e-taco | ef-comp-ef-oc-esportes-de-invasao | ef-comp-ef-oc-esportes-de-combate,"Formular e utilizar estratégias para solucionar os desafios técnicos e táticos, tanto nos esportes de campo e taco, rede/parede, invasão e combate como nas modalidades esportivas escolhidas para praticar de forma específica.",vigente,"aba Educação Física, linha 54","Base-Nacional-Comum-Curricular-BNCC.pdf, página PDF 239"
EF89EF04,ef-comp-ef,8 | 9,unidade_tematica,ef-comp-ef-ut-esportes,,,,ef-comp-ef-oc-esportes-de-rede-parede | ef-comp-ef-oc-esportes-de-campo-e-taco | ef-comp-ef-oc-esportes-de-invasao | ef-comp-ef-oc-esportes-de-combate,"Identificar os elementos técnicos ou técnico-táticos individuais, combinações táticas, sistemas de jogo e regras das modalidades esportivas praticadas, bem como diferenciar as modalidades esportivas com base nos critérios da lógica interna das categorias de esporte: rede/parede, campo e taco, invasão e combate.",vigente,"aba Educação Física, linha 55","Base-Nacional-Comum-Curricular-BNCC.pdf, página PDF 239"
EF89EF05,ef-comp-ef,8 | 9,unidade_tematica,ef-comp-ef-ut-esportes,,,,ef-comp-ef-oc-esportes-de-rede-parede | ef-comp-ef-oc-esportes-de-campo-e-taco | ef-comp-ef-oc-esportes-de-invasao | ef-comp-ef-oc-esportes-de-combate,"Identificar as transformações históricas do fenômeno esportivo e discutir alguns de seus problemas (doping, corrupção, violência etc.) e a forma como as mídias os apresentam.",vigente,"aba Educação Física, linha 56","Base-Nacional-Comum-Curricular-BNCC.pdf, página PDF 239"
EF89EF06,ef-comp-ef,8 | 9,unidade_tematica,ef-comp-ef-ut-esportes,,,,ef-comp-ef-oc-esportes-de-rede-parede | ef-comp-ef-oc-esportes-de-campo-e-taco | ef-comp-ef-oc-esportes-de-invasao | ef-comp-ef-oc-esportes-de-combate,"Verificar locais disponíveis na comunidade para a prática de esportes e das demais práticas corporais tematizadas na escola, propondo e produzindo alternativas para utilizá-los no tempo livre.",vigente,"aba Educação Física, linha 57","Base-Nacional-Comum-Curricular-BNCC.pdf, página PDF 239"
EF89EF07,ef-comp-ef,8 | 9,unidade_tematica,ef-comp-ef-ut-ginasticas,,,,ef-comp-ef-oc-ginastica-de-condicionamento-fisico | ef-comp-ef-oc-ginastica-de-conscientizacao-corporal,"Experimentar e fruir um ou mais programas de exercícios físicos, identificando as exigências corporais desses diferentes programas e reconhecendo a importância de uma prática individualizada, adequada às características e necessidades de cada sujeito.",vigente,"aba Educação Física, linha 58","Base-Nacional-Comum-Curricular-BNCC.pdf, página PDF 239"
EF89EF08,ef-comp-ef,8 | 9,unidade_tematica,ef-comp-ef-ut-ginasticas,,,,ef-comp-ef-oc-ginastica-de-condicionamento-fisico | ef-comp-ef-oc-ginastica-de-conscientizacao-corporal,"Discutir as transformações históricas dos padrões de desempenho, saúde e beleza, considerando a forma como são apresentados nos diferentes meios (científico, midiático etc.).",vigente,"aba Educação Física, linha 59","Base-Nacional-Comum-Curricular-BNCC.pdf, página PDF 239"
EF89EF09,ef-comp-ef,8 | 9,unidade_tematica,ef-comp-ef-ut-ginasticas,,,,ef-comp-ef-oc-ginastica-de-condicionamento-fisico | ef-comp-ef-oc-ginastica-de-conscientizacao-corporal,Problematizar a prática excessiva de exercícios físicos e o uso de medicamentos para a ampliação do rendimento ou potencialização das transformações corporais.,vigente,"aba Educação Física, linha 60","Base-Nacional-Comum-Curricular-BNCC.pdf, página PDF 239"
EF89EF10,ef-comp-ef,8 | 9,unidade_tematica,ef-comp-ef-ut-ginasticas,,,,ef-comp-ef-oc-ginastica-de-condicionamento-fisico | ef-comp-ef-oc-ginastica-de-conscientizacao-corporal,"Experimentar e fruir um ou mais tipos de ginástica de conscientização corporal, identificando as exigências corporais dos mesmos.",vigente,"aba Educação Física, linha 61","Base-Nacional-Comum-Curricular-BNCC.pdf, página PDF 239"
EF89EF11,ef-comp-ef,8 | 9,unidade_tematica,ef-comp-ef-ut-ginasticas,,,,ef-comp-ef-oc-ginastica-de-condicionamento-fisico | ef-comp-ef-oc-ginastica-de-conscientizacao-corporal,"Identificar as diferenças e semelhanças entre a ginástica de conscientização corporal e as de condicionamento físico e discutir como a prática de cada uma dessas manifestações pode contribuir para a melhoria das condições de vida, saúde, bem-estar e cuidado consigo mesmo.",vigente,"aba Educação Física, linha 62","Base-Nacional-Comum-Curricular-BNCC.pdf, página PDF 239"
EF89EF12,ef-comp-ef,8 | 9,unidade_tematica,ef-comp-ef-ut-dancas,,,,ef-comp-ef-oc-dancas-de-salao,"Experimentar, fruir e recriar danças de salão, valorizando a diversidade cultural e respeitando a tradição dessas culturas.",vigente,"aba Educação Física, linha 63","Base-Nacional-Comum-Curricular-BNCC.pdf, página PDF 239"
EF89EF13,ef-comp-ef,8 | 9,unidade_tematica,ef-comp-ef-ut-dancas,,,,ef-comp-ef-oc-dancas-de-salao,"Planejar e utilizar estratégias para se apropriar dos elementos constitutivos (ritmo, espaço, gestos) das danças de salão.",vigente,"aba Educação Física, linha 64","Base-Nacional-Comum-Curricular-BNCC.pdf, página PDF 239"
EF89EF14,ef-comp-ef,8 | 9,unidade_tematica,ef-comp-ef-ut-dancas,,,,ef-comp-ef-oc-dancas-de-salao,Discutir estereótipos e preconceitos relativos às danças de salão e demais práticas corporais e propor alternativas para sua superação.,vigente,"aba Educação Física, linha 65","Base-Nacional-Comum-Curricular-BNCC.pdf, página PDF 239"
EF89EF15,ef-comp-ef,8 | 9,unidade_tematica,ef-comp-ef-ut-dancas,,,,ef-comp-ef-oc-dancas-de-salao,"Analisar as características (ritmos, gestos, coreografias e músicas) das danças de salão, bem como suas transformações históricas e os grupos de origem.",vigente,"aba Educação Física, linha 66","Base-Nacional-Comum-Curricular-BNCC.pdf, página PDF 239"
EF89EF16,ef-comp-ef,8 | 9,unidade_tematica,ef-comp-ef-ut-lutas,,,,ef-comp-ef-oc-lutas-do-mundo,"Experimentar e fruir a execução dos movimentos pertencentes às lutas do mundo, adotando procedimentos de segurança e respeitando o oponente.",vigente,"aba Educação Física, linha 67","Base-Nacional-Comum-Curricular-BNCC.pdf, página PDF 241"
EF89EF17,ef-comp-ef,8 | 9,unidade_tematica,ef-comp-ef-ut-lutas,,,,ef-comp-ef-oc-lutas-do-mundo,"Planejar e utilizar estratégias básicas das lutas experimentadas, reconhecendo as suas características técnico-táticas.",vigente,"aba Educação Física, linha 68","Base-Nacional-Comum-Curricular-BNCC.pdf, página PDF 241"
EF89EF18,ef-comp-ef,8 | 9,unidade_tematica,ef-comp-ef-ut-lutas,,,,ef-comp-ef-oc-lutas-do-mundo,"Discutir as transformações históricas, o processo de esportivização e a midiatização de uma ou mais lutas, valorizando e respeitando as culturas de origem.",vigente,"aba Educação Física, linha 69","Base-Nacional-Comum-Curricular-BNCC.pdf, página PDF 241"
EF89EF19,ef-comp-ef,8 | 9,unidade_tematica,ef-comp-ef-ut-praticas-corporais-de-aventura,,,,ef-comp-ef-oc-praticas-corporais-de-aventura-na-natureza,"Experimentar e fruir diferentes práticas corporais de aventura na natureza, valorizando a própria segurança e integridade física, bem como as dos demais, respeitando o patrimônio natural e minimizando os impactos de degradação ambiental.",vigente,"aba Educação Física, linha 70","Base-Nacional-Comum-Curricular-BNCC.pdf, página PDF 241"
EF89EF20,ef-comp-ef,8 | 9,unidade_tematica,ef-comp-ef-ut-praticas-corporais-de-aventura,,,,ef-comp-ef-oc-praticas-corporais-de-aventura-na-natureza,"Identificar riscos, formular estratégias e observar normas de segurança para superar os desafios na realização de práticas corporais de aventura na natureza.",vigente,"aba Educação Física, linha 71","Base-Nacional-Comum-Curricular-BNCC.pdf, página PDF 241"
EF89EF21,ef-comp-ef,8 | 9,unidade_tematica,ef-comp-ef-ut-praticas-corporais-de-aventura,,,,ef-comp-ef-oc-praticas-corporais-de-aventura-na-natureza,"Identificar as características (equipamentos de segurança, instrumentos, indumentária, organização) das práticas corporais de aventura na natureza, bem como suas transformações históricas.",vigente,"aba Educação Física, linha 72","Base-Nacional-Comum-Curricular-BNCC.pdf, página PDF 241"
EF06LI01,ef-comp-li,6,eixo,ef-comp-li-ut-interacao-discursiva,,,ef-comp-li-eixo-eixo-oralidade,ef-comp-li-oc-construcao-de-lacos-afetivos-e-convivio-social,"Interagir em situações de intercâmbio oral, demonstrando iniciativa para utilizar a língua inglesa.",vigente,"aba Língua Inglesa, linha 4","Base-Nacional-Comum-Curricular-BNCC.pdf, página PDF 251"
EF06LI02,ef-comp-li,6,eixo,ef-comp-li-ut-interacao-discursiva,,,ef-comp-li-eixo-eixo-oralidade,ef-comp-li-oc-construcao-de-lacos-afetivos-e-convivio-social,"Coletar informações do grupo, perguntando e respondendo sobre a família, os amigos, a escola e a comunidade..",vigente,"aba Língua Inglesa, linha 5","Base-Nacional-Comum-Curricular-BNCC.pdf, página PDF 251"
EF06LI03,ef-comp-li,6,eixo,ef-comp-li-ut-interacao-discursiva,,,ef-comp-li-eixo-eixo-oralidade,ef-comp-li-oc-funcoes-e-usos-da-lingua-inglesa-em-sala-de-aula-classroom-language,Solicitar esclarecimentos em língua inglesa sobre o que não entendeu e o significado de palavras ou expressões desconhecidas.,vigente,"aba Língua Inglesa, linha 6","Base-Nacional-Comum-Curricular-BNCC.pdf, página PDF 251"
EF06LI04,ef-comp-li,6,eixo,ef-comp-li-ut-compreensao-oral,,,ef-comp-li-eixo-eixo-oralidade,ef-comp-li-oc-estrategias-de-compreensao-de-textos-orais-palavras-cognatas-e-pistas-do-contexto-discursivo,"Reconhecer, com o apoio de palavras cognatas e pistas do contexto discursivo, o assunto e as informações principais em textos orais sobre temas familiares.",vigente,"aba Língua Inglesa, linha 7","Base-Nacional-Comum-Curricular-BNCC.pdf, página PDF 251"
EF06LI05,ef-comp-li,6,eixo,ef-comp-li-ut-producao-oral,,,ef-comp-li-eixo-eixo-oralidade,ef-comp-li-oc-producao-de-textos-orais-com-a-mediacao-do-professor,"Aplicar os conhecimentos da língua inglesa para falar de si e de outras pessoas, explicitando informações pessoais e características relacionadas a gostos, preferências e rotinas.",vigente,"aba Língua Inglesa, linha 8","Base-Nacional-Comum-Curricular-BNCC.pdf, página PDF 251"
EF06LI06,ef-comp-li,6,eixo,ef-comp-li-ut-producao-oral,,,ef-comp-li-eixo-eixo-oralidade,ef-comp-li-oc-producao-de-textos-orais-com-a-mediacao-do-professor,"Planejar apresentação sobre a família, a comunidade e a escola, compartilhando-a oralmente com o grupo.",vigente,"aba Língua Inglesa, linha 9","Base-Nacional-Comum-Curricular-BNCC.pdf, página PDF 251"
EF06LI07,ef-comp-li,6,eixo,ef-comp-li-ut-estrategias-de-leitura,,,ef-comp-li-eixo-eixo-leitura,ef-comp-li-oc-hipoteses-sobre-a-finalidade-de-um-texto,"Formular hipóteses sobre a finalidade de um texto em língua inglesa, com base em sua estrutura, organização textual e pistas gráficas.",vigente,"aba Língua Inglesa, linha 10","Base-Nacional-Comum-Curricular-BNCC.pdf, página PDF 251"
EF06LI08,ef-comp-li,6,eixo,ef-comp-li-ut-estrategias-de-leitura,,,ef-comp-li-eixo-eixo-leitura,ef-comp-li-oc-compreensao-geral-e-especifica-leitura-rapida-skimming-scanning,"Identificar o assunto de um texto, reconhecendo sua organização textual e palavras cognatas.",vigente,"aba Língua Inglesa, linha 11","Base-Nacional-Comum-Curricular-BNCC.pdf, página PDF 251"
EF06LI09,ef-comp-li,6,eixo,ef-comp-li-ut-estrategias-de-leitura,,,ef-comp-li-eixo-eixo-leitura,ef-comp-li-oc-compreensao-geral-e-especifica-leitura-rapida-skimming-scanning,Localizar informações específicas em texto.,vigente,"aba Língua Inglesa, linha 12","Base-Nacional-Comum-Curricular-BNCC.pdf, página PDF 251"
EF06LI10,ef-comp-li,6,eixo,ef-comp-li-ut-praticas-de-leitura-e-construcao-de-repertorio-lexical,,,ef-comp-li-eixo-eixo-leitura,ef-comp-li-oc-construcao-de-repertorio-lexical-e-autonomia-leitora,Conhecer a organização de um dicionário bilíngue (impresso e/ou on-line) para construir repertório lexical.,vigente,"aba Língua Inglesa, linha 13","Base-Nacional-Comum-Curricular-BNCC.pdf, página PDF 251"
EF06LI11,ef-comp-li,6,eixo,ef-comp-li-ut-praticas-de-leitura-e-construcao-de-repertorio-lexical,,,ef-comp-li-eixo-eixo-leitura,ef-comp-li-oc-construcao-de-repertorio-lexical-e-autonomia-leitora,Explorar ambientes virtuais e/ou aplicativos para construir repertório lexical na língua inglesa.,vigente,"aba Língua Inglesa, linha 14","Base-Nacional-Comum-Curricular-BNCC.pdf, página PDF 251"
EF06LI12,ef-comp-li,6,eixo,ef-comp-li-ut-atitudes-e-disposicoes-favoraveis-do-leitor,,,ef-comp-li-eixo-eixo-leitura,ef-comp-li-oc-partilha-de-leitura-com-mediacao-do-professor,"Interessar-se pelo texto lido, compartilhando suas ideias sobre o que o texto informa/comunica.",vigente,"aba Língua Inglesa, linha 15","Base-Nacional-Comum-Curricular-BNCC.pdf, página PDF 251"
EF06LI13,ef-comp-li,6,eixo,ef-comp-li-ut-estrategias-de-escrita-pre-escrita,,,ef-comp-li-eixo-eixo-escrita,ef-comp-li-oc-planejamento-do-texto-brainstorming,"Listar ideias para a produção de textos, levando em conta o tema e o assunto.",vigente,"aba Língua Inglesa, linha 16","Base-Nacional-Comum-Curricular-BNCC.pdf, página PDF 253"
EF06LI14,ef-comp-li,6,eixo,ef-comp-li-ut-estrategias-de-escrita-pre-escrita,,,ef-comp-li-eixo-eixo-escrita,ef-comp-li-oc-planejamento-do-texto-organizacao-de-ideias,"Organizar ideias, selecionando-as em função da estrutura e do objetivo do texto.",vigente,"aba Língua Inglesa, linha 17","Base-Nacional-Comum-Curricular-BNCC.pdf, página PDF 253"
EF06LI15,ef-comp-li,6,eixo,ef-comp-li-ut-praticas-de-escrita,,,ef-comp-li-eixo-eixo-escrita,ef-comp-li-oc-producao-de-textos-escritos-em-formatos-diversos-com-a-mediacao-do-professor,"Produzir textos escritos em língua inglesa (histórias em quadrinhos, cartazes, chats, blogues, agendas, fotolegendas, entre outros), sobre si mesmo, sua família, seus amigos, gostos, preferências e rotinas, sua comunidade e seu contexto escolar.",vigente,"aba Língua Inglesa, linha 18","Base-Nacional-Comum-Curricular-BNCC.pdf, página PDF 253"
EF06LI16,ef-comp-li,6,eixo,ef-comp-li-ut-estudo-do-lexico,,,ef-comp-li-eixo-eixo-conhecimentos-linguisticos,ef-comp-li-oc-construcao-de-repertorio-lexical,Construir repertório relativo às expressões usadas para o convívio social e o uso da língua inglesa em sala de aula.,vigente,"aba Língua Inglesa, linha 19","Base-Nacional-Comum-Curricular-BNCC.pdf, página PDF 253"
EF06LI17,ef-comp-li,6,eixo,ef-comp-li-ut-estudo-do-lexico,,,ef-comp-li-eixo-eixo-conhecimentos-linguisticos,ef-comp-li-oc-construcao-de-repertorio-lexical,"Construir repertório lexical relativo a temas familiares (escola, família, rotina diária, atividades de lazer, esportes, entre outros).",vigente,"aba Língua Inglesa, linha 20","Base-Nacional-Comum-Curricular-BNCC.pdf, página PDF 253"
EF06LI18,ef-comp-li,6,eixo,ef-comp-li-ut-estudo-do-lexico,,,ef-comp-li-eixo-eixo-conhecimentos-linguisticos,ef-comp-li-oc-pronuncia,Reconhecer semelhanças e diferenças na pronúncia de palavras da língua inglesa e da língua materna e/ou outras línguas conhecidas.,vigente,"aba Língua Inglesa, linha 21","Base-Nacional-Comum-Curricular-BNCC.pdf, página PDF 253"
EF06LI19,ef-comp-li,6,eixo,ef-comp-li-ut-gramatica,,,ef-comp-li-eixo-eixo-conhecimentos-linguisticos,ef-comp-li-oc-presente-simples-e-continuo-formas-afirmativa-negativa-e-interrogativa,Utilizar o presente do indicativo para identificar pessoas (verbo to be) e descrever rotinas diárias.,vigente,"aba Língua Inglesa, linha 22","Base-Nacional-Comum-Curricular-BNCC.pdf, página PDF 253"
EF06LI20,ef-comp-li,6,eixo,ef-comp-li-ut-gramatica,,,ef-comp-li-eixo-eixo-conhecimentos-linguisticos,ef-comp-li-oc-presente-simples-e-continuo-formas-afirmativa-negativa-e-interrogativa,Utilizar o presente contínuo para descrever ações em progresso.,vigente,"aba Língua Inglesa, linha 23","Base-Nacional-Comum-Curricular-BNCC.pdf, página PDF 253"
EF06LI21,ef-comp-li,6,eixo,ef-comp-li-ut-gramatica,,,ef-comp-li-eixo-eixo-conhecimentos-linguisticos,ef-comp-li-oc-imperativo,"Reconhecer o uso do imperativo em enunciados de atividades, comandos e instruções.",vigente,"aba Língua Inglesa, linha 24","Base-Nacional-Comum-Curricular-BNCC.pdf, página PDF 253"
EF06LI22,ef-comp-li,6,eixo,ef-comp-li-ut-gramatica,,,ef-comp-li-eixo-eixo-conhecimentos-linguisticos,ef-comp-li-oc-caso-genitivo-s,Descrever relações por meio do uso de apóstrofo (’) + s.,vigente,"aba Língua Inglesa, linha 25","Base-Nacional-Comum-Curricular-BNCC.pdf, página PDF 253"
EF06LI23,ef-comp-li,6,eixo,ef-comp-li-ut-gramatica,,,ef-comp-li-eixo-eixo-conhecimentos-linguisticos,ef-comp-li-oc-adjetivos-possessivos,"Empregar, de forma inteligível, os adjetivos possessivos.",vigente,"aba Língua Inglesa, linha 26","Base-Nacional-Comum-Curricular-BNCC.pdf, página PDF 253"
EF06LI24,ef-comp-li,6,eixo,ef-comp-li-ut-a-lingua-inglesa-no-mundo,,,ef-comp-li-eixo-eixo-dimensao-intercultural,ef-comp-li-oc-paises-que-tem-a-lingua-inglesa-como-lingua-materna-e-ou-oficial,Investigar o alcance da língua inglesa no mundo: como língua materna e/ou oficial (primeira ou segunda língua).,vigente,"aba Língua Inglesa, linha 27","Base-Nacional-Comum-Curricular-BNCC.pdf, página PDF 253"
EF06LI25,ef-comp-li,6,eixo,ef-comp-li-ut-a-lingua-inglesa-no-cotidiano-da-sociedade-brasileira-comunidade,,,ef-comp-li-eixo-eixo-dimensao-intercultural,ef-comp-li-oc-presenca-da-lingua-inglesa-no-cotidiano,"Identificar a presença da língua inglesa na sociedade brasileira/comunidade (palavras, expressões, suportes e esferas de circulação e consumo) e seu significado.",vigente,"aba Língua Inglesa, linha 28","Base-Nacional-Comum-Curricular-BNCC.pdf, página PDF 253"
EF06LI26,ef-comp-li,6,eixo,ef-comp-li-ut-a-lingua-inglesa-no-cotidiano-da-sociedade-brasileira-comunidade,,,ef-comp-li-eixo-eixo-dimensao-intercultural,ef-comp-li-oc-presenca-da-lingua-inglesa-no-cotidiano,"Avaliar, problematizando elementos/produtos culturais de países de língua inglesa absorvidos pela sociedade brasileira/comunidade.",vigente,"aba Língua Inglesa, linha 29","Base-Nacional-Comum-Curricular-BNCC.pdf, página PDF 253"
EF07LI01,ef-comp-li,7,eixo,ef-comp-li-ut-interacao-discursiva,,,ef-comp-li-eixo-eixo-oralidade,ef-comp-li-oc-funcoes-e-usos-da-lingua-inglesa-convivencia-e-colaboracao-em-sala-de-aula,"Interagir em situações de intercâmbio oral para realizar as atividades em sala de aula, de forma respeitosa e colaborativa, trocando ideias e engajando-se em brincadeiras e jogos.",vigente,"aba Língua Inglesa, linha 30","Base-Nacional-Comum-Curricular-BNCC.pdf, página PDF 255"
EF07LI02,ef-comp-li,7,eixo,ef-comp-li-ut-interacao-discursiva,,,ef-comp-li-eixo-eixo-oralidade,ef-comp-li-oc-praticas-investigativas,Entrevistar os colegas para conhecer suas histórias de vida.,vigente,"aba Língua Inglesa, linha 31","Base-Nacional-Comum-Curricular-BNCC.pdf, página PDF 255"
EF07LI03,ef-comp-li,7,eixo,ef-comp-li-ut-compreensao-oral,,,ef-comp-li-eixo-eixo-oralidade,ef-comp-li-oc-estrategias-de-compreensao-de-textos-orais-conhecimentos-previos,Mobilizar conhecimentos prévios para compreender texto oral.,vigente,"aba Língua Inglesa, linha 32","Base-Nacional-Comum-Curricular-BNCC.pdf, página PDF 255"
EF07LI04,ef-comp-li,7,eixo,ef-comp-li-ut-compreensao-oral,,,ef-comp-li-eixo-eixo-oralidade,ef-comp-li-oc-compreensao-de-textos-orais-de-cunho-descritivo-ou-narrativo,"Identificar o contexto, a finalidade, o assunto e os interlocutores em textos orais presentes no cinema, na internet, na televisão, entre outros.",vigente,"aba Língua Inglesa, linha 33","Base-Nacional-Comum-Curricular-BNCC.pdf, página PDF 255"
EF07LI05,ef-comp-li,7,eixo,ef-comp-li-ut-producao-oral,,,ef-comp-li-eixo-eixo-oralidade,ef-comp-li-oc-producao-de-textos-orais-com-mediacao-do-professor,"Compor, em língua inglesa, narrativas orais sobre fatos, acontecimentos e personalidades marcantes do passado.",vigente,"aba Língua Inglesa, linha 34","Base-Nacional-Comum-Curricular-BNCC.pdf, página PDF 255"
EF07LI06,ef-comp-li,7,eixo,ef-comp-li-ut-estrategias-de-leitura,,,ef-comp-li-eixo-eixo-leitura,ef-comp-li-oc-compreensao-geral-e-especifica-leitura-rapida-skimming-scanning,"Antecipar o sentido global de textos em língua inglesa por inferências, com base em leitura rápida, observando títulos, primeiras e últimas frases de parágrafos e palavras-chave repetidas.",vigente,"aba Língua Inglesa, linha 35","Base-Nacional-Comum-Curricular-BNCC.pdf, página PDF 255"
EF07LI07,ef-comp-li,7,eixo,ef-comp-li-ut-estrategias-de-leitura,,,ef-comp-li-eixo-eixo-leitura,ef-comp-li-oc-compreensao-geral-e-especifica-leitura-rapida-skimming-scanning,Identificar a(s) informação(ões)-chave de partes de um texto em língua inglesa (parágrafos).,vigente,"aba Língua Inglesa, linha 36","Base-Nacional-Comum-Curricular-BNCC.pdf, página PDF 255"
EF07LI08,ef-comp-li,7,eixo,ef-comp-li-ut-estrategias-de-leitura,,,ef-comp-li-eixo-eixo-leitura,ef-comp-li-oc-construcao-do-sentido-global-do-texto,Relacionar as partes de um texto (parágrafos) para construir seu sentido global.,vigente,"aba Língua Inglesa, linha 37","Base-Nacional-Comum-Curricular-BNCC.pdf, página PDF 255"
EF07LI09,ef-comp-li,7,eixo,ef-comp-li-ut-praticas-de-leitura-e-pesquisa,,,ef-comp-li-eixo-eixo-leitura,ef-comp-li-oc-objetivos-de-leitura,"Selecionar, em um texto, a informação desejada como objetivo de leitura.",vigente,"aba Língua Inglesa, linha 38","Base-Nacional-Comum-Curricular-BNCC.pdf, página PDF 255"
EF07LI10,ef-comp-li,7,eixo,ef-comp-li-ut-praticas-de-leitura-e-pesquisa,,,ef-comp-li-eixo-eixo-leitura,ef-comp-li-oc-leitura-de-textos-digitais-para-estudo,"Escolher, em ambientes virtuais, textos em língua inglesa, de fontes confiáveis, para estudos/pesquisas escolares.",vigente,"aba Língua Inglesa, linha 39","Base-Nacional-Comum-Curricular-BNCC.pdf, página PDF 255"
EF07LI11,ef-comp-li,7,eixo,ef-comp-li-ut-atitudes-e-disposicoes-favoraveis-do-leitor,,,ef-comp-li-eixo-eixo-leitura,ef-comp-li-oc-partilha-de-leitura,"Participar de troca de opiniões e informações sobre textos, lidos na sala de aula ou em outros ambientes.",vigente,"aba Língua Inglesa, linha 40","Base-Nacional-Comum-Curricular-BNCC.pdf, página PDF 255"
EF07LI12,ef-comp-li,7,eixo,ef-comp-li-ut-estrategias-de-escrita-pre-escrita-e-escrita,,,ef-comp-li-eixo-eixo-escrita,ef-comp-li-oc-pre-escrita-planejamento-de-producao-escrita-com-mediacao-do-professor,"Planejar a escrita de textos em função do contexto (público, finalidade, layout e suporte).",vigente,"aba Língua Inglesa, linha 41","Base-Nacional-Comum-Curricular-BNCC.pdf, página PDF 257"
EF07LI13,ef-comp-li,7,eixo,ef-comp-li-ut-estrategias-de-escrita-pre-escrita-e-escrita,,,ef-comp-li-eixo-eixo-escrita,ef-comp-li-oc-escrita-organizacao-em-paragrafos-ou-topicos-com-mediacao-do-professor,"Organizar texto em unidades de sentido, dividindo-o em parágrafos ou tópicos e subtópicos, explorando as possibilidades de organização gráfica, de suporte e de formato do texto.",vigente,"aba Língua Inglesa, linha 42","Base-Nacional-Comum-Curricular-BNCC.pdf, página PDF 257"
EF07LI14,ef-comp-li,7,eixo,ef-comp-li-ut-praticas-de-escrita,,,ef-comp-li-eixo-eixo-escrita,ef-comp-li-oc-producao-de-textos-escritos-em-formatos-diversos-com-mediacao-do-professor,"Produzir textos diversos sobre fatos, acontecimentos e personalidades do passado (linha do tempo/ timelines, biografias, verbetes de enciclopédias, blogues, entre outros).",vigente,"aba Língua Inglesa, linha 43","Base-Nacional-Comum-Curricular-BNCC.pdf, página PDF 257"
EF07LI15,ef-comp-li,7,eixo,ef-comp-li-ut-estudo-do-lexico,,,ef-comp-li-eixo-eixo-conhecimentos-linguisticos,ef-comp-li-oc-construcao-de-repertorio-lexical,"Construir repertório lexical relativo a verbos regulares e irregulares (formas no passado), preposições de tempo (in, on, at) e conectores (and, but, because, then, so, before, after, entre outros).",vigente,"aba Língua Inglesa, linha 44","Base-Nacional-Comum-Curricular-BNCC.pdf, página PDF 257"
EF07LI16,ef-comp-li,7,eixo,ef-comp-li-ut-estudo-do-lexico,,,ef-comp-li-eixo-eixo-conhecimentos-linguisticos,ef-comp-li-oc-pronuncia,Reconhecer a pronúncia de verbos regulares no passado (-ed).,vigente,"aba Língua Inglesa, linha 45","Base-Nacional-Comum-Curricular-BNCC.pdf, página PDF 257"
EF07LI17,ef-comp-li,7,eixo,ef-comp-li-ut-estudo-do-lexico,,,ef-comp-li-eixo-eixo-conhecimentos-linguisticos,ef-comp-li-oc-polissemia,Explorar o caráter polissêmico de palavras de acordo com o contexto de uso.,vigente,"aba Língua Inglesa, linha 46","Base-Nacional-Comum-Curricular-BNCC.pdf, página PDF 257"
EF07LI18,ef-comp-li,7,eixo,ef-comp-li-ut-gramatica,,,ef-comp-li-eixo-eixo-conhecimentos-linguisticos,ef-comp-li-oc-passado-simples-e-continuo-formas-afirmativa-negativa-e-interrogativa,"Utilizar o passado simples e o passado contínuo para produzir textos orais e escritos, mostrando relações de sequência e causalidade.",vigente,"aba Língua Inglesa, linha 47","Base-Nacional-Comum-Curricular-BNCC.pdf, página PDF 257"
EF07LI19,ef-comp-li,7,eixo,ef-comp-li-ut-gramatica,,,ef-comp-li-eixo-eixo-conhecimentos-linguisticos,ef-comp-li-oc-pronomes-do-caso-reto-e-do-caso-obliquo,Discriminar sujeito de objeto utilizando pronomes a eles relacionados.,vigente,"aba Língua Inglesa, linha 48","Base-Nacional-Comum-Curricular-BNCC.pdf, página PDF 257"
EF07LI20,ef-comp-li,7,eixo,ef-comp-li-ut-gramatica,,,ef-comp-li-eixo-eixo-conhecimentos-linguisticos,ef-comp-li-oc-verbo-modal-can-presente-e-passado,"Empregar, de forma inteligível, o verbo modal can para descrever habilidades (no presente e no passado).",vigente,"aba Língua Inglesa, linha 49","Base-Nacional-Comum-Curricular-BNCC.pdf, página PDF 257"
EF07LI21,ef-comp-li,7,eixo,ef-comp-li-ut-a-lingua-inglesa-no-mundo,,,ef-comp-li-eixo-eixo-dimensao-intercultural,ef-comp-li-oc-a-lingua-inglesa-como-lingua-global-na-sociedade-contemporanea,Analisar o alcance da língua inglesa e os seus contextos de uso no mundo globalizado.,vigente,"aba Língua Inglesa, linha 50","Base-Nacional-Comum-Curricular-BNCC.pdf, página PDF 257"
EF07LI22,ef-comp-li,7,eixo,ef-comp-li-ut-comunicacao-intercultural,,,ef-comp-li-eixo-eixo-dimensao-intercultural,ef-comp-li-oc-variacao-linguistica,"Explorar modos de falar em língua inglesa, refutando preconceitos e reconhecendo a variação linguística como fenômeno natural das línguas.",vigente,"aba Língua Inglesa, linha 51","Base-Nacional-Comum-Curricular-BNCC.pdf, página PDF 257"
EF07LI23,ef-comp-li,7,eixo,ef-comp-li-ut-comunicacao-intercultural,,,ef-comp-li-eixo-eixo-dimensao-intercultural,ef-comp-li-oc-variacao-linguistica,Reconhecer a variação linguística como manifestação de formas de pensar e expressar o mundo.,vigente,"aba Língua Inglesa, linha 52","Base-Nacional-Comum-Curricular-BNCC.pdf, página PDF 257"
EF08LI01,ef-comp-li,8,eixo,ef-comp-li-ut-interacao-discursiva,,,ef-comp-li-eixo-eixo-oralidade,ef-comp-li-oc-negociacao-de-sentidos-mal-entendidos-no-uso-da-lingua-inglesa-e-conflito-de-opinioes,"Fazer uso da língua inglesa para resolver mal-entendidos, emitir opiniões e esclarecer informações por meio de paráfrases ou justificativas.",vigente,"aba Língua Inglesa, linha 53","Base-Nacional-Comum-Curricular-BNCC.pdf, página PDF 259"
EF08LI02,ef-comp-li,8,eixo,ef-comp-li-ut-interacao-discursiva,,,ef-comp-li-eixo-eixo-oralidade,ef-comp-li-oc-usos-de-recursos-linguisticos-e-paralinguisticos-no-intercambio-oral,"Explorar o uso de recursos linguísticos (frases incompletas, hesitações, entre outros) e paralinguísticos (gestos, expressões faciais, entre outros) em situações de interação oral.",vigente,"aba Língua Inglesa, linha 54","Base-Nacional-Comum-Curricular-BNCC.pdf, página PDF 259"
EF08LI03,ef-comp-li,8,eixo,ef-comp-li-ut-compreensao-oral,,,ef-comp-li-eixo-eixo-oralidade,ef-comp-li-oc-compreensao-de-textos-orais-multimodais-de-cunho-informativo-jornalistico,"Construir o sentido global de textos orais, relacionando suas partes, o assunto principal e informações relevantes.",vigente,"aba Língua Inglesa, linha 55","Base-Nacional-Comum-Curricular-BNCC.pdf, página PDF 259"
EF08LI04,ef-comp-li,8,eixo,ef-comp-li-ut-producao-oral,,,ef-comp-li-eixo-eixo-oralidade,ef-comp-li-oc-producao-de-textos-orais-com-autonomia,"Utilizar recursos e repertório linguísticos apropriados para informar/comunicar/falar do futuro: planos, previsões, possibilidades e probabilidades.",vigente,"aba Língua Inglesa, linha 56","Base-Nacional-Comum-Curricular-BNCC.pdf, página PDF 259"
EF08LI05,ef-comp-li,8,eixo,ef-comp-li-ut-estrategias-de-leitura,,,ef-comp-li-eixo-eixo-leitura,ef-comp-li-oc-construcao-de-sentidos-por-meio-de-inferencias-e-reconhecimento-de-implicitos,Inferir informações e relações que não aparecem de modo explícito no texto para construção de sentidos.,vigente,"aba Língua Inglesa, linha 57","Base-Nacional-Comum-Curricular-BNCC.pdf, página PDF 259"
EF08LI06,ef-comp-li,8,eixo,ef-comp-li-ut-praticas-de-leitura-e-fruicao,,,ef-comp-li-eixo-eixo-leitura,ef-comp-li-oc-leitura-de-textos-de-cunho-artistico-literario,"Apreciar textos narrativos em língua inglesa (contos, romances, entre outros, em versão original ou simplificada), como forma de valorizar o patrimônio cultural produzido em língua inglesa.",vigente,"aba Língua Inglesa, linha 58","Base-Nacional-Comum-Curricular-BNCC.pdf, página PDF 259"
EF08LI07,ef-comp-li,8,eixo,ef-comp-li-ut-praticas-de-leitura-e-fruicao,,,ef-comp-li-eixo-eixo-leitura,ef-comp-li-oc-leitura-de-textos-de-cunho-artistico-literario,Explorar ambientes virtuais e/ou aplicativos para acessar e usufruir do patrimônio artístico literário em língua inglesa.,vigente,"aba Língua Inglesa, linha 59","Base-Nacional-Comum-Curricular-BNCC.pdf, página PDF 259"
EF08LI08,ef-comp-li,8,eixo,ef-comp-li-ut-avaliacao-dos-textos-lidos,,,ef-comp-li-eixo-eixo-leitura,ef-comp-li-oc-reflexao-pos-leitura,"Analisar, criticamente, o conteúdo de textos, comparando diferentes perspectivas apresentadas sobre um mesmo assunto.",vigente,"aba Língua Inglesa, linha 60","Base-Nacional-Comum-Curricular-BNCC.pdf, página PDF 259"
EF08LI09,ef-comp-li,8,eixo,ef-comp-li-ut-estrategias-de-escrita-escrita-e-pos-escrita,,,ef-comp-li-eixo-eixo-escrita,ef-comp-li-oc-revisao-de-textos-com-a-mediacao-do-professor,"Avaliar a própria produção escrita e a de colegas, com base no contexto de comunicação (finalidade e adequação ao público, conteúdo a ser comunicado, organização textual, legibilidade, estrutura de frases).",vigente,"aba Língua Inglesa, linha 61","Base-Nacional-Comum-Curricular-BNCC.pdf, página PDF 259"
EF08LI10,ef-comp-li,8,eixo,ef-comp-li-ut-estrategias-de-escrita-escrita-e-pos-escrita,,,ef-comp-li-eixo-eixo-escrita,ef-comp-li-oc-revisao-de-textos-com-a-mediacao-do-professor,"Reconstruir o texto, com cortes, acréscimos, reformulações e correções, para aprimoramento, edição e publicação final.",vigente,"aba Língua Inglesa, linha 62","Base-Nacional-Comum-Curricular-BNCC.pdf, página PDF 259"
EF08LI11,ef-comp-li,8,eixo,ef-comp-li-ut-praticas-de-escrita,,,ef-comp-li-eixo-eixo-escrita,ef-comp-li-oc-producao-de-textos-escritos-com-mediacao-do-professor-colegas,"Produzir textos (comentários em fóruns, relatos pessoais, mensagens instantâneas, tweets, reportagens, histórias de ficção, blogues, entre outros), com o uso de estratégias de escrita (planejamento, produção de rascunho, revisão e edição final), apontando sonhos e projetos para o futuro (pessoal, da família, da comunidade ou do planeta).",vigente,"aba Língua Inglesa, linha 63","Base-Nacional-Comum-Curricular-BNCC.pdf, página PDF 259"
EF08LI12,ef-comp-li,8,eixo,ef-comp-li-ut-estudo-do-lexico,,,ef-comp-li-eixo-eixo-conhecimentos-linguisticos,ef-comp-li-oc-construcao-de-repertorio-lexical,"Construir repertório lexical relativo a planos, previsões e expectativas para o futuro.",vigente,"aba Língua Inglesa, linha 64","Base-Nacional-Comum-Curricular-BNCC.pdf, página PDF 261"
EF08LI13,ef-comp-li,8,eixo,ef-comp-li-ut-estudo-do-lexico,,,ef-comp-li-eixo-eixo-conhecimentos-linguisticos,ef-comp-li-oc-formacao-de-palavras-prefixos-e-sufixos,Reconhecer sufixos e prefixos comuns utilizados na formação de palavras em língua inglesa.,vigente,"aba Língua Inglesa, linha 65","Base-Nacional-Comum-Curricular-BNCC.pdf, página PDF 261"
EF08LI14,ef-comp-li,8,eixo,ef-comp-li-ut-gramatica,,,ef-comp-li-eixo-eixo-conhecimentos-linguisticos,ef-comp-li-oc-verbos-para-indicar-o-futuro,Utilizar formas verbais do futuro para descrever planos e expectativas e fazer previsões.,vigente,"aba Língua Inglesa, linha 66","Base-Nacional-Comum-Curricular-BNCC.pdf, página PDF 261"
EF08LI15,ef-comp-li,8,eixo,ef-comp-li-ut-gramatica,,,ef-comp-li-eixo-eixo-conhecimentos-linguisticos,ef-comp-li-oc-comparativos-e-superlativos,"Utilizar, de modo inteligível, as formas comparativas e superlativas de adjetivos para comparar qualidades e quantidades.",vigente,"aba Língua Inglesa, linha 67","Base-Nacional-Comum-Curricular-BNCC.pdf, página PDF 261"
EF08LI16,ef-comp-li,8,eixo,ef-comp-li-ut-gramatica,,,ef-comp-li-eixo-eixo-conhecimentos-linguisticos,ef-comp-li-oc-quantificadores,"Utilizar, de modo inteligível, corretamente, some, any, many, much.",vigente,"aba Língua Inglesa, linha 68","Base-Nacional-Comum-Curricular-BNCC.pdf, página PDF 261"
EF08LI17,ef-comp-li,8,eixo,ef-comp-li-ut-gramatica,,,ef-comp-li-eixo-eixo-conhecimentos-linguisticos,ef-comp-li-oc-pronomes-relativos,"Empregar, de modo inteligível, os pronomes relativos (who, which, that, whose) para construir períodos compostos por subordinação.",vigente,"aba Língua Inglesa, linha 69","Base-Nacional-Comum-Curricular-BNCC.pdf, página PDF 261"
EF08LI18,ef-comp-li,8,eixo,ef-comp-li-ut-manifestacoes-culturais,,,ef-comp-li-eixo-eixo-dimensao-intercultural,ef-comp-li-oc-construcao-de-repertorio-artistico-cultural,"Construir repertório cultural por meio do contato com manifestações artístico-culturais vinculadas à língua inglesa (artes plásticas e visuais, literatura, música, cinema, dança, festividades, entre outros), valorizando a diversidade entre culturas.",vigente,"aba Língua Inglesa, linha 70","Base-Nacional-Comum-Curricular-BNCC.pdf, página PDF 261"
EF08LI19,ef-comp-li,8,eixo,ef-comp-li-ut-comunicacao-intercultural,,,ef-comp-li-eixo-eixo-dimensao-intercultural,ef-comp-li-oc-impacto-de-aspectos-culturais-na-comunicacao,"Investigar de que forma expressões, gestos e comportamentos são interpretados em função de aspectos culturais.",vigente,"aba Língua Inglesa, linha 71","Base-Nacional-Comum-Curricular-BNCC.pdf, página PDF 261"
EF08LI20,ef-comp-li,8,eixo,ef-comp-li-ut-comunicacao-intercultural,,,ef-comp-li-eixo-eixo-dimensao-intercultural,ef-comp-li-oc-impacto-de-aspectos-culturais-na-comunicacao,Examinar fatores que podem impedir o entendimento entre pessoas de culturas diferentes que falam a língua inglesa.,vigente,"aba Língua Inglesa, linha 72","Base-Nacional-Comum-Curricular-BNCC.pdf, página PDF 261"
EF09LI01,ef-comp-li,9,eixo,ef-comp-li-ut-interacao-discursiva,,,ef-comp-li-eixo-eixo-oralidade,ef-comp-li-oc-funcoes-e-usos-da-lingua-inglesa-persuasao,"Fazer uso da língua inglesa para expor pontos de vista, argumentos e contra-argumentos, considerando o contexto e os recursos linguísticos voltados para a eficácia da comunicação.",vigente,"aba Língua Inglesa, linha 73","Base-Nacional-Comum-Curricular-BNCC.pdf, página PDF 263"
EF09LI02,ef-comp-li,9,eixo,ef-comp-li-ut-compreensao-oral,,,ef-comp-li-eixo-eixo-oralidade,ef-comp-li-oc-compreensao-de-textos-orais-multimodais-de-cunho-argumentativo,Compilar as ideias-chave de textos por meio de tomada de notas.,vigente,"aba Língua Inglesa, linha 74","Base-Nacional-Comum-Curricular-BNCC.pdf, página PDF 263"
EF09LI03,ef-comp-li,9,eixo,ef-comp-li-ut-compreensao-oral,,,ef-comp-li-eixo-eixo-oralidade,ef-comp-li-oc-compreensao-de-textos-orais-multimodais-de-cunho-argumentativo,Analisar posicionamentos defendidos e refutados em textos orais sobre temas de interesse social e coletivo.,vigente,"aba Língua Inglesa, linha 75","Base-Nacional-Comum-Curricular-BNCC.pdf, página PDF 263"
EF09LI04,ef-comp-li,9,eixo,ef-comp-li-ut-producao-oral,,,ef-comp-li-eixo-eixo-oralidade,ef-comp-li-oc-producao-de-textos-orais-com-autonomia,"Expor resultados de pesquisa ou estudo com o apoio de recursos, tais como notas, gráficos, tabelas, entre outros, adequando as estratégias de construção do texto oral aos objetivos de comunicação e ao contexto.",vigente,"aba Língua Inglesa, linha 76","Base-Nacional-Comum-Curricular-BNCC.pdf, página PDF 263"
EF09LI05,ef-comp-li,9,eixo,ef-comp-li-ut-estrategias-de-leitura,,,ef-comp-li-eixo-eixo-leitura,ef-comp-li-oc-recursos-de-persuasao,"Identificar recursos de persuasão (escolha e jogo de palavras, uso de cores e imagens, tamanho de letras), utilizados nos textos publicitários e de propaganda, como elementos de convencimento.",vigente,"aba Língua Inglesa, linha 77","Base-Nacional-Comum-Curricular-BNCC.pdf, página PDF 263"
EF09LI06,ef-comp-li,9,eixo,ef-comp-li-ut-estrategias-de-leitura,,,ef-comp-li-eixo-eixo-leitura,ef-comp-li-oc-recursos-de-argumentacao,Distinguir fatos de opiniões em textos argumentativos da esfera jornalística.,vigente,"aba Língua Inglesa, linha 78","Base-Nacional-Comum-Curricular-BNCC.pdf, página PDF 263"
EF09LI07,ef-comp-li,9,eixo,ef-comp-li-ut-estrategias-de-leitura,,,ef-comp-li-eixo-eixo-leitura,ef-comp-li-oc-recursos-de-argumentacao,Identificar argumentos principais e as evidências/exemplos que os sustentam.,vigente,"aba Língua Inglesa, linha 79","Base-Nacional-Comum-Curricular-BNCC.pdf, página PDF 263"
EF09LI08,ef-comp-li,9,eixo,ef-comp-li-ut-praticas-de-leitura-e-novas-tecnologias,,,ef-comp-li-eixo-eixo-leitura,ef-comp-li-oc-informacoes-em-ambientes-virtuais,"Explorar ambientes virtuais de informação e socialização, analisando a qualidade e a validade das informações veiculadas.",vigente,"aba Língua Inglesa, linha 80","Base-Nacional-Comum-Curricular-BNCC.pdf, página PDF 263"
EF09LI09,ef-comp-li,9,eixo,ef-comp-li-ut-avaliacao-dos-textos-lidos,,,ef-comp-li-eixo-eixo-leitura,ef-comp-li-oc-reflexao-pos-leitura,"Compartilhar, com os colegas, a leitura dos textos escritos pelo grupo, valorizando os diferentes pontos de vista defendidos, com ética e respeito.",vigente,"aba Língua Inglesa, linha 81","Base-Nacional-Comum-Curricular-BNCC.pdf, página PDF 263"
EF09LI10,ef-comp-li,9,eixo,ef-comp-li-ut-estrategias-de-escrita,,,ef-comp-li-eixo-eixo-escrita,ef-comp-li-oc-escrita-construcao-da-argumentacao,"Propor potenciais argumentos para expor e defender ponto de vista em texto escrito, refletindo sobre o tema proposto e pesquisando dados, evidências e exemplos para sustentar os argumentos, organizando-os em sequência lógica.",vigente,"aba Língua Inglesa, linha 82","Base-Nacional-Comum-Curricular-BNCC.pdf, página PDF 265"
EF09LI11,ef-comp-li,9,eixo,ef-comp-li-ut-estrategias-de-escrita,,,ef-comp-li-eixo-eixo-escrita,ef-comp-li-oc-escrita-construcao-da-persuasao,"Utilizar recursos verbais e não verbais para construção da persuasão em textos da esfera publicitária, de forma adequada ao contexto de circulação (produção e compreensão).",vigente,"aba Língua Inglesa, linha 83","Base-Nacional-Comum-Curricular-BNCC.pdf, página PDF 265"
EF09LI12,ef-comp-li,9,eixo,ef-comp-li-ut-praticas-de-escrita,,,ef-comp-li-eixo-eixo-escrita,ef-comp-li-oc-producao-de-textos-escritos-com-mediacao-do-professor-colegas,"Produzir textos (infográficos, fóruns de discussão on-line, fotorreportagens, campanhas publicitárias, memes, entre outros) sobre temas de interesse coletivo local ou global, que revelem posicionamento crítico.",vigente,"aba Língua Inglesa, linha 84","Base-Nacional-Comum-Curricular-BNCC.pdf, página PDF 265"
EF09LI13,ef-comp-li,9,eixo,ef-comp-li-ut-estudo-do-lexico,,,ef-comp-li-eixo-eixo-conhecimentos-linguisticos,ef-comp-li-oc-usos-de-linguagem-em-meio-digital-internetes,"Reconhecer, nos novos gêneros digitais (blogues, mensagens instantâneas, tweets, entre outros), novas formas de escrita (abreviação de palavras, palavras com combinação de letras e números, pictogramas, símbolos gráficos, entre outros) na constituição das mensagens.",vigente,"aba Língua Inglesa, linha 85","Base-Nacional-Comum-Curricular-BNCC.pdf, página PDF 265"
EF09LI14,ef-comp-li,9,eixo,ef-comp-li-ut-estudo-do-lexico,,,ef-comp-li-eixo-eixo-conhecimentos-linguisticos,ef-comp-li-oc-conectores-linking-words,"Utilizar conectores indicadores de adição, condição, oposição, contraste, conclusão e síntese como auxiliares na construção da argumentação e intencionalidade discursiva.",vigente,"aba Língua Inglesa, linha 86","Base-Nacional-Comum-Curricular-BNCC.pdf, página PDF 265"
EF09LI15,ef-comp-li,9,eixo,ef-comp-li-ut-gramatica,,,ef-comp-li-eixo-eixo-conhecimentos-linguisticos,ef-comp-li-oc-oracoes-condicionais-tipos-1-e-2,"Empregar, de modo inteligível, as formas verbais em orações condicionais dos tipos 1 e 2 (If-clauses).",vigente,"aba Língua Inglesa, linha 87","Base-Nacional-Comum-Curricular-BNCC.pdf, página PDF 265"
EF09LI16,ef-comp-li,9,eixo,ef-comp-li-ut-gramatica,,,ef-comp-li-eixo-eixo-conhecimentos-linguisticos,ef-comp-li-oc-verbos-modais-should-must-have-to-may-e | ef-comp-li-oc-might,"Empregar, de modo inteligível, os verbos should, must, have to, may e might para indicar recomendação, necessidade ou obrigação e probabilidade.",vigente,"aba Língua Inglesa, linha 88","Base-Nacional-Comum-Curricular-BNCC.pdf, página PDF 265"
EF09LI17,ef-comp-li,9,eixo,ef-comp-li-ut-a-lingua-inglesa-no-mundo,,,ef-comp-li-eixo-eixo-dimensao-intercultural,ef-comp-li-oc-expansao-da-lingua-inglesa-contexto-historico,"Debater sobre a expansão da língua inglesa pelo mundo, em função do processo de colonização nas Américas, África, Ásia e Oceania.",vigente,"aba Língua Inglesa, linha 89","Base-Nacional-Comum-Curricular-BNCC.pdf, página PDF 265"
EF09LI18,ef-comp-li,9,eixo,ef-comp-li-ut-a-lingua-inglesa-no-mundo,,,ef-comp-li-eixo-eixo-dimensao-intercultural,ef-comp-li-oc-a-lingua-inglesa-e-seu-papel-no-intercambio-cientifico-economico-e-politico,"Analisar a importância da língua inglesa para o desenvolvimento das ciências (produção, divulgação e discussão de novos conhecimentos), da economia e da política no cenário mundial.",vigente,"aba Língua Inglesa, linha 90","Base-Nacional-Comum-Curricular-BNCC.pdf, página PDF 265"
EF09LI19,ef-comp-li,9,eixo,ef-comp-li-ut-comunicacao-intercultural,,,ef-comp-li-eixo-eixo-dimensao-intercultural,ef-comp-li-oc-construcao-de-identidades-no-mundo-globalizado,Discutir a comunicação intercultural por meio da língua inglesa como mecanismo de valorização pessoal e de construção de identidades no mundo globalizado.,vigente,"aba Língua Inglesa, linha 91","Base-Nacional-Comum-Curricular-BNCC.pdf, página PDF 265"
EF01MA01,ef-comp-ma,1,unidade_tematica,ef-comp-ma-ut-numeros,,,,ef-comp-ma-oc-contagem-de-rotina | ef-comp-ma-oc-contagem-ascendente-e-descendente | ef-comp-ma-oc-reconhecimento-de-numeros-no-contexto-diario-indicacao-de-quantidades-indicacao-de-ordem-ou-indicacao-de-codigo-para-a-organizacao-de-informacoes,"Utilizar números naturais como indicador de quantidade ou de ordem em diferentes situações cotidianas e reconhecer situações em que os números não indicam contagem nem ordem, mas sim código de identificação.",vigente,"aba Matemática, linha 4","Base-Nacional-Comum-Curricular-BNCC.pdf, página PDF 281"
EF01MA02,ef-comp-ma,1,unidade_tematica,ef-comp-ma-ut-numeros,,,,ef-comp-ma-oc-quantificacao-de-elementos-de-uma-colecao-estimativas-contagem-um-a-um-pareamento-ou-outros-agrupamentos-e-comparacao,"Contar de maneira exata ou aproximada, utilizando diferentes estratégias como o pareamento e outros agrupamentos.",vigente,"aba Matemática, linha 5","Base-Nacional-Comum-Curricular-BNCC.pdf, página PDF 281"
EF01MA03,ef-comp-ma,1,unidade_tematica,ef-comp-ma-ut-numeros,,,,ef-comp-ma-oc-quantificacao-de-elementos-de-uma-colecao-estimativas-contagem-um-a-um-pareamento-ou-outros-agrupamentos-e-comparacao,"Estimar e comparar quantidades de objetos de dois conjuntos (em torno de 20 elementos), por estimativa e/ou por correspondência (um a um, dois a dois) para indicar “tem mais”, “tem menos” ou “tem a mesma quantidade”.",vigente,"aba Matemática, linha 6","Base-Nacional-Comum-Curricular-BNCC.pdf, página PDF 281"
EF01MA04,ef-comp-ma,1,unidade_tematica,ef-comp-ma-ut-numeros,,,,ef-comp-ma-oc-leitura-escrita-e-comparacao-de-numeros-naturais-ate-100 | ef-comp-ma-oc-reta-numerica,"Contar a quantidade de objetos de coleções até 100 unidades e apresentar o resultado por registros verbais e simbólicos, em situações de seu interesse, como jogos, brincadeiras, materiais da sala de aula, entre outros.",vigente,"aba Matemática, linha 7","Base-Nacional-Comum-Curricular-BNCC.pdf, página PDF 281"
EF01MA05,ef-comp-ma,1,unidade_tematica,ef-comp-ma-ut-numeros,,,,ef-comp-ma-oc-leitura-escrita-e-comparacao-de-numeros-naturais-ate-100 | ef-comp-ma-oc-reta-numerica,"Comparar números naturais de até duas ordens em situações cotidianas, com e sem suporte da reta numérica.",vigente,"aba Matemática, linha 8","Base-Nacional-Comum-Curricular-BNCC.pdf, página PDF 281"
EF01MA06,ef-comp-ma,1,unidade_tematica,ef-comp-ma-ut-numeros,,,,ef-comp-ma-oc-construcao-de-fatos-basicos-da-adicao,Construir fatos básicos da adição e utilizá-los em procedimentos de cálculo para resolver problemas.,vigente,"aba Matemática, linha 9","Base-Nacional-Comum-Curricular-BNCC.pdf, página PDF 281"
EF01MA07,ef-comp-ma,1,unidade_tematica,ef-comp-ma-ut-numeros,,,,ef-comp-ma-oc-composicao-e-decomposicao-de-numeros-naturais,"Compor e decompor número de até duas ordens, por meio de diferentes adições, com o suporte de material manipulável, contribuindo para a compreensão de características do sistema de numeração decimal e o desenvolvimento de estratégias de cálculo.",vigente,"aba Matemática, linha 10","Base-Nacional-Comum-Curricular-BNCC.pdf, página PDF 281"
EF01MA08,ef-comp-ma,1,unidade_tematica,ef-comp-ma-ut-numeros,,,,ef-comp-ma-oc-problemas-envolvendo-diferentes-significados-da-adicao-e-da-subtracao-juntar-acrescentar-separar-retirar,"Resolver e elaborar problemas de adição e de subtração, envolvendo números de até dois algarismos, com os significados de juntar, acrescentar, separar e retirar, com o suporte de imagens e/ou material manipulável, utilizando estratégias e formas de registro pessoais.",vigente,"aba Matemática, linha 11","Base-Nacional-Comum-Curricular-BNCC.pdf, página PDF 281"
EF01MA09,ef-comp-ma,1,unidade_tematica,ef-comp-ma-ut-algebra,,,,ef-comp-ma-oc-padroes-figurais-e-numericos-investigacao-de-regularidades-ou-padroes-em-sequencias,"Organizar e ordenar objetos familiares ou representações por figuras, por meio de atributos, tais como cor, forma e medida.",vigente,"aba Matemática, linha 12","Base-Nacional-Comum-Curricular-BNCC.pdf, página PDF 281"
EF01MA10,ef-comp-ma,1,unidade_tematica,ef-comp-ma-ut-algebra,,,,ef-comp-ma-oc-sequencias-recursivas-observacao-de-regras-usadas-utilizadas-em-seriacoes-numericas-mais-1-mais-2-menos-1-menos-2-por-exemplo,"Descrever, após o reconhecimento e a explicitação de um padrão (ou regularidade), os elementos ausentes em sequências recursivas de números naturais, objetos ou figuras.",vigente,"aba Matemática, linha 13","Base-Nacional-Comum-Curricular-BNCC.pdf, página PDF 281"
EF01MA11,ef-comp-ma,1,unidade_tematica,ef-comp-ma-ut-geometria,,,,ef-comp-ma-oc-localizacao-de-objetos-e-de-pessoas-no-espaco-utilizando-diversos-pontos-de-referencia-e-vocabulario-apropriado,"Descrever a localização de pessoas e de objetos no espaço em relação à sua própria posição, utilizando termos como à direita, à esquerda, em frente, atrás.",vigente,"aba Matemática, linha 14","Base-Nacional-Comum-Curricular-BNCC.pdf, página PDF 281"
EF01MA12,ef-comp-ma,1,unidade_tematica,ef-comp-ma-ut-geometria,,,,ef-comp-ma-oc-localizacao-de-objetos-e-de-pessoas-no-espaco-utilizando-diversos-pontos-de-referencia-e-vocabulario-apropriado,"Descrever a localização de pessoas e de objetos no espaço segundo um dado ponto de referência, compreendendo que, para a utilização de termos que se referem à posição, como direita, esquerda, em cima, em baixo, é necessário explicitar-se o referencial.",vigente,"aba Matemática, linha 15","Base-Nacional-Comum-Curricular-BNCC.pdf, página PDF 281"
EF01MA13,ef-comp-ma,1,unidade_tematica,ef-comp-ma-ut-geometria,,,,ef-comp-ma-oc-figuras-geometricas-espaciais-reconhecimento-e-relacoes-com-objetos-familiares-do-mundo-fisico,"Relacionar figuras geométricas espaciais (cones, cilindros, esferas e blocos retangulares) a objetos familiares do mundo físico.",vigente,"aba Matemática, linha 16","Base-Nacional-Comum-Curricular-BNCC.pdf, página PDF 281"
EF01MA14,ef-comp-ma,1,unidade_tematica,ef-comp-ma-ut-geometria,,,,ef-comp-ma-oc-figuras-geometricas-planas-reconhecimento-do-formato-das-faces-de-figuras-geometricas-espaciais,"Identificar e nomear figuras planas (círculo, quadrado, retângulo e triângulo) em desenhos apresentados em diferentes disposições ou em contornos de faces de sólidos geométricos.",vigente,"aba Matemática, linha 17","Base-Nacional-Comum-Curricular-BNCC.pdf, página PDF 281"
EF01MA15,ef-comp-ma,1,unidade_tematica,ef-comp-ma-ut-grandezas-e-medidas,,,,ef-comp-ma-oc-medidas-de-comprimento-massa-e-capacidade-comparacoes-e-unidades-de-medida-nao-convencionais,"Comparar comprimentos, capacidades ou massas, utilizando termos como mais alto, mais baixo, mais comprido, mais curto, mais grosso, mais fino, mais largo, mais pesado, mais leve, cabe mais, cabe menos, entre outros, para ordenar objetos de uso cotidiano.",vigente,"aba Matemática, linha 18","Base-Nacional-Comum-Curricular-BNCC.pdf, página PDF 283"
EF01MA16,ef-comp-ma,1,unidade_tematica,ef-comp-ma-ut-grandezas-e-medidas,,,,ef-comp-ma-oc-medidas-de-tempo-unidades-de-medida-de-tempo-suas-relacoes-e-o-uso-do-calendario,"Relatar em linguagem verbal ou não verbal sequência de acontecimentos relativos a um dia, utilizando, quando possível, os horários dos eventos.",vigente,"aba Matemática, linha 19","Base-Nacional-Comum-Curricular-BNCC.pdf, página PDF 283"
EF01MA17,ef-comp-ma,1,unidade_tematica,ef-comp-ma-ut-grandezas-e-medidas,,,,ef-comp-ma-oc-medidas-de-tempo-unidades-de-medida-de-tempo-suas-relacoes-e-o-uso-do-calendario,"Reconhecer e relacionar períodos do dia, dias da semana e meses do ano, utilizando calendário, quando necessário.",vigente,"aba Matemática, linha 20","Base-Nacional-Comum-Curricular-BNCC.pdf, página PDF 283"
EF01MA18,ef-comp-ma,1,unidade_tematica,ef-comp-ma-ut-grandezas-e-medidas,,,,ef-comp-ma-oc-medidas-de-tempo-unidades-de-medida-de-tempo-suas-relacoes-e-o-uso-do-calendario,"Produzir a escrita de uma data, apresentando o dia, o mês e o ano, e indicar o dia da semana de uma data, consultando calendários.",vigente,"aba Matemática, linha 21","Base-Nacional-Comum-Curricular-BNCC.pdf, página PDF 283"
EF01MA19,ef-comp-ma,1,unidade_tematica,ef-comp-ma-ut-grandezas-e-medidas,,,,ef-comp-ma-oc-sistema-monetario-brasileiro-reconhecimento-de-cedulas-e-moedas,Reconhecer e relacionar valores de moedas e cédulas do sistema monetário brasileiro para resolver situações simples do cotidiano do estudante.,vigente,"aba Matemática, linha 22","Base-Nacional-Comum-Curricular-BNCC.pdf, página PDF 283"
EF01MA20,ef-comp-ma,1,unidade_tematica,ef-comp-ma-ut-probabilidade-e-estatistica,,,,ef-comp-ma-oc-nocao-de-acaso,"Classificar eventos envolvendo o acaso, tais como “acontecerá com certeza”, “talvez aconteça” e “é impossível acontecer”, em situações do cotidiano.",vigente,"aba Matemática, linha 23","Base-Nacional-Comum-Curricular-BNCC.pdf, página PDF 283"
EF01MA21,ef-comp-ma,1,unidade_tematica,ef-comp-ma-ut-probabilidade-e-estatistica,,,,ef-comp-ma-oc-leitura-de-tabelas-e-de-graficos-de-colunas-simples,Ler dados expressos em tabelas e em gráficos de colunas simples.,vigente,"aba Matemática, linha 24","Base-Nacional-Comum-Curricular-BNCC.pdf, página PDF 283"
EF01MA22,ef-comp-ma,1,unidade_tematica,ef-comp-ma-ut-probabilidade-e-estatistica,,,,ef-comp-ma-oc-coleta-e-organizacao-de-informacoes | ef-comp-ma-oc-registros-pessoais-para-comunicacao-de-informacoes-coletadas,"Realizar pesquisa, envolvendo até duas variáveis categóricas de seu interesse e universo de até 30 elementos, e organizar dados por meio de representações pessoais.",vigente,"aba Matemática, linha 25","Base-Nacional-Comum-Curricular-BNCC.pdf, página PDF 283"
EF02MA01,ef-comp-ma,2,unidade_tematica,ef-comp-ma-ut-numeros,,,,ef-comp-ma-oc-leitura-escrita-comparacao-e-ordenacao-de-numeros-de-ate-tres-ordens-pela-compreensao-de-caracteristicas-do-sistema-de-numeracao-decimal-valor-posicional-e-papel-do-zero,Comparar e ordenar números naturais (até a ordem de centenas) pela compreensão de características do sistema de numeração decimal (valor posicional e função do zero).,vigente,"aba Matemática, linha 26","Base-Nacional-Comum-Curricular-BNCC.pdf, página PDF 285"
EF02MA02,ef-comp-ma,2,unidade_tematica,ef-comp-ma-ut-numeros,,,,ef-comp-ma-oc-leitura-escrita-comparacao-e-ordenacao-de-numeros-de-ate-tres-ordens-pela-compreensao-de-caracteristicas-do-sistema-de-numeracao-decimal-valor-posicional-e-papel-do-zero,Fazer estimativas por meio de estratégias diversas a respeito da quantidade de objetos de coleções e registrar o resultado da contagem desses objetos (até 1000 unidades).,vigente,"aba Matemática, linha 27","Base-Nacional-Comum-Curricular-BNCC.pdf, página PDF 285"
EF02MA03,ef-comp-ma,2,unidade_tematica,ef-comp-ma-ut-numeros,,,,ef-comp-ma-oc-leitura-escrita-comparacao-e-ordenacao-de-numeros-de-ate-tres-ordens-pela-compreensao-de-caracteristicas-do-sistema-de-numeracao-decimal-valor-posicional-e-papel-do-zero,"Comparar quantidades de objetos de dois conjuntos, por estimativa e/ou por correspondência (um a um, dois a dois, entre outros), para indicar “tem mais”, “tem menos” ou “tem a mesma quantidade”, indicando, quando for o caso, quantos a mais e quantos a menos.",vigente,"aba Matemática, linha 28","Base-Nacional-Comum-Curricular-BNCC.pdf, página PDF 285"
EF02MA04,ef-comp-ma,2,unidade_tematica,ef-comp-ma-ut-numeros,,,,ef-comp-ma-oc-composicao-e-decomposicao-de-numeros-naturais-ate-1000,"Compor e decompor números naturais de até três ordens, com suporte de material manipulável, por meio de diferentes adições.",vigente,"aba Matemática, linha 29","Base-Nacional-Comum-Curricular-BNCC.pdf, página PDF 285"
EF02MA05,ef-comp-ma,2,unidade_tematica,ef-comp-ma-ut-numeros,,,,ef-comp-ma-oc-construcao-de-fatos-fundamentais-da-adicao-e-da-subtracao,Construir fatos básicos da adição e subtração e utilizá-los no cálculo mental ou escrito.,vigente,"aba Matemática, linha 30","Base-Nacional-Comum-Curricular-BNCC.pdf, página PDF 285"
EF02MA06,ef-comp-ma,2,unidade_tematica,ef-comp-ma-ut-numeros,,,,ef-comp-ma-oc-problemas-envolvendo-diferentes-significados-da-adicao-e-da-subtracao-juntar-acrescentar-separar-retirar,"Resolver e elaborar problemas de adição e de subtração, envolvendo números de até três ordens, com os significados de juntar, acrescentar, separar, retirar, utilizando estratégias pessoais.",vigente,"aba Matemática, linha 31","Base-Nacional-Comum-Curricular-BNCC.pdf, página PDF 285"
EF02MA07,ef-comp-ma,2,unidade_tematica,ef-comp-ma-ut-numeros,,,,ef-comp-ma-oc-problemas-envolvendo-adicao-de-parcelas-iguais-multiplicacao,"Resolver e elaborar problemas de multiplicação (por 2, 3, 4 e 5) com a ideia de adição de parcelas iguais por meio de estratégias e formas de registro pessoais, utilizando ou não suporte de imagens e/ou material manipulável.",vigente,"aba Matemática, linha 32","Base-Nacional-Comum-Curricular-BNCC.pdf, página PDF 285"
EF02MA08,ef-comp-ma,2,unidade_tematica,ef-comp-ma-ut-numeros,,,,ef-comp-ma-oc-problemas-envolvendo-significados-de-dobro-metade-triplo-e-terca-parte,"Resolver e elaborar problemas envolvendo dobro, metade, triplo e terça parte, com o suporte de imagens ou material manipulável, utilizando estratégias pessoais.",vigente,"aba Matemática, linha 33","Base-Nacional-Comum-Curricular-BNCC.pdf, página PDF 285"
EF02MA09,ef-comp-ma,2,unidade_tematica,ef-comp-ma-ut-algebra,,,,ef-comp-ma-oc-construcao-de-sequencias-repetitivas-e-de-sequencias-recursivas,"Construir sequências de números naturais em ordem crescente ou decrescente a partir de um número qualquer, utilizando uma regularidade estabelecida.",vigente,"aba Matemática, linha 34","Base-Nacional-Comum-Curricular-BNCC.pdf, página PDF 285"
EF02MA10,ef-comp-ma,2,unidade_tematica,ef-comp-ma-ut-algebra,,,,ef-comp-ma-oc-identificacao-de-regularidade-de-sequencias-e-determinacao-de-elementos-ausentes-na-sequencia,"Descrever um padrão (ou regularidade) de sequências repetitivas e de sequências recursivas, por meio de palavras, símbolos ou desenhos.",vigente,"aba Matemática, linha 35","Base-Nacional-Comum-Curricular-BNCC.pdf, página PDF 285"
EF02MA11,ef-comp-ma,2,unidade_tematica,ef-comp-ma-ut-algebra,,,,ef-comp-ma-oc-identificacao-de-regularidade-de-sequencias-e-determinacao-de-elementos-ausentes-na-sequencia,"Descrever os elementos ausentes em sequências repetitivas e em sequências recursivas de números naturais, objetos ou figuras.",vigente,"aba Matemática, linha 36","Base-Nacional-Comum-Curricular-BNCC.pdf, página PDF 285"
EF02MA12,ef-comp-ma,2,unidade_tematica,ef-comp-ma-ut-geometria,,,,ef-comp-ma-oc-localizacao-e-movimentacao-de-pessoas-e-objetos-no-espaco-segundo-pontos-de-referencia-e-indicacao-de-mudancas-de-direcao-e-sentido,"Identificar e registrar, em linguagem verbal ou não verbal, a localização e os deslocamentos de pessoas e de objetos no espaço, considerando mais de um ponto de referência, e indicar as mudanças de direção e de sentido.",vigente,"aba Matemática, linha 37","Base-Nacional-Comum-Curricular-BNCC.pdf, página PDF 285"
EF02MA13,ef-comp-ma,2,unidade_tematica,ef-comp-ma-ut-geometria,,,,ef-comp-ma-oc-esboco-de-roteiros-e-de-plantas-simples,"Esboçar roteiros a ser seguidos ou plantas de ambientes familiares, assinalando entradas, saídas e alguns pontos de referência.",vigente,"aba Matemática, linha 38","Base-Nacional-Comum-Curricular-BNCC.pdf, página PDF 285"
EF02MA14,ef-comp-ma,2,unidade_tematica,ef-comp-ma-ut-geometria,,,,ef-comp-ma-oc-figuras-geometricas-espaciais-cubo-bloco-retangular-piramide-cone-cilindro-e-esfera-reconhecimento-e-caracteristicas,"Reconhecer, nomear e comparar figuras geométricas espaciais (cubo, bloco retangular, pirâmide, cone, cilindro e esfera), relacionando-as com objetos do mundo físico.",vigente,"aba Matemática, linha 39","Base-Nacional-Comum-Curricular-BNCC.pdf, página PDF 285"
EF02MA15,ef-comp-ma,2,unidade_tematica,ef-comp-ma-ut-geometria,,,,ef-comp-ma-oc-figuras-geometricas-planas-circulo-quadrado-retangulo-e-triangulo-reconhecimento-e-caracteristicas,"Reconhecer, comparar e nomear figuras planas (círculo, quadrado, retângulo e triângulo), por meio de características comuns, em desenhos apresentados em diferentes disposições ou em sólidos geométricos.",vigente,"aba Matemática, linha 40","Base-Nacional-Comum-Curricular-BNCC.pdf, página PDF 285"
EF02MA16,ef-comp-ma,2,unidade_tematica,ef-comp-ma-ut-grandezas-e-medidas,,,,ef-comp-ma-oc-medida-de-comprimento-unidades-nao-padronizadas-e-padronizadas-metro-centimetro-e-milimetro,"Estimar, medir e comparar comprimentos de lados de salas (incluindo contorno) e de polígonos, utilizando unidades de medida não padronizadas e padronizadas (metro, centímetro e milímetro) e instrumentos adequados.",vigente,"aba Matemática, linha 41","Base-Nacional-Comum-Curricular-BNCC.pdf, página PDF 287"
EF02MA17,ef-comp-ma,2,unidade_tematica,ef-comp-ma-ut-grandezas-e-medidas,,,,ef-comp-ma-oc-medida-de-capacidade-e-de-massa-unidades-de-medida-nao-convencionais-e-convencionais-litro-mililitro-cm3-grama-e-quilograma,"Estimar, medir e comparar capacidade e massa, utilizando estratégias pessoais e unidades de medida não padronizadas ou padronizadas (litro, mililitro, grama e quilograma).",vigente,"aba Matemática, linha 42","Base-Nacional-Comum-Curricular-BNCC.pdf, página PDF 287"
EF02MA18,ef-comp-ma,2,unidade_tematica,ef-comp-ma-ut-grandezas-e-medidas,,,,ef-comp-ma-oc-medidas-de-tempo-intervalo-de-tempo-uso-do-calendario-leitura-de-horas-em-relogios-digitais-e-ordenacao-de-datas,"Indicar a duração de intervalos de tempo entre duas datas, como dias da semana e meses do ano, utilizando calendário, para planejamentos e organização de agenda.",vigente,"aba Matemática, linha 43","Base-Nacional-Comum-Curricular-BNCC.pdf, página PDF 287"
EF02MA19,ef-comp-ma,2,unidade_tematica,ef-comp-ma-ut-grandezas-e-medidas,,,,ef-comp-ma-oc-medidas-de-tempo-intervalo-de-tempo-uso-do-calendario-leitura-de-horas-em-relogios-digitais-e-ordenacao-de-datas,Medir a duração de um intervalo de tempo por meio de relógio digital e registrar o horário do início e do fim do intervalo.,vigente,"aba Matemática, linha 44","Base-Nacional-Comum-Curricular-BNCC.pdf, página PDF 287"
EF02MA20,ef-comp-ma,2,unidade_tematica,ef-comp-ma-ut-grandezas-e-medidas,,,,ef-comp-ma-oc-sistema-monetario-brasileiro-reconhecimento-de-cedulas-e-moedas-e-equivalencia-de-valores,Estabelecer a equivalência de valores entre moedas e cédulas do sistema monetário brasileiro para resolver situações cotidianas.,vigente,"aba Matemática, linha 45","Base-Nacional-Comum-Curricular-BNCC.pdf, página PDF 287"
EF02MA21,ef-comp-ma,2,unidade_tematica,ef-comp-ma-ut-probabilidade-e-estatistica,,,,ef-comp-ma-oc-analise-da-ideia-de-aleatorio-em-situacoes-do-cotidiano,"Classificar resultados de eventos cotidianos aleatórios como “pouco prováveis”, “muito prováveis”, “improváveis” e “impossíveis”.",vigente,"aba Matemática, linha 46","Base-Nacional-Comum-Curricular-BNCC.pdf, página PDF 287"
EF02MA22,ef-comp-ma,2,unidade_tematica,ef-comp-ma-ut-probabilidade-e-estatistica,,,,ef-comp-ma-oc-coleta-classificacao-e-representacao-de-dados-em-tabelas-simples-e-de-dupla-entrada-e-em-graficos-de-colunas,"Comparar informações de pesquisas apresentadas por meio de tabelas de dupla entrada e em gráficos de colunas simples ou barras, para melhor compreender aspectos da realidade próxima.",vigente,"aba Matemática, linha 47","Base-Nacional-Comum-Curricular-BNCC.pdf, página PDF 287"
EF02MA23,ef-comp-ma,2,unidade_tematica,ef-comp-ma-ut-probabilidade-e-estatistica,,,,ef-comp-ma-oc-coleta-classificacao-e-representacao-de-dados-em-tabelas-simples-e-de-dupla-entrada-e-em-graficos-de-colunas,"Realizar pesquisa em universo de até 30 elementos, escolhendo até três variáveis categóricas de seu interesse, organizando os dados coletados em listas, tabelas e gráficos de colunas simples.",vigente,"aba Matemática, linha 48","Base-Nacional-Comum-Curricular-BNCC.pdf, página PDF 287"
EF03MA01,ef-comp-ma,3,unidade_tematica,ef-comp-ma-ut-numeros,,,,ef-comp-ma-oc-leitura-escrita-comparacao-e-ordenacao-de-numeros-naturais-de-quatro-ordens,"Ler, escrever e comparar números naturais de até a ordem de unidade de milhar, estabelecendo relações entre os registros numéricos e em língua materna.",vigente,"aba Matemática, linha 49","Base-Nacional-Comum-Curricular-BNCC.pdf, página PDF 289"
EF03MA02,ef-comp-ma,3,unidade_tematica,ef-comp-ma-ut-numeros,,,,ef-comp-ma-oc-composicao-e-decomposicao-de-numeros-naturais,"Identificar características do sistema de numeração decimal, utilizando a composição e a decomposição de número natural de até quatro ordens.",vigente,"aba Matemática, linha 50","Base-Nacional-Comum-Curricular-BNCC.pdf, página PDF 289"
EF03MA03,ef-comp-ma,3,unidade_tematica,ef-comp-ma-ut-numeros,,,,ef-comp-ma-oc-construcao-de-fatos-fundamentais-da-adicao-subtracao-e-multiplicacao | ef-comp-ma-oc-reta-numerica,Construir e utilizar fatos básicos da adição e da multiplicação para o cálculo mental ou escrito.,vigente,"aba Matemática, linha 51","Base-Nacional-Comum-Curricular-BNCC.pdf, página PDF 289"
EF03MA04,ef-comp-ma,3,unidade_tematica,ef-comp-ma-ut-numeros,,,,ef-comp-ma-oc-construcao-de-fatos-fundamentais-da-adicao-subtracao-e-multiplicacao | ef-comp-ma-oc-reta-numerica,"Estabelecer a relação entre números naturais e pontos da reta numérica para utilizá-la na ordenação dos números naturais e também na construção de fatos da adição e da subtração, relacionando-os com deslocamentos para a direita ou para a esquerda.",vigente,"aba Matemática, linha 52","Base-Nacional-Comum-Curricular-BNCC.pdf, página PDF 289"
EF03MA05,ef-comp-ma,3,unidade_tematica,ef-comp-ma-ut-numeros,,,,ef-comp-ma-oc-procedimentos-de-calculo-mental-e-escrito-com-numeros-naturais-adicao-e-subtracao,"Utilizar diferentes procedimentos de cálculo mental e escrito, inclusive os convencionais, para resolver problemas significativos envolvendo adição e subtração com números naturais.",vigente,"aba Matemática, linha 53","Base-Nacional-Comum-Curricular-BNCC.pdf, página PDF 289"
EF03MA06,ef-comp-ma,3,unidade_tematica,ef-comp-ma-ut-numeros,,,,ef-comp-ma-oc-problemas-envolvendo-significados-da-adicao-e-da-subtracao-juntar-acrescentar-separar-retirar-comparar-e-completar-quantidades,"Resolver e elaborar problemas de adição e subtração com os significados de juntar, acrescentar, separar, retirar, comparar e completar quantidades, utilizando diferentes estratégias de cálculo exato ou aproximado, incluindo cálculo mental.",vigente,"aba Matemática, linha 54","Base-Nacional-Comum-Curricular-BNCC.pdf, página PDF 289"
EF03MA07,ef-comp-ma,3,unidade_tematica,ef-comp-ma-ut-numeros,,,,ef-comp-ma-oc-problemas-envolvendo-diferentes-significados-da-multiplicacao-e-da-divisao-adicao-de-parcelas-iguais-configuracao-retangular-reparticao-em-partes-iguais-e-medida,"Resolver e elaborar problemas de multiplicação (por 2, 3, 4, 5 e 10) com os significados de adição de parcelas iguais e elementos apresentados em disposição retangular, utilizando diferentes estratégias de cálculo e registros.",vigente,"aba Matemática, linha 55","Base-Nacional-Comum-Curricular-BNCC.pdf, página PDF 289"
EF03MA08,ef-comp-ma,3,unidade_tematica,ef-comp-ma-ut-numeros,,,,ef-comp-ma-oc-problemas-envolvendo-diferentes-significados-da-multiplicacao-e-da-divisao-adicao-de-parcelas-iguais-configuracao-retangular-reparticao-em-partes-iguais-e-medida,"Resolver e elaborar problemas de divisão de um número natural por outro (até 10), com resto zero e com resto diferente de zero, com os significados de repartição equitativa e de medida, por meio de estratégias e registros pessoais.",vigente,"aba Matemática, linha 56","Base-Nacional-Comum-Curricular-BNCC.pdf, página PDF 289"
EF03MA09,ef-comp-ma,3,unidade_tematica,ef-comp-ma-ut-numeros,,,,ef-comp-ma-oc-significados-de-metade-terca-parte-quarta-parte-quinta-parte-e-decima-parte,"Associar o quociente de uma divisão com resto zero de um número natural por 2, 3, 4, 5 e 10 às ideias de metade, terça, quarta, quinta e décima partes.",vigente,"aba Matemática, linha 57","Base-Nacional-Comum-Curricular-BNCC.pdf, página PDF 289"
EF03MA10,ef-comp-ma,3,unidade_tematica,ef-comp-ma-ut-algebra,,,,ef-comp-ma-oc-identificacao-e-descricao-de-regularidades-em-sequencias-numericas-recursivas,"Identificar regularidades em sequências ordenadas de números naturais, resultantes da realização de adições ou subtrações sucessivas, por um mesmo número, descrever uma regra de formação da sequência e determinar elementos faltantes ou seguintes.",vigente,"aba Matemática, linha 58","Base-Nacional-Comum-Curricular-BNCC.pdf, página PDF 289"
EF03MA11,ef-comp-ma,3,unidade_tematica,ef-comp-ma-ut-algebra,,,,ef-comp-ma-oc-relacao-de-igualdade,Compreender a ideia de igualdade para escrever diferentes sentenças de adições ou de subtrações de dois números naturais que resultem na mesma soma ou diferença.,vigente,"aba Matemática, linha 59","Base-Nacional-Comum-Curricular-BNCC.pdf, página PDF 289"
EF03MA12,ef-comp-ma,3,unidade_tematica,ef-comp-ma-ut-geometria,,,,ef-comp-ma-oc-localizacao-e-movimentacao-representacao-de-objetos-e-pontos-de-referencia,"Descrever e representar, por meio de esboços de trajetos ou utilizando croquis e maquetes, a movimentação de pessoas ou de objetos no espaço, incluindo mudanças de direção e sentido, com base em diferentes pontos de referência.",vigente,"aba Matemática, linha 60","Base-Nacional-Comum-Curricular-BNCC.pdf, página PDF 289"
EF03MA13,ef-comp-ma,3,unidade_tematica,ef-comp-ma-ut-geometria,,,,ef-comp-ma-oc-figuras-geometricas-espaciais-cubo-bloco-retangular-piramide-cone-cilindro-e-esfera-reconhecimento-analise-de-caracteristicas-e-planificacoes,"Associar figuras geométricas espaciais (cubo, bloco retangular, pirâmide, cone, cilindro e esfera) a objetos do mundo físico e nomear essas figuras.",vigente,"aba Matemática, linha 61","Base-Nacional-Comum-Curricular-BNCC.pdf, página PDF 289"
EF03MA14,ef-comp-ma,3,unidade_tematica,ef-comp-ma-ut-geometria,,,,ef-comp-ma-oc-figuras-geometricas-espaciais-cubo-bloco-retangular-piramide-cone-cilindro-e-esfera-reconhecimento-analise-de-caracteristicas-e-planificacoes,"Descrever características de algumas figuras geométricas espaciais (prismas retos, pirâmides, cilindros, cones), relacionando-as com suas planificações.",vigente,"aba Matemática, linha 62","Base-Nacional-Comum-Curricular-BNCC.pdf, página PDF 289"
EF03MA15,ef-comp-ma,3,unidade_tematica,ef-comp-ma-ut-geometria,,,,ef-comp-ma-oc-figuras-geometricas-planas-triangulo-quadrado-retangulo-trapezio-e-paralelogramo-reconhecimento-e-analise-de-caracteristicas,"Classificar e comparar figuras planas (triângulo, quadrado, retângulo, trapézio e paralelogramo) em relação a seus lados (quantidade, posições relativas e comprimento) e vértices.",vigente,"aba Matemática, linha 63","Base-Nacional-Comum-Curricular-BNCC.pdf, página PDF 291"
EF03MA16,ef-comp-ma,3,unidade_tematica,ef-comp-ma-ut-geometria,,,,ef-comp-ma-oc-congruencia-de-figuras-geometricas-planas,"Reconhecer figuras congruentes, usando sobreposição e desenhos em malhas quadriculadas ou triangulares, incluindo o uso de tecnologias digitais.",vigente,"aba Matemática, linha 64","Base-Nacional-Comum-Curricular-BNCC.pdf, página PDF 291"
EF03MA17,ef-comp-ma,3,unidade_tematica,ef-comp-ma-ut-grandezas-e-medidas,,,,ef-comp-ma-oc-significado-de-medida-e-de-unidade-de-medida,Reconhecer que o resultado de uma medida depende da unidade de medida utilizada.,vigente,"aba Matemática, linha 65","Base-Nacional-Comum-Curricular-BNCC.pdf, página PDF 291"
EF03MA18,ef-comp-ma,3,unidade_tematica,ef-comp-ma-ut-grandezas-e-medidas,,,,ef-comp-ma-oc-significado-de-medida-e-de-unidade-de-medida,"Escolher a unidade de medida e o instrumento mais apropriado para medições de comprimento, tempo e capacidade.",vigente,"aba Matemática, linha 66","Base-Nacional-Comum-Curricular-BNCC.pdf, página PDF 291"
EF03MA19,ef-comp-ma,3,unidade_tematica,ef-comp-ma-ut-grandezas-e-medidas,,,,ef-comp-ma-oc-medidas-de-comprimento-unidades-nao-convencionais-e-convencionais-registro-instrumentos-de-medida-estimativas-e-comparacoes,"Estimar, medir e comparar comprimentos, utilizando unidades de medida não padronizadas e padronizadas mais usuais (metro, centímetro e milímetro) e diversos instrumentos de medida.",vigente,"aba Matemática, linha 67","Base-Nacional-Comum-Curricular-BNCC.pdf, página PDF 291"
EF03MA20,ef-comp-ma,3,unidade_tematica,ef-comp-ma-ut-grandezas-e-medidas,,,,ef-comp-ma-oc-medidas-de-capacidade-e-de-massa-unidades-nao-convencionais-e-convencionais-registro-estimativas-e-comparacoes,"Estimar e medir capacidade e massa, utilizando unidades de medida não padronizadas e padronizadas mais usuais (litro, mililitro, quilograma, grama e miligrama), reconhecendo-as em leitura de rótulos e embalagens, entre outros.",vigente,"aba Matemática, linha 68","Base-Nacional-Comum-Curricular-BNCC.pdf, página PDF 291"
EF03MA21,ef-comp-ma,3,unidade_tematica,ef-comp-ma-ut-grandezas-e-medidas,,,,ef-comp-ma-oc-comparacao-de-areas-por-superposicao,"Comparar, visualmente ou por superposição, áreas de faces de objetos, de figuras planas ou de desenhos.",vigente,"aba Matemática, linha 69","Base-Nacional-Comum-Curricular-BNCC.pdf, página PDF 291"
EF03MA22,ef-comp-ma,3,unidade_tematica,ef-comp-ma-ut-grandezas-e-medidas,,,,ef-comp-ma-oc-medidas-de-tempo-leitura-de-horas-em-relogios-digitais-e-analogicos-duracao-de-eventos-e-reconhecimento-de-relacoes-entre-unidades-de-medida-de-tempo,"Ler e registrar medidas e intervalos de tempo, utilizando relógios (analógico e digital) para informar os horários de início e término de realização de uma atividade e sua duração.",vigente,"aba Matemática, linha 70","Base-Nacional-Comum-Curricular-BNCC.pdf, página PDF 291"
EF03MA23,ef-comp-ma,3,unidade_tematica,ef-comp-ma-ut-grandezas-e-medidas,,,,ef-comp-ma-oc-medidas-de-tempo-leitura-de-horas-em-relogios-digitais-e-analogicos-duracao-de-eventos-e-reconhecimento-de-relacoes-entre-unidades-de-medida-de-tempo,Ler horas em relógios digitais e em relógios analógicos e reconhecer a relação entre hora e minutos e entre minuto e segundos.,vigente,"aba Matemática, linha 71","Base-Nacional-Comum-Curricular-BNCC.pdf, página PDF 291"
EF03MA24,ef-comp-ma,3,unidade_tematica,ef-comp-ma-ut-grandezas-e-medidas,,,,ef-comp-ma-oc-sistema-monetario-brasileiro-estabelecimento-de-equivalencias-de-um-mesmo-valor-na-utilizacao-de-diferentes-cedulas-e-moedas,"Resolver e elaborar problemas que envolvam a comparação e a equivalência de valores monetários do sistema brasileiro em situações de compra, venda e troca.",vigente,"aba Matemática, linha 72","Base-Nacional-Comum-Curricular-BNCC.pdf, página PDF 291"
EF03MA25,ef-comp-ma,3,unidade_tematica,ef-comp-ma-ut-probabilidade-e-estatistica,,,,ef-comp-ma-oc-analise-da-ideia-de-acaso-em-situacoes-do-cotidiano-espaco-amostral,"Identificar, em eventos familiares aleatórios, todos os resultados possíveis, estimando os que têm maiores ou menores chances de ocorrência.",vigente,"aba Matemática, linha 73","Base-Nacional-Comum-Curricular-BNCC.pdf, página PDF 291"
EF03MA26,ef-comp-ma,3,unidade_tematica,ef-comp-ma-ut-probabilidade-e-estatistica,,,,ef-comp-ma-oc-leitura-interpretacao-e-representacao-de-dados-em-tabelas-de-dupla-entrada-e-graficos-de-barras,"Resolver problemas cujos dados estão apresentados em tabelas de dupla entrada, gráficos de barras ou de colunas.",vigente,"aba Matemática, linha 74","Base-Nacional-Comum-Curricular-BNCC.pdf, página PDF 291"
EF03MA27,ef-comp-ma,3,unidade_tematica,ef-comp-ma-ut-probabilidade-e-estatistica,,,,ef-comp-ma-oc-leitura-interpretacao-e-representacao-de-dados-em-tabelas-de-dupla-entrada-e-graficos-de-barras,"Ler, interpretar e comparar dados apresentados em tabelas de dupla entrada, gráficos de barras ou de colunas, envolvendo resultados de pesquisas significativas, utilizando termos como maior e menor frequência, apropriando-se desse tipo de linguagem para compreender aspectos da realidade sociocultural significativos.",vigente,"aba Matemática, linha 75","Base-Nacional-Comum-Curricular-BNCC.pdf, página PDF 291"
EF03MA28,ef-comp-ma,3,unidade_tematica,ef-comp-ma-ut-probabilidade-e-estatistica,,,,ef-comp-ma-oc-coleta-classificacao-e-representacao-de-dados-referentes-a-variaveis-categoricas-por-meio-de-tabelas-e-graficos,"Realizar pesquisa envolvendo variáveis categóricas em um universo de até 50 elementos, organizar os dados coletados utilizando listas, tabelas simples ou de dupla entrada e representá-los em gráficos de colunas simples, com e sem uso de tecnologias digitais.",vigente,"aba Matemática, linha 76","Base-Nacional-Comum-Curricular-BNCC.pdf, página PDF 291"
EF04MA01,ef-comp-ma,4,unidade_tematica,ef-comp-ma-ut-numeros,,,,ef-comp-ma-oc-sistema-de-numeracao-decimal-leitura-escrita-comparacao-e-ordenacao-de-numeros-naturais-de-ate-cinco-ordens,"Ler, escrever e ordenar números naturais até a ordem de dezenas de milhar.",vigente,"aba Matemática, linha 77","Base-Nacional-Comum-Curricular-BNCC.pdf, página PDF 293"
EF04MA02,ef-comp-ma,4,unidade_tematica,ef-comp-ma-ut-numeros,,,,ef-comp-ma-oc-composicao-e-decomposicao-de-um-numero-natural-de-ate-cinco-ordens-por-meio-de-adicoes-e-multiplicacoes-por-potencias-de-10,"Mostrar, por decomposição e composição, que todo número natural pode ser escrito por meio de adições e multiplicações por potências de dez, para compreender o sistema de numeração decimal e desenvolver estratégias de cálculo.",vigente,"aba Matemática, linha 78","Base-Nacional-Comum-Curricular-BNCC.pdf, página PDF 293"
EF04MA03,ef-comp-ma,4,unidade_tematica,ef-comp-ma-ut-numeros,,,,ef-comp-ma-oc-propriedades-das-operacoes-para-o-desenvolvimento-de-diferentes-estrategias-de-calculo-com-numeros-naturais,"Resolver e elaborar problemas com números naturais envolvendo adição e subtração, utilizando estratégias diversas, como cálculo, cálculo mental e algoritmos, além de fazer estimativas do resultado.",vigente,"aba Matemática, linha 79","Base-Nacional-Comum-Curricular-BNCC.pdf, página PDF 293"
EF04MA04,ef-comp-ma,4,unidade_tematica,ef-comp-ma-ut-numeros,,,,ef-comp-ma-oc-propriedades-das-operacoes-para-o-desenvolvimento-de-diferentes-estrategias-de-calculo-com-numeros-naturais,"Utilizar as relações entre adição e subtração, bem como entre multiplicação e divisão, para ampliar as estratégias de cálculo.",vigente,"aba Matemática, linha 80","Base-Nacional-Comum-Curricular-BNCC.pdf, página PDF 293"
EF04MA05,ef-comp-ma,4,unidade_tematica,ef-comp-ma-ut-numeros,,,,ef-comp-ma-oc-propriedades-das-operacoes-para-o-desenvolvimento-de-diferentes-estrategias-de-calculo-com-numeros-naturais,Utilizar as propriedades das operações para desenvolver estratégias de cálculo.,vigente,"aba Matemática, linha 81","Base-Nacional-Comum-Curricular-BNCC.pdf, página PDF 293"
EF04MA06,ef-comp-ma,4,unidade_tematica,ef-comp-ma-ut-numeros,,,,ef-comp-ma-oc-problemas-envolvendo-diferentes-significados-da-multiplicacao-e-da-divisao-adicao-de-parcelas-iguais-configuracao-retangular-proporcionalidade-reparticao-equitativa-e-medida,"Resolver e elaborar problemas envolvendo diferentes significados da multiplicação (adição de parcelas iguais, organização retangular e proporcionalidade), utilizando estratégias diversas, como cálculo por estimativa, cálculo mental e algoritmos.",vigente,"aba Matemática, linha 82","Base-Nacional-Comum-Curricular-BNCC.pdf, página PDF 293"
EF04MA07,ef-comp-ma,4,unidade_tematica,ef-comp-ma-ut-numeros,,,,ef-comp-ma-oc-problemas-envolvendo-diferentes-significados-da-multiplicacao-e-da-divisao-adicao-de-parcelas-iguais-configuracao-retangular-proporcionalidade-reparticao-equitativa-e-medida,"Resolver e elaborar problemas de divisão cujo divisor tenha no máximo dois algarismos, envolvendo os significados de repartição equitativa e de medida, utilizando estratégias diversas, como cálculo por estimativa, cálculo mental e algoritmos.",vigente,"aba Matemática, linha 83","Base-Nacional-Comum-Curricular-BNCC.pdf, página PDF 293"
EF04MA08,ef-comp-ma,4,unidade_tematica,ef-comp-ma-ut-numeros,,,,ef-comp-ma-oc-problemas-de-contagem,"Resolver, com o suporte de imagem e/ou material manipulável, problemas simples de contagem, como a determinação do número de agrupamentos possíveis ao se combinar cada elemento de uma coleção com todos os elementos de outra, utilizando estratégias e formas de registro pessoais.",vigente,"aba Matemática, linha 84","Base-Nacional-Comum-Curricular-BNCC.pdf, página PDF 293"
EF04MA09,ef-comp-ma,4,unidade_tematica,ef-comp-ma-ut-numeros,,,,ef-comp-ma-oc-numeros-racionais-fracoes-unitarias-mais-usuais-1-2-1-3-1-4-1-5-1-10-e-1-100,"Reconhecer as frações unitárias mais usuais (1/2, 1/3, 1/4, 1/5, 1/10 e 1/100) como unidades de medida menores do que uma unidade, utilizando a reta numérica como recurso.",vigente,"aba Matemática, linha 85","Base-Nacional-Comum-Curricular-BNCC.pdf, página PDF 293"
EF04MA10,ef-comp-ma,4,unidade_tematica,ef-comp-ma-ut-numeros,,,,ef-comp-ma-oc-numeros-racionais-representacao-decimal-para-escrever-valores-do-sistema-monetario-brasileiro,Reconhecer que as regras do sistema de numeração decimal podem ser estendidas para a representação decimal de um número racional e relacionar décimos e centésimos com a representação do sistema monetário brasileiro.,vigente,"aba Matemática, linha 86","Base-Nacional-Comum-Curricular-BNCC.pdf, página PDF 293"
EF04MA11,ef-comp-ma,4,unidade_tematica,ef-comp-ma-ut-algebra,,,,ef-comp-ma-oc-sequencia-numerica-recursiva-formada-por-multiplos-de-um-numero-natural,Identificar regularidades em sequências numéricas compostas por múltiplos de um número natural.,vigente,"aba Matemática, linha 87","Base-Nacional-Comum-Curricular-BNCC.pdf, página PDF 293"
EF04MA12,ef-comp-ma,4,unidade_tematica,ef-comp-ma-ut-algebra,,,,ef-comp-ma-oc-sequencia-numerica-recursiva-formada-por-numeros-que-deixam-o-mesmo-resto-ao-ser-divididos-por-um-mesmo-numero-natural-diferente-de-zero,"Reconhecer, por meio de investigações, que há grupos de números naturais para os quais as divisões por um determinado número resultam em restos iguais, identificando regularidades.",vigente,"aba Matemática, linha 88","Base-Nacional-Comum-Curricular-BNCC.pdf, página PDF 293"
EF04MA13,ef-comp-ma,4,unidade_tematica,ef-comp-ma-ut-algebra,,,,ef-comp-ma-oc-relacoes-entre-adicao-e-subtracao-e-entre-multiplicacao-e-divisao,"Reconhecer, por meio de investigações, utilizando a calculadora quando necessário, as relações inversas entre as operações de adição e de subtração e de multiplicação e de divisão, para aplicá-las na resolução de problemas.",vigente,"aba Matemática, linha 89","Base-Nacional-Comum-Curricular-BNCC.pdf, página PDF 293"
EF04MA14,ef-comp-ma,4,unidade_tematica,ef-comp-ma-ut-algebra,,,,ef-comp-ma-oc-propriedades-da-igualdade,"Reconhecer e mostrar, por meio de exemplos, que a relação de igualdade existente entre dois termos permanece quando se adiciona ou se subtrai um mesmo número a cada um desses termos.",vigente,"aba Matemática, linha 90","Base-Nacional-Comum-Curricular-BNCC.pdf, página PDF 293"
EF04MA15,ef-comp-ma,4,unidade_tematica,ef-comp-ma-ut-algebra,,,,ef-comp-ma-oc-propriedades-da-igualdade,Determinar o número desconhecido que torna verdadeira uma igualdade que envolve as operações fundamentais com números naturais.,vigente,"aba Matemática, linha 91","Base-Nacional-Comum-Curricular-BNCC.pdf, página PDF 293"
EF04MA16,ef-comp-ma,4,unidade_tematica,ef-comp-ma-ut-geometria,,,,ef-comp-ma-oc-localizacao-e-movimentacao-pontos-de-referencia-direcao-e-sentido | ef-comp-ma-oc-paralelismo-e-perpendicularismo,"Descrever deslocamentos e localização de pessoas e de objetos no espaço, por meio de malhas quadriculadas e representações como desenhos, mapas, planta baixa e croquis, empregando termos como direita e esquerda, mudanças de direção e sentido, intersecção, transversais, paralelas e perpendiculares.",vigente,"aba Matemática, linha 92","Base-Nacional-Comum-Curricular-BNCC.pdf, página PDF 295"
EF04MA17,ef-comp-ma,4,unidade_tematica,ef-comp-ma-ut-geometria,,,,ef-comp-ma-oc-figuras-geometricas-espaciais-prismas-e-piramides-reconhecimento-representacoes-planificacoes-e-caracteristicas,"Associar prismas e pirâmides a suas planificações e analisar, nomear e comparar seus atributos, estabelecendo relações entre as representações planas e espaciais.",vigente,"aba Matemática, linha 93","Base-Nacional-Comum-Curricular-BNCC.pdf, página PDF 295"
EF04MA18,ef-comp-ma,4,unidade_tematica,ef-comp-ma-ut-geometria,,,,ef-comp-ma-oc-angulos-retos-e-nao-retos-uso-de-dobraduras-esquadros-e-softwares,"Reconhecer ângulos retos e não retos em figuras poligonais com o uso de dobraduras, esquadros ou softwares de geometria.",vigente,"aba Matemática, linha 94","Base-Nacional-Comum-Curricular-BNCC.pdf, página PDF 295"
EF04MA19,ef-comp-ma,4,unidade_tematica,ef-comp-ma-ut-geometria,,,,ef-comp-ma-oc-simetria-de-reflexao,"Reconhecer simetria de reflexão em figuras e em pares de figuras geométricas planas e utilizá-la na construção de figuras congruentes, com o uso de malhas quadriculadas e de softwares de geometria.",vigente,"aba Matemática, linha 95","Base-Nacional-Comum-Curricular-BNCC.pdf, página PDF 295"
EF04MA20,ef-comp-ma,4,unidade_tematica,ef-comp-ma-ut-grandezas-e-medidas,,,,ef-comp-ma-oc-medidas-de-comprimento-massa-e-capacidade-estimativas-utilizacao-de-instrumentos-de-medida-e-de-unidades-de-medida-convencionais-mais-usuais,"Medir e estimar comprimentos (incluindo perímetros), massas e capacidades, utilizando unidades de medida padronizadas mais usuais, valorizando e respeitando a cultura local.",vigente,"aba Matemática, linha 96","Base-Nacional-Comum-Curricular-BNCC.pdf, página PDF 295"
EF04MA21,ef-comp-ma,4,unidade_tematica,ef-comp-ma-ut-grandezas-e-medidas,,,,ef-comp-ma-oc-areas-de-figuras-construidas-em-malhas-quadriculadas,"Medir, comparar e estimar área de figuras planas desenhadas em malha quadriculada, pela contagem dos quadradinhos ou de metades de quadradinho, reconhecendo que duas figuras com formatos diferentes podem ter a mesma medida de área.",vigente,"aba Matemática, linha 97","Base-Nacional-Comum-Curricular-BNCC.pdf, página PDF 295"
EF04MA22,ef-comp-ma,4,unidade_tematica,ef-comp-ma-ut-grandezas-e-medidas,,,,ef-comp-ma-oc-medidas-de-tempo-leitura-de-horas-em-relogios-digitais-e-analogicos-duracao-de-eventos-e-relacoes-entre-unidades-de-medida-de-tempo,"Ler e registrar medidas e intervalos de tempo em horas, minutos e segundos em situações relacionadas ao seu cotidiano, como informar os horários de início e término de realização de uma tarefa e sua duração.",vigente,"aba Matemática, linha 98","Base-Nacional-Comum-Curricular-BNCC.pdf, página PDF 295"
EF04MA23,ef-comp-ma,4,unidade_tematica,ef-comp-ma-ut-grandezas-e-medidas,,,,ef-comp-ma-oc-medidas-de-temperatura-em-grau-celsius-construcao-de-graficos-para-indicar-a-variacao-da-temperatura-minima-e-maxima-medida-em-um-dado-dia-ou-em-uma-semana,"Reconhecer temperatura como grandeza e o grau Celsius como unidade de medida a ela associada e utilizá-lo em comparações de temperaturas em diferentes regiões do Brasil ou no exterior ou, ainda, em discussões que envolvam problemas relacionados ao aquecimento global.",vigente,"aba Matemática, linha 99","Base-Nacional-Comum-Curricular-BNCC.pdf, página PDF 295"
EF04MA24,ef-comp-ma,4,unidade_tematica,ef-comp-ma-ut-grandezas-e-medidas,,,,ef-comp-ma-oc-medidas-de-temperatura-em-grau-celsius-construcao-de-graficos-para-indicar-a-variacao-da-temperatura-minima-e-maxima-medida-em-um-dado-dia-ou-em-uma-semana,"Registrar as temperaturas máxima e mínima diárias, em locais do seu cotidiano, e elaborar gráficos de colunas com as variações diárias da temperatura, utilizando, inclusive, planilhas eletrônicas.",vigente,"aba Matemática, linha 100","Base-Nacional-Comum-Curricular-BNCC.pdf, página PDF 295"
EF04MA25,ef-comp-ma,4,unidade_tematica,ef-comp-ma-ut-grandezas-e-medidas,,,,ef-comp-ma-oc-problemas-utilizando-o-sistema-monetario-brasileiro,"Resolver e elaborar problemas que envolvam situações de compra e venda e formas de pagamento, utilizando termos como troco e desconto, enfatizando o consumo ético, consciente e responsável.",vigente,"aba Matemática, linha 101","Base-Nacional-Comum-Curricular-BNCC.pdf, página PDF 295"
EF04MA26,ef-comp-ma,4,unidade_tematica,ef-comp-ma-ut-probabilidade-e-estatistica,,,,ef-comp-ma-oc-analise-de-chances-de-eventos-aleatorios,"Identificar, entre eventos aleatórios cotidianos, aqueles que têm maior chance de ocorrência, reconhecendo características de resultados mais prováveis, sem utilizar frações.",vigente,"aba Matemática, linha 102","Base-Nacional-Comum-Curricular-BNCC.pdf, página PDF 295"
EF04MA27,ef-comp-ma,4,unidade_tematica,ef-comp-ma-ut-probabilidade-e-estatistica,,,,ef-comp-ma-oc-leitura-interpretacao-e-representacao-de-dados-em-tabelas-de-dupla-entrada-graficos-de-colunas-simples-e-agrupadas-graficos-de-barras-e-colunas-e-graficos-pictoricos,"Analisar dados apresentados em tabelas simples ou de dupla entrada e em gráficos de colunas ou pictóricos, com base em informações das diferentes áreas do conhecimento, e produzir texto com a síntese de sua análise.",vigente,"aba Matemática, linha 103","Base-Nacional-Comum-Curricular-BNCC.pdf, página PDF 295"
EF04MA28,ef-comp-ma,4,unidade_tematica,ef-comp-ma-ut-probabilidade-e-estatistica,,,,ef-comp-ma-oc-diferenciacao-entre-variaveis-categoricas-e-variaveis-numericas | ef-comp-ma-oc-coleta-classificacao-e-representacao-de-dados-de-pesquisa-realizada,"Realizar pesquisa envolvendo variáveis categóricas e numéricas e organizar dados coletados por meio de tabelas e gráficos de colunas simples ou agrupadas, com e sem uso de tecnologias digitais.",vigente,"aba Matemática, linha 104","Base-Nacional-Comum-Curricular-BNCC.pdf, página PDF 295"
EF05MA01,ef-comp-ma,5,unidade_tematica,ef-comp-ma-ut-numeros,,,,ef-comp-ma-oc-sistema-de-numeracao-decimal-leitura-escrita-e-ordenacao-de-numeros-naturais-de-ate-seis-ordens,"Ler, escrever e ordenar números naturais até a ordem das centenas de milhar com compreensão das principais características do sistema de numeração decimal.",vigente,"aba Matemática, linha 105","Base-Nacional-Comum-Curricular-BNCC.pdf, página PDF 297"
EF05MA02,ef-comp-ma,5,unidade_tematica,ef-comp-ma-ut-numeros,,,,ef-comp-ma-oc-numeros-racionais-expressos-na-forma-decimal-e-sua-representacao-na-reta-numerica,"Ler, escrever e ordenar números racionais na forma decimal com compreensão das principais características do sistema de numeração decimal, utilizando, como recursos, a composição e decomposição e a reta numérica.",vigente,"aba Matemática, linha 106","Base-Nacional-Comum-Curricular-BNCC.pdf, página PDF 297"
EF05MA03,ef-comp-ma,5,unidade_tematica,ef-comp-ma-ut-numeros,,,,ef-comp-ma-oc-representacao-fracionaria-dos-numeros-racionais-reconhecimento-significados-leitura-e-representacao-na-reta-numerica,"Identificar e representar frações (menores e maiores que a unidade), associando-as ao resultado de uma divisão ou à ideia de parte de um todo, utilizando a reta numérica como recurso.",vigente,"aba Matemática, linha 107","Base-Nacional-Comum-Curricular-BNCC.pdf, página PDF 297"
EF05MA04,ef-comp-ma,5,unidade_tematica,ef-comp-ma-ut-numeros,,,,ef-comp-ma-oc-comparacao-e-ordenacao-de-numeros-racionais-na-representacao-decimal-e-na-fracionaria-utilizando-a-nocao-de-equivalencia,Identificar frações equivalentes.,vigente,"aba Matemática, linha 108","Base-Nacional-Comum-Curricular-BNCC.pdf, página PDF 297"
EF05MA05,ef-comp-ma,5,unidade_tematica,ef-comp-ma-ut-numeros,,,,ef-comp-ma-oc-comparacao-e-ordenacao-de-numeros-racionais-na-representacao-decimal-e-na-fracionaria-utilizando-a-nocao-de-equivalencia,"Comparar e ordenar números racionais positivos (representações fracionária e decimal), relacionando-os a pontos na reta numérica.",vigente,"aba Matemática, linha 109","Base-Nacional-Comum-Curricular-BNCC.pdf, página PDF 297"
EF05MA06,ef-comp-ma,5,unidade_tematica,ef-comp-ma-ut-numeros,,,,ef-comp-ma-oc-calculo-de-porcentagens-e-representacao-fracionaria,"Associar as representações 10%, 25%, 50%, 75% e 100% respectivamente à décima parte, quarta parte, metade, três quartos e um inteiro, para calcular porcentagens, utilizando estratégias pessoais, cálculo mental e calculadora, em contextos de educação financeira, entre outros.",vigente,"aba Matemática, linha 110","Base-Nacional-Comum-Curricular-BNCC.pdf, página PDF 297"
EF05MA07,ef-comp-ma,5,unidade_tematica,ef-comp-ma-ut-numeros,,,,ef-comp-ma-oc-problemas-adicao-e-subtracao-de-numeros-naturais-e-numeros-racionais-cuja-representacao-decimal-e-finita,"Resolver e elaborar problemas de adição e subtração com números naturais e com números racionais, cuja representação decimal seja finita, utilizando estratégias diversas, como cálculo por estimativa, cálculo mental e algoritmos.",vigente,"aba Matemática, linha 111","Base-Nacional-Comum-Curricular-BNCC.pdf, página PDF 297"
EF05MA08,ef-comp-ma,5,unidade_tematica,ef-comp-ma-ut-numeros,,,,ef-comp-ma-oc-problemas-multiplicacao-e-divisao-de-numeros-racionais-cuja-representacao-decimal-e-finita-por-numeros-naturais,"Resolver e elaborar problemas de multiplicação e divisão com números naturais e com números racionais cuja representação decimal é finita (com multiplicador natural e divisor natural e diferente de zero), utilizando estratégias diversas, como cálculo por estimativa, cálculo mental e algoritmos.",vigente,"aba Matemática, linha 112","Base-Nacional-Comum-Curricular-BNCC.pdf, página PDF 297"
EF05MA09,ef-comp-ma,5,unidade_tematica,ef-comp-ma-ut-numeros,,,,ef-comp-ma-oc-problemas-de-contagem-do-tipo-se-cada-objeto-de-uma-colecao-a-for-combinado-com-todos-os-elementos-de-uma-colecao-b-quantos-agrupamentos-desse-tipo-podem-ser-formados,"Resolver e elaborar problemas simples de contagem envolvendo o princípio multiplicativo, como a determinação do número de agrupamentos possíveis ao se combinar cada elemento de uma coleção com todos os elementos de outra coleção, por meio de diagramas de árvore ou por tabelas.",vigente,"aba Matemática, linha 113","Base-Nacional-Comum-Curricular-BNCC.pdf, página PDF 297"
EF05MA10,ef-comp-ma,5,unidade_tematica,ef-comp-ma-ut-algebra,,,,ef-comp-ma-oc-propriedades-da-igualdade-e-nocao-de-equivalencia,"Concluir, por meio de investigações, que a relação de igualdade existente entre dois membros permanece ao adicionar, subtrair, multiplicar ou dividir cada um desses membros por um mesmo número, para construir a noção de equivalência.",vigente,"aba Matemática, linha 114","Base-Nacional-Comum-Curricular-BNCC.pdf, página PDF 297"
EF05MA11,ef-comp-ma,5,unidade_tematica,ef-comp-ma-ut-algebra,,,,ef-comp-ma-oc-propriedades-da-igualdade-e-nocao-de-equivalencia,Resolver e elaborar problemas cuja conversão em sentença matemática seja uma igualdade com uma operação em que um dos termos é desconhecido.,vigente,"aba Matemática, linha 115","Base-Nacional-Comum-Curricular-BNCC.pdf, página PDF 297"
EF05MA12,ef-comp-ma,5,unidade_tematica,ef-comp-ma-ut-algebra,,,,ef-comp-ma-oc-grandezas-diretamente-proporcionais | ef-comp-ma-oc-problemas-envolvendo-a-particao-de-um-todo-em-duas-partes-proporcionais,"Resolver problemas que envolvam variação de proporcionalidade direta entre duas grandezas, para associar a quantidade de um produto ao valor a pagar, alterar as quantidades de ingredientes de receitas, ampliar ou reduzir escala em mapas, entre outros.",vigente,"aba Matemática, linha 116","Base-Nacional-Comum-Curricular-BNCC.pdf, página PDF 297"
EF05MA13,ef-comp-ma,5,unidade_tematica,ef-comp-ma-ut-algebra,,,,ef-comp-ma-oc-grandezas-diretamente-proporcionais | ef-comp-ma-oc-problemas-envolvendo-a-particao-de-um-todo-em-duas-partes-proporcionais,"Resolver problemas envolvendo a partilha de uma quantidade em duas partes desiguais, tais como dividir uma quantidade em duas partes, de modo que uma seja o dobro da outra, com compreensão da ideia de razão entre as partes e delas com o todo.",vigente,"aba Matemática, linha 117","Base-Nacional-Comum-Curricular-BNCC.pdf, página PDF 297"
EF05MA14,ef-comp-ma,5,unidade_tematica,ef-comp-ma-ut-geometria,,,,ef-comp-ma-oc-plano-cartesiano-coordenadas-cartesianas-1o-quadrante-e-representacao-de-deslocamentos-no-plano-cartesiano,"Utilizar e compreender diferentes representações para a localização de objetos no plano, como mapas, células em planilhas eletrônicas e coordenadas geográficas, a fim de desenvolver as primeiras noções de coordenadas cartesianas.",vigente,"aba Matemática, linha 118","Base-Nacional-Comum-Curricular-BNCC.pdf, página PDF 299"
EF05MA15,ef-comp-ma,5,unidade_tematica,ef-comp-ma-ut-geometria,,,,ef-comp-ma-oc-plano-cartesiano-coordenadas-cartesianas-1o-quadrante-e-representacao-de-deslocamentos-no-plano-cartesiano,"Interpretar, descrever e representar a localização ou movimentação de objetos no plano cartesiano (1º quadrante), utilizando coordenadas cartesianas, indicando mudanças de direção e de sentido e giros.",vigente,"aba Matemática, linha 119","Base-Nacional-Comum-Curricular-BNCC.pdf, página PDF 299"
EF05MA16,ef-comp-ma,5,unidade_tematica,ef-comp-ma-ut-geometria,,,,ef-comp-ma-oc-figuras-geometricas-espaciais-reconhecimento-representacoes-planificacoes-e-caracteristicas,"Associar figuras espaciais a suas planificações (prismas, pirâmides, cilindros e cones) e analisar, nomear e comparar seus atributos.",vigente,"aba Matemática, linha 120","Base-Nacional-Comum-Curricular-BNCC.pdf, página PDF 299"
EF05MA17,ef-comp-ma,5,unidade_tematica,ef-comp-ma-ut-geometria,,,,ef-comp-ma-oc-figuras-geometricas-planas-caracteristicas-representacoes-e-angulos,"Reconhecer, nomear e comparar polígonos, considerando lados, vértices e ângulos, e desenhá-los, utilizando material de desenho ou tecnologias digitais.",vigente,"aba Matemática, linha 121","Base-Nacional-Comum-Curricular-BNCC.pdf, página PDF 299"
EF05MA18,ef-comp-ma,5,unidade_tematica,ef-comp-ma-ut-geometria,,,,ef-comp-ma-oc-ampliacao-e-reducao-de-figuras-poligonais-em-malhas-quadriculadas-reconhecimento-da-congruencia-dos-angulos-e-da-proporcionalidade-dos-lados-correspondentes,Reconhecer a congruência dos ângulos e a proporcionalidade entre os lados correspondentes de figuras poligonais em situações de ampliação e de redução em malhas quadriculadas e usando tecnologias digitais.,vigente,"aba Matemática, linha 122","Base-Nacional-Comum-Curricular-BNCC.pdf, página PDF 299"
EF05MA19,ef-comp-ma,5,unidade_tematica,ef-comp-ma-ut-grandezas-e-medidas,,,,ef-comp-ma-oc-medidas-de-comprimento-area-massa-tempo-temperatura-e-capacidade-utilizacao-de-unidades-convencionais-e-relacoes-entre-as-unidades-de-medida-mais-usuais,"Resolver e elaborar problemas envolvendo medidas das grandezas comprimento, área, massa, tempo, temperatura e capacidade, recorrendo a transformações entre as unidades mais usuais em contextos socioculturais.",vigente,"aba Matemática, linha 123","Base-Nacional-Comum-Curricular-BNCC.pdf, página PDF 299"
EF05MA20,ef-comp-ma,5,unidade_tematica,ef-comp-ma-ut-grandezas-e-medidas,,,,ef-comp-ma-oc-areas-e-perimetros-de-figuras-poligonais-algumas-relacoes,"Concluir, por meio de investigações, que figuras de perímetros iguais podem ter áreas diferentes e que, também, figuras que têm a mesma área podem ter perímetros diferentes.",vigente,"aba Matemática, linha 124","Base-Nacional-Comum-Curricular-BNCC.pdf, página PDF 299"
EF05MA21,ef-comp-ma,5,unidade_tematica,ef-comp-ma-ut-grandezas-e-medidas,,,,ef-comp-ma-oc-nocao-de-volume,"Reconhecer volume como grandeza associada a sólidos geométricos e medir volumes por meio de empilhamento de cubos, utilizando, preferencialmente, objetos concretos.",vigente,"aba Matemática, linha 125","Base-Nacional-Comum-Curricular-BNCC.pdf, página PDF 299"
EF05MA22,ef-comp-ma,5,unidade_tematica,ef-comp-ma-ut-probabilidade-e-estatistica,,,,ef-comp-ma-oc-espaco-amostral-analise-de-chances-de-eventos-aleatorios,"Apresentar todos os possíveis resultados de um experimento aleatório, estimando se esses resultados são igualmente prováveis ou não.",vigente,"aba Matemática, linha 126","Base-Nacional-Comum-Curricular-BNCC.pdf, página PDF 299"
EF05MA23,ef-comp-ma,5,unidade_tematica,ef-comp-ma-ut-probabilidade-e-estatistica,,,,ef-comp-ma-oc-calculo-de-probabilidade-de-eventos-equiprovaveis,"Determinar a probabilidade de ocorrência de um resultado em eventos aleatórios, quando todos os resultados possíveis têm a mesma chance de ocorrer (equiprováveis).",vigente,"aba Matemática, linha 127","Base-Nacional-Comum-Curricular-BNCC.pdf, página PDF 299"
EF05MA24,ef-comp-ma,5,unidade_tematica,ef-comp-ma-ut-probabilidade-e-estatistica,,,,ef-comp-ma-oc-leitura-coleta-classificacao-interpretacao-e-representacao-de-dados-em-tabelas-de-dupla-entrada-grafico-de-colunas-agrupadas-graficos-pictoricos-e-grafico-de-linhas,"Interpretar dados estatísticos apresentados em textos, tabelas e gráficos (colunas ou linhas), referentes a outras áreas do conhecimento ou a outros contextos, como saúde e trânsito, e produzir textos com o objetivo de sintetizar conclusões.",vigente,"aba Matemática, linha 128","Base-Nacional-Comum-Curricular-BNCC.pdf, página PDF 299"
EF05MA25,ef-comp-ma,5,unidade_tematica,ef-comp-ma-ut-probabilidade-e-estatistica,,,,ef-comp-ma-oc-leitura-coleta-classificacao-interpretacao-e-representacao-de-dados-em-tabelas-de-dupla-entrada-grafico-de-colunas-agrupadas-graficos-pictoricos-e-grafico-de-linhas,"Realizar pesquisa envolvendo variáveis categóricas e numéricas, organizar dados coletados por meio de tabelas, gráficos de colunas, pictóricos e de linhas, com e sem uso de tecnologias digitais, e apresentar texto escrito sobre a finalidade da pesquisa e a síntese dos resultados.",vigente,"aba Matemática, linha 129","Base-Nacional-Comum-Curricular-BNCC.pdf, página PDF 299"
EF06MA01,ef-comp-ma,6,unidade_tematica,ef-comp-ma-ut-numeros,,,,ef-comp-ma-oc-sistema-de-numeracao-decimal-caracteristicas-leitura-escrita-e-comparacao-de-numeros-naturais-e-de-numeros-racionais-representados-na-forma-decimal,"Comparar, ordenar, ler e escrever números naturais e números racionais cuja representação decimal é finita, fazendo uso da reta numérica.",vigente,"aba Matemática, linha 130","Base-Nacional-Comum-Curricular-BNCC.pdf, página PDF 303"
EF06MA02,ef-comp-ma,6,unidade_tematica,ef-comp-ma-ut-numeros,,,,ef-comp-ma-oc-sistema-de-numeracao-decimal-caracteristicas-leitura-escrita-e-comparacao-de-numeros-naturais-e-de-numeros-racionais-representados-na-forma-decimal,"Reconhecer o sistema de numeração decimal, como o que prevaleceu no mundo ocidental, e destacar semelhanças e diferenças com outros sistemas, de modo a sistematizar suas principais características (base, valor posicional e função do zero), utilizando, inclusive, a composição e decomposição de números naturais e números racionais em sua representação decimal.",vigente,"aba Matemática, linha 131","Base-Nacional-Comum-Curricular-BNCC.pdf, página PDF 303"
EF06MA03,ef-comp-ma,6,unidade_tematica,ef-comp-ma-ut-numeros,,,,ef-comp-ma-oc-operacoes-adicao-subtracao-multiplicacao-divisao-e-potenciacao-com-numeros-naturais | ef-comp-ma-oc-divisao-euclidiana,"Resolver e elaborar problemas que envolvam cálculos (mentais ou escritos, exatos ou aproximados) com números naturais, por meio de estratégias variadas, com compreensão dos processos neles envolvidos com e sem uso de calculadora.",vigente,"aba Matemática, linha 132","Base-Nacional-Comum-Curricular-BNCC.pdf, página PDF 303"
EF06MA04,ef-comp-ma,6,unidade_tematica,ef-comp-ma-ut-numeros,,,,ef-comp-ma-oc-fluxograma-para-determinar-a-paridade-de-um-numero-natural | ef-comp-ma-oc-multiplos-e-divisores-de-um-numero-natural-numeros-primos-e-compostos,"Construir algoritmo em linguagem natural e representá-lo por fluxograma que indique a resolução de um problema simples (por exemplo, se um número natural qualquer é par).",vigente,"aba Matemática, linha 133","Base-Nacional-Comum-Curricular-BNCC.pdf, página PDF 303"
EF06MA05,ef-comp-ma,6,unidade_tematica,ef-comp-ma-ut-numeros,,,,ef-comp-ma-oc-fluxograma-para-determinar-a-paridade-de-um-numero-natural | ef-comp-ma-oc-multiplos-e-divisores-de-um-numero-natural-numeros-primos-e-compostos,"Classificar números naturais em primos e compostos, estabelecer relações entre números, expressas pelos termos “é múltiplo de”, “é divisor de”, “é fator de”, e estabelecer, por meio de investigações, critérios de divisibilidade por 2, 3, 4, 5, 6, 8, 9, 10, 100 e 1000.",vigente,"aba Matemática, linha 134","Base-Nacional-Comum-Curricular-BNCC.pdf, página PDF 303"
EF06MA06,ef-comp-ma,6,unidade_tematica,ef-comp-ma-ut-numeros,,,,ef-comp-ma-oc-fluxograma-para-determinar-a-paridade-de-um-numero-natural | ef-comp-ma-oc-multiplos-e-divisores-de-um-numero-natural-numeros-primos-e-compostos,Resolver e elaborar problemas que envolvam as ideias de múltiplo e de divisor.,vigente,"aba Matemática, linha 135","Base-Nacional-Comum-Curricular-BNCC.pdf, página PDF 303"
EF06MA07,ef-comp-ma,6,unidade_tematica,ef-comp-ma-ut-numeros,,,,ef-comp-ma-oc-fracoes-significados-parte-todo-quociente-equivalencia-comparacao-adicao-e-subtracao-calculo-da-fracao-de-um-numero-natural-adicao-e-subtracao-de-fracoes,"Compreender, comparar e ordenar frações associadas às ideias de partes de inteiros e resultado de divisão, identificando frações equivalentes.",vigente,"aba Matemática, linha 136","Base-Nacional-Comum-Curricular-BNCC.pdf, página PDF 303"
EF06MA08,ef-comp-ma,6,unidade_tematica,ef-comp-ma-ut-numeros,,,,ef-comp-ma-oc-fracoes-significados-parte-todo-quociente-equivalencia-comparacao-adicao-e-subtracao-calculo-da-fracao-de-um-numero-natural-adicao-e-subtracao-de-fracoes,"Reconhecer que os números racionais positivos podem ser expressos nas formas fracionária e decimal, estabelecer relações entre essas representações, passando de uma representação para outra, e relacioná-los a pontos na reta numérica.",vigente,"aba Matemática, linha 137","Base-Nacional-Comum-Curricular-BNCC.pdf, página PDF 303"
EF06MA09,ef-comp-ma,6,unidade_tematica,ef-comp-ma-ut-numeros,,,,ef-comp-ma-oc-fracoes-significados-parte-todo-quociente-equivalencia-comparacao-adicao-e-subtracao-calculo-da-fracao-de-um-numero-natural-adicao-e-subtracao-de-fracoes,"Resolver e elaborar problemas que envolvam o cálculo da fração de uma quantidade e cujo resultado seja um número natural, com e sem uso de calculadora.",vigente,"aba Matemática, linha 138","Base-Nacional-Comum-Curricular-BNCC.pdf, página PDF 303"
EF06MA10,ef-comp-ma,6,unidade_tematica,ef-comp-ma-ut-numeros,,,,ef-comp-ma-oc-fracoes-significados-parte-todo-quociente-equivalencia-comparacao-adicao-e-subtracao-calculo-da-fracao-de-um-numero-natural-adicao-e-subtracao-de-fracoes,Resolver e elaborar problemas que envolvam adição ou subtração com números racionais positivos na representação fracionária.,vigente,"aba Matemática, linha 139","Base-Nacional-Comum-Curricular-BNCC.pdf, página PDF 303"
EF06MA11,ef-comp-ma,6,unidade_tematica,ef-comp-ma-ut-numeros,,,,ef-comp-ma-oc-operacoes-adicao-subtracao-multiplicacao-divisao-e-potenciacao-com-numeros-racionais,"Resolver e elaborar problemas com números racionais positivos na representação decimal, envolvendo as quatro operações fundamentais e a potenciação, por meio de estratégias diversas, utilizando estimativas e arredondamentos para verificar a razoabilidade de respostas, com e sem uso de calculadora.",vigente,"aba Matemática, linha 140","Base-Nacional-Comum-Curricular-BNCC.pdf, página PDF 303"
EF06MA12,ef-comp-ma,6,unidade_tematica,ef-comp-ma-ut-numeros,,,,ef-comp-ma-oc-aproximacao-de-numeros-para-multiplos-de-potencias-de-10,Fazer estimativas de quantidades e aproximar números para múltiplos da potência de 10 mais próxima.,vigente,"aba Matemática, linha 141","Base-Nacional-Comum-Curricular-BNCC.pdf, página PDF 303"
EF06MA13,ef-comp-ma,6,unidade_tematica,ef-comp-ma-ut-numeros,,,,ef-comp-ma-oc-calculo-de-porcentagens-por-meio-de-estrategias-diversas-sem-fazer-uso-da-regra-de-tres,"Resolver e elaborar problemas que envolvam porcentagens, com base na ideia de proporcionalidade, sem fazer uso da “regra de três”, utilizando estratégias pessoais, cálculo mental e calculadora, em contextos de educação financeira, entre outros.",vigente,"aba Matemática, linha 142","Base-Nacional-Comum-Curricular-BNCC.pdf, página PDF 303"
EF06MA14,ef-comp-ma,6,unidade_tematica,ef-comp-ma-ut-algebra,,,,ef-comp-ma-oc-propriedades-da-igualdade,"Reconhecer que a relação de igualdade matemática não se altera ao adicionar, subtrair, multiplicar ou dividir os seus dois membros por um mesmo número e utilizar essa noção para determinar valores desconhecidos na resolução de problemas.",vigente,"aba Matemática, linha 143","Base-Nacional-Comum-Curricular-BNCC.pdf, página PDF 305"
EF06MA15,ef-comp-ma,6,unidade_tematica,ef-comp-ma-ut-algebra,,,,ef-comp-ma-oc-problemas-que-tratam-da-particao-de-um-todo-em-duas-partes-desiguais-envolvendo-razoes-entre-as-partes-e-entre-uma-das-partes-e-o-todo,"Resolver e elaborar problemas que envolvam a partilha de uma quantidade em duas partes desiguais, envolvendo relações aditivas e multiplicativas, bem como a razão entre as partes e entre uma das partes e o todo.",vigente,"aba Matemática, linha 144","Base-Nacional-Comum-Curricular-BNCC.pdf, página PDF 305"
EF06MA16,ef-comp-ma,6,unidade_tematica,ef-comp-ma-ut-geometria,,,,ef-comp-ma-oc-plano-cartesiano-associacao-dos-vertices-de-um-poligono-a-pares-ordenados,"Associar pares ordenados de números a pontos do plano cartesiano do 1º quadrante, em situações como a localização dos vértices de um polígono.",vigente,"aba Matemática, linha 145","Base-Nacional-Comum-Curricular-BNCC.pdf, página PDF 305"
EF06MA17,ef-comp-ma,6,unidade_tematica,ef-comp-ma-ut-geometria,,,,ef-comp-ma-oc-prismas-e-piramides-planificacoes-e-relacoes-entre-seus-elementos-vertices-faces-e-arestas,"Quantificar e estabelecer relações entre o número de vértices, faces e arestas de prismas e pirâmides, em função do seu polígono da base, para resolver problemas e desenvolver a percepção espacial.",vigente,"aba Matemática, linha 146","Base-Nacional-Comum-Curricular-BNCC.pdf, página PDF 305"
EF06MA18,ef-comp-ma,6,unidade_tematica,ef-comp-ma-ut-geometria,,,,ef-comp-ma-oc-poligonos-classificacoes-quanto-ao-numero-de-vertices-as-medidas-de-lados-e-angulos-e-ao-paralelismo-e-perpendicularismo-dos-lados,"Reconhecer, nomear e comparar polígonos, considerando lados, vértices e ângulos, e classificá-los em regulares e não regulares, tanto em suas representações no plano como em faces de poliedros.",vigente,"aba Matemática, linha 147","Base-Nacional-Comum-Curricular-BNCC.pdf, página PDF 305"
EF06MA19,ef-comp-ma,6,unidade_tematica,ef-comp-ma-ut-geometria,,,,ef-comp-ma-oc-poligonos-classificacoes-quanto-ao-numero-de-vertices-as-medidas-de-lados-e-angulos-e-ao-paralelismo-e-perpendicularismo-dos-lados,Identificar características dos triângulos e classificá-los em relação às medidas dos lados e dos ângulos.,vigente,"aba Matemática, linha 148","Base-Nacional-Comum-Curricular-BNCC.pdf, página PDF 305"
EF06MA20,ef-comp-ma,6,unidade_tematica,ef-comp-ma-ut-geometria,,,,ef-comp-ma-oc-poligonos-classificacoes-quanto-ao-numero-de-vertices-as-medidas-de-lados-e-angulos-e-ao-paralelismo-e-perpendicularismo-dos-lados,"Identificar características dos quadriláteros, classificá-los em relação a lados e a ângulos e reconhecer a inclusão e a intersecção de classes entre eles.",vigente,"aba Matemática, linha 149","Base-Nacional-Comum-Curricular-BNCC.pdf, página PDF 305"
EF06MA21,ef-comp-ma,6,unidade_tematica,ef-comp-ma-ut-geometria,,,,ef-comp-ma-oc-construcao-de-figuras-semelhantes-ampliacao-e-reducao-de-figuras-planas-em-malhas-quadriculadas,"Construir figuras planas semelhantes em situações de ampliação e de redução, com o uso de malhas quadriculadas, plano cartesiano ou tecnologias digitais.",vigente,"aba Matemática, linha 150","Base-Nacional-Comum-Curricular-BNCC.pdf, página PDF 305"
EF06MA22,ef-comp-ma,6,unidade_tematica,ef-comp-ma-ut-geometria,,,,ef-comp-ma-oc-construcao-de-retas-paralelas-e-perpendiculares-fazendo-uso-de-reguas-esquadros-e-softwares,"Utilizar instrumentos, como réguas e esquadros, ou softwares para representações de retas paralelas e perpendiculares e construção de quadriláteros, entre outros.",vigente,"aba Matemática, linha 151","Base-Nacional-Comum-Curricular-BNCC.pdf, página PDF 305"
EF06MA23,ef-comp-ma,6,unidade_tematica,ef-comp-ma-ut-geometria,,,,ef-comp-ma-oc-construcao-de-retas-paralelas-e-perpendiculares-fazendo-uso-de-reguas-esquadros-e-softwares,Construir algoritmo para resolver situações passo a passo (como na construção de dobraduras ou na indicação de deslocamento de um objeto no plano segundo pontos de referência e distâncias fornecidas etc.).,vigente,"aba Matemática, linha 152","Base-Nacional-Comum-Curricular-BNCC.pdf, página PDF 305"
EF06MA24,ef-comp-ma,6,unidade_tematica,ef-comp-ma-ut-grandezas-e-medidas,,,,ef-comp-ma-oc-problemas-sobre-medidas-envolvendo-grandezas-como-comprimento-massa-tempo-temperatura-area-capacidade-e-volume,"Resolver e elaborar problemas que envolvam as grandezas comprimento, massa, tempo, temperatura, área (triângulos e retângulos), capacidade e volume (sólidos formados por blocos retangulares), sem uso de fórmulas, inseridos, sempre que possível, em contextos oriundos de situações reais e/ou relacionadas às outras áreas do conhecimento.",vigente,"aba Matemática, linha 153","Base-Nacional-Comum-Curricular-BNCC.pdf, página PDF 305"
EF06MA25,ef-comp-ma,6,unidade_tematica,ef-comp-ma-ut-grandezas-e-medidas,,,,ef-comp-ma-oc-angulos-nocao-usos-e-medida,Reconhecer a abertura do ângulo como grandeza associada às figuras geométricas.,vigente,"aba Matemática, linha 154","Base-Nacional-Comum-Curricular-BNCC.pdf, página PDF 305"
EF06MA26,ef-comp-ma,6,unidade_tematica,ef-comp-ma-ut-grandezas-e-medidas,,,,ef-comp-ma-oc-angulos-nocao-usos-e-medida,"Resolver problemas que envolvam a noção de ângulo em diferentes contextos e em situações reais, como ângulo de visão.",vigente,"aba Matemática, linha 155","Base-Nacional-Comum-Curricular-BNCC.pdf, página PDF 305"
EF06MA27,ef-comp-ma,6,unidade_tematica,ef-comp-ma-ut-grandezas-e-medidas,,,,ef-comp-ma-oc-angulos-nocao-usos-e-medida,"Determinar medidas da abertura de ângulos, por meio de transferidor e/ou tecnologias digitais.",vigente,"aba Matemática, linha 156","Base-Nacional-Comum-Curricular-BNCC.pdf, página PDF 305"
EF06MA28,ef-comp-ma,6,unidade_tematica,ef-comp-ma-ut-grandezas-e-medidas,,,,ef-comp-ma-oc-plantas-baixas-e-vistas-aereas,"Interpretar, descrever e desenhar plantas baixas simples de residências e vistas aéreas.",vigente,"aba Matemática, linha 157","Base-Nacional-Comum-Curricular-BNCC.pdf, página PDF 305"
EF06MA29,ef-comp-ma,6,unidade_tematica,ef-comp-ma-ut-grandezas-e-medidas,,,,ef-comp-ma-oc-perimetro-de-um-quadrado-como-grandeza-proporcional-a-medida-do-lado,"Analisar e descrever mudanças que ocorrem no perímetro e na área de um quadrado ao se ampliarem ou reduzirem, igualmente, as medidas de seus lados, para compreender que o perímetro é proporcional à medida do lado, o que não ocorre com a área.",vigente,"aba Matemática, linha 158","Base-Nacional-Comum-Curricular-BNCC.pdf, página PDF 305"
EF06MA30,ef-comp-ma,6,unidade_tematica,ef-comp-ma-ut-probabilidade-e-estatistica,,,,ef-comp-ma-oc-calculo-de-probabilidade-como-a-razao-entre-o-numero-de-resultados-favoraveis-e-o-total-de-resultados-possiveis-em-um-espaco-amostral-equiprovavel | ef-comp-ma-oc-calculo-de-probabilidade-por-meio-de-muitas-repeticoes-de-um-experimento-frequencias-de-ocorrencias-e-probabilidade-frequentista,"Calcular a probabilidade de um evento aleatório, expressando-a por número racional (forma fracionária, decimal e percentual) e comparar esse número com a probabilidade obtida por meio de experimentos sucessivos.",vigente,"aba Matemática, linha 159","Base-Nacional-Comum-Curricular-BNCC.pdf, página PDF 307"
EF06MA31,ef-comp-ma,6,unidade_tematica,ef-comp-ma-ut-probabilidade-e-estatistica,,,,ef-comp-ma-oc-leitura-e-interpretacao-de-tabelas-e-graficos-de-colunas-ou-barras-simples-ou-multiplas-referentes-a-variaveis-categoricas-e-variaveis-numericas,"Identificar as variáveis e suas frequências e os elementos constitutivos (título, eixos, legendas, fontes e datas) em diferentes tipos de gráfico.",vigente,"aba Matemática, linha 160","Base-Nacional-Comum-Curricular-BNCC.pdf, página PDF 307"
EF06MA32,ef-comp-ma,6,unidade_tematica,ef-comp-ma-ut-probabilidade-e-estatistica,,,,ef-comp-ma-oc-leitura-e-interpretacao-de-tabelas-e-graficos-de-colunas-ou-barras-simples-ou-multiplas-referentes-a-variaveis-categoricas-e-variaveis-numericas,"Interpretar e resolver situações que envolvam dados de pesquisas sobre contextos ambientais, sustentabilidade, trânsito, consumo responsável, entre outros, apresentadas pela mídia em tabelas e em diferentes tipos de gráficos e redigir textos escritos com o objetivo de sintetizar conclusões.",vigente,"aba Matemática, linha 161","Base-Nacional-Comum-Curricular-BNCC.pdf, página PDF 307"
EF06MA33,ef-comp-ma,6,unidade_tematica,ef-comp-ma-ut-probabilidade-e-estatistica,,,,ef-comp-ma-oc-coleta-de-dados-organizacao-e-registro | ef-comp-ma-oc-construcao-de-diferentes-tipos-de-graficos-para-representa-los-e-interpretacao-das-informacoes,"Planejar e coletar dados de pesquisa referente a práticas sociais escolhidas pelos alunos e fazer uso de planilhas eletrônicas para registro, representação e interpretação das informações, em tabelas, vários tipos de gráficos e texto.",vigente,"aba Matemática, linha 162","Base-Nacional-Comum-Curricular-BNCC.pdf, página PDF 307"
EF06MA34,ef-comp-ma,6,unidade_tematica,ef-comp-ma-ut-probabilidade-e-estatistica,,,,ef-comp-ma-oc-diferentes-tipos-de-representacao-de-informacoes-graficos-e-fluxogramas,"Interpretar e desenvolver fluxogramas simples, identificando as relações entre os objetos representados (por exemplo, posição de cidades considerando as estradas que as unem, hierarquia dos funcionários de uma empresa etc.).",vigente,"aba Matemática, linha 163","Base-Nacional-Comum-Curricular-BNCC.pdf, página PDF 307"
EF07MA01,ef-comp-ma,7,unidade_tematica,ef-comp-ma-ut-numeros,,,,ef-comp-ma-oc-multiplos-e-divisores-de-um-numero-natural,"Resolver e elaborar problemas com números naturais, envolvendo as noções de divisor e de múltiplo, podendo incluir máximo divisor comum ou mínimo múltiplo comum, por meio de estratégias diversas, sem a aplicação de algoritmos.",vigente,"aba Matemática, linha 164","Base-Nacional-Comum-Curricular-BNCC.pdf, página PDF 309"
EF07MA02,ef-comp-ma,7,unidade_tematica,ef-comp-ma-ut-numeros,,,,ef-comp-ma-oc-calculo-de-porcentagens-e-de-acrescimos-e-decrescimos-simples,"Resolver e elaborar problemas que envolvam porcentagens, como os que lidam com acréscimos e decréscimos simples, utilizando estratégias pessoais, cálculo mental e calculadora, no contexto de educação financeira, entre outros.",vigente,"aba Matemática, linha 165","Base-Nacional-Comum-Curricular-BNCC.pdf, página PDF 309"
EF07MA03,ef-comp-ma,7,unidade_tematica,ef-comp-ma-ut-numeros,,,,ef-comp-ma-oc-numeros-inteiros-usos-historia-ordenacao-associacao-com-pontos-da-reta-numerica-e-operacoes,"Comparar e ordenar números inteiros em diferentes contextos, incluindo o histórico, associá-los a pontos da reta numérica e utilizá-los em situações que envolvam adição e subtração.",vigente,"aba Matemática, linha 166","Base-Nacional-Comum-Curricular-BNCC.pdf, página PDF 309"
EF07MA04,ef-comp-ma,7,unidade_tematica,ef-comp-ma-ut-numeros,,,,ef-comp-ma-oc-numeros-inteiros-usos-historia-ordenacao-associacao-com-pontos-da-reta-numerica-e-operacoes,Resolver e elaborar problemas que envolvam operações com números inteiros.,vigente,"aba Matemática, linha 167","Base-Nacional-Comum-Curricular-BNCC.pdf, página PDF 309"
EF07MA05,ef-comp-ma,7,unidade_tematica,ef-comp-ma-ut-numeros,,,,ef-comp-ma-oc-fracao-e-seus-significados-como-parte-de-inteiros-resultado-da-divisao-razao-e-operador,Resolver um mesmo problema utilizando diferentes algoritmos.,vigente,"aba Matemática, linha 168","Base-Nacional-Comum-Curricular-BNCC.pdf, página PDF 309"
EF07MA06,ef-comp-ma,7,unidade_tematica,ef-comp-ma-ut-numeros,,,,ef-comp-ma-oc-fracao-e-seus-significados-como-parte-de-inteiros-resultado-da-divisao-razao-e-operador,Reconhecer que as resoluções de um grupo de problemas que têm a mesma estrutura podem ser obtidas utilizando os mesmos procedimentos.,vigente,"aba Matemática, linha 169","Base-Nacional-Comum-Curricular-BNCC.pdf, página PDF 309"
EF07MA07,ef-comp-ma,7,unidade_tematica,ef-comp-ma-ut-numeros,,,,ef-comp-ma-oc-fracao-e-seus-significados-como-parte-de-inteiros-resultado-da-divisao-razao-e-operador,Representar por meio de um fluxograma os passos utilizados para resolver um grupo de problemas.,vigente,"aba Matemática, linha 170","Base-Nacional-Comum-Curricular-BNCC.pdf, página PDF 309"
EF07MA08,ef-comp-ma,7,unidade_tematica,ef-comp-ma-ut-numeros,,,,ef-comp-ma-oc-fracao-e-seus-significados-como-parte-de-inteiros-resultado-da-divisao-razao-e-operador,"Comparar e ordenar frações associadas às ideias de partes de inteiros, resultado da divisão, razão e operador.",vigente,"aba Matemática, linha 171","Base-Nacional-Comum-Curricular-BNCC.pdf, página PDF 309"
EF07MA09,ef-comp-ma,7,unidade_tematica,ef-comp-ma-ut-numeros,,,,ef-comp-ma-oc-fracao-e-seus-significados-como-parte-de-inteiros-resultado-da-divisao-razao-e-operador,"Utilizar, na resolução de problemas, a associação entre razão e fração, como a fração 2/3 para expressar a razão de duas partes de uma grandeza para três partes da mesma ou três partes de outra grandeza.",vigente,"aba Matemática, linha 172","Base-Nacional-Comum-Curricular-BNCC.pdf, página PDF 309"
EF07MA10,ef-comp-ma,7,unidade_tematica,ef-comp-ma-ut-numeros,,,,ef-comp-ma-oc-numeros-racionais-na-representacao-fracionaria-e-na-decimal-usos-ordenacao-e-associacao-com-pontos-da-reta-numerica-e-operacoes,Comparar e ordenar números racionais em diferentes contextos e associá-los a pontos da reta numérica.,vigente,"aba Matemática, linha 173","Base-Nacional-Comum-Curricular-BNCC.pdf, página PDF 309"
EF07MA11,ef-comp-ma,7,unidade_tematica,ef-comp-ma-ut-numeros,,,,ef-comp-ma-oc-numeros-racionais-na-representacao-fracionaria-e-na-decimal-usos-ordenacao-e-associacao-com-pontos-da-reta-numerica-e-operacoes,"Compreender e utilizar a multiplicação e a divisão de números racionais, a relação entre elas e suas propriedades operatórias.",vigente,"aba Matemática, linha 174","Base-Nacional-Comum-Curricular-BNCC.pdf, página PDF 309"
EF07MA12,ef-comp-ma,7,unidade_tematica,ef-comp-ma-ut-numeros,,,,ef-comp-ma-oc-numeros-racionais-na-representacao-fracionaria-e-na-decimal-usos-ordenacao-e-associacao-com-pontos-da-reta-numerica-e-operacoes,Resolver e elaborar problemas que envolvam as operações com números racionais.,vigente,"aba Matemática, linha 175","Base-Nacional-Comum-Curricular-BNCC.pdf, página PDF 309"
EF07MA13,ef-comp-ma,7,unidade_tematica,ef-comp-ma-ut-algebra,,,,ef-comp-ma-oc-linguagem-algebrica-variavel-e-incognita,"Compreender a ideia de variável, representada por letra ou símbolo, para expressar relação entre duas grandezas, diferenciando-a da ideia de incógnita.",vigente,"aba Matemática, linha 176","Base-Nacional-Comum-Curricular-BNCC.pdf, página PDF 309"
EF07MA14,ef-comp-ma,7,unidade_tematica,ef-comp-ma-ut-algebra,,,,ef-comp-ma-oc-linguagem-algebrica-variavel-e-incognita,"Classificar sequências em recursivas e não recursivas, reconhecendo que o conceito de recursão está presente não apenas na matemática, mas também nas artes e na literatura.",vigente,"aba Matemática, linha 177","Base-Nacional-Comum-Curricular-BNCC.pdf, página PDF 309"
EF07MA15,ef-comp-ma,7,unidade_tematica,ef-comp-ma-ut-algebra,,,,ef-comp-ma-oc-linguagem-algebrica-variavel-e-incognita,Utilizar a simbologia algébrica para expressar regularidades encontradas em sequências numéricas.,vigente,"aba Matemática, linha 178","Base-Nacional-Comum-Curricular-BNCC.pdf, página PDF 309"
EF07MA16,ef-comp-ma,7,unidade_tematica,ef-comp-ma-ut-algebra,,,,ef-comp-ma-oc-equivalencia-de-expressoes-algebricas-identificacao-da-regularidade-de-uma-sequencia-numerica,Reconhecer se duas expressões algébricas obtidas para descrever a regularidade de uma mesma sequência numérica são ou não equivalentes.,vigente,"aba Matemática, linha 179","Base-Nacional-Comum-Curricular-BNCC.pdf, página PDF 309"
EF07MA17,ef-comp-ma,7,unidade_tematica,ef-comp-ma-ut-algebra,,,,ef-comp-ma-oc-problemas-envolvendo-grandezas-diretamente-proporcionais-e-grandezas-inversamente-proporcionais,"Resolver e elaborar problemas que envolvam variação de proporcionalidade direta e de proporcionalidade inversa entre duas grandezas, utilizando sentença algébrica para expressar a relação entre elas.",vigente,"aba Matemática, linha 180","Base-Nacional-Comum-Curricular-BNCC.pdf, página PDF 309"
EF07MA18,ef-comp-ma,7,unidade_tematica,ef-comp-ma-ut-algebra,,,,ef-comp-ma-oc-equacoes-polinomiais-do-1o-grau,"Resolver e elaborar problemas que possam ser representados por equações polinomiais de 1º grau, redutíveis à forma ax + b = c, fazendo uso das propriedades da igualdade.",vigente,"aba Matemática, linha 181","Base-Nacional-Comum-Curricular-BNCC.pdf, página PDF 309"
EF07MA19,ef-comp-ma,7,unidade_tematica,ef-comp-ma-ut-geometria,,,,ef-comp-ma-oc-transformacoes-geometricas-de-poligonos-no-plano-cartesiano-multiplicacao-das-coordenadas-por-um-numero-inteiro-e-obtencao-de-simetricos-em-relacao-aos-eixos-e-a-origem,"Realizar transformações de polígonos representados no plano cartesiano, decorrentes da multiplicação das coordenadas de seus vértices por um número inteiro.",vigente,"aba Matemática, linha 182","Base-Nacional-Comum-Curricular-BNCC.pdf, página PDF 311"
EF07MA20,ef-comp-ma,7,unidade_tematica,ef-comp-ma-ut-geometria,,,,ef-comp-ma-oc-transformacoes-geometricas-de-poligonos-no-plano-cartesiano-multiplicacao-das-coordenadas-por-um-numero-inteiro-e-obtencao-de-simetricos-em-relacao-aos-eixos-e-a-origem,"Reconhecer e representar, no plano cartesiano, o simétrico de figuras em relação aos eixos e à origem.",vigente,"aba Matemática, linha 183","Base-Nacional-Comum-Curricular-BNCC.pdf, página PDF 311"
EF07MA21,ef-comp-ma,7,unidade_tematica,ef-comp-ma-ut-geometria,,,,ef-comp-ma-oc-simetrias-de-translacao-rotacao-e-reflexao,"Reconhecer e construir figuras obtidas por simetrias de translação, rotação e reflexão, usando instrumentos de desenho ou softwares de geometria dinâmica e vincular esse estudo a representações planas de obras de arte, elementos arquitetônicos, entre outros.",vigente,"aba Matemática, linha 184","Base-Nacional-Comum-Curricular-BNCC.pdf, página PDF 311"
EF07MA22,ef-comp-ma,7,unidade_tematica,ef-comp-ma-ut-geometria,,,,ef-comp-ma-oc-a-circunferencia-como-lugar-geometrico,"Construir circunferências, utilizando compasso, reconhecê-las como lugar geométrico e utilizá-las para fazer composições artísticas e resolver problemas que envolvam objetos equidistantes.",vigente,"aba Matemática, linha 185","Base-Nacional-Comum-Curricular-BNCC.pdf, página PDF 311"
EF07MA23,ef-comp-ma,7,unidade_tematica,ef-comp-ma-ut-geometria,,,,ef-comp-ma-oc-relacoes-entre-os-angulos-formados-por-retas-paralelas-intersectadas-por-uma-transversal,"Verificar relações entre os ângulos formados por retas paralelas cortadas por uma transversal, com e sem uso de softwares de geometria dinâmica.",vigente,"aba Matemática, linha 186","Base-Nacional-Comum-Curricular-BNCC.pdf, página PDF 311"
EF07MA24,ef-comp-ma,7,unidade_tematica,ef-comp-ma-ut-geometria,,,,ef-comp-ma-oc-triangulos-construcao-condicao-de-existencia-e-soma-das-medidas-dos-angulos-internos,"Construir triângulos, usando régua e compasso, reconhecer a condição de existência do triângulo quanto à medida dos lados e verificar que a soma das medidas dos ângulos internos de um triângulo é 180°.",vigente,"aba Matemática, linha 187","Base-Nacional-Comum-Curricular-BNCC.pdf, página PDF 311"
EF07MA25,ef-comp-ma,7,unidade_tematica,ef-comp-ma-ut-geometria,,,,ef-comp-ma-oc-triangulos-construcao-condicao-de-existencia-e-soma-das-medidas-dos-angulos-internos,"Reconhecer a rigidez geométrica dos triângulos e suas aplicações, como na construção de estruturas arquitetônicas (telhados, estruturas metálicas e outras) ou nas artes plásticas.",vigente,"aba Matemática, linha 188","Base-Nacional-Comum-Curricular-BNCC.pdf, página PDF 311"
EF07MA26,ef-comp-ma,7,unidade_tematica,ef-comp-ma-ut-geometria,,,,ef-comp-ma-oc-triangulos-construcao-condicao-de-existencia-e-soma-das-medidas-dos-angulos-internos,"Descrever, por escrito e por meio de um fluxograma, um algoritmo para a construção de um triângulo qualquer, conhecidas as medidas dos três lados.",vigente,"aba Matemática, linha 189","Base-Nacional-Comum-Curricular-BNCC.pdf, página PDF 311"
EF07MA27,ef-comp-ma,7,unidade_tematica,ef-comp-ma-ut-geometria,,,,ef-comp-ma-oc-poligonos-regulares-quadrado-e-triangulo-equilatero,"Calcular medidas de ângulos internos de polígonos regulares, sem o uso de fórmulas, e estabelecer relações entre ângulos internos e externos de polígonos, preferencialmente vinculadas à construção de mosaicos e de ladrilhamentos.",vigente,"aba Matemática, linha 190","Base-Nacional-Comum-Curricular-BNCC.pdf, página PDF 311"
EF07MA28,ef-comp-ma,7,unidade_tematica,ef-comp-ma-ut-geometria,,,,ef-comp-ma-oc-poligonos-regulares-quadrado-e-triangulo-equilatero,"Descrever, por escrito e por meio de um fluxograma, um algoritmo para a construção de um polígono regular (como quadrado e triângulo equilátero), conhecida a medida de seu lado.",vigente,"aba Matemática, linha 191","Base-Nacional-Comum-Curricular-BNCC.pdf, página PDF 311"
EF07MA29,ef-comp-ma,7,unidade_tematica,ef-comp-ma-ut-grandezas-e-medidas,,,,ef-comp-ma-oc-problemas-envolvendo-medicoes,"Resolver e elaborar problemas que envolvam medidas de grandezas inseridos em contextos oriundos de situações cotidianas ou de outras áreas do conhecimento, reconhecendo que toda medida empírica é aproximada.",vigente,"aba Matemática, linha 192","Base-Nacional-Comum-Curricular-BNCC.pdf, página PDF 311"
EF07MA30,ef-comp-ma,7,unidade_tematica,ef-comp-ma-ut-grandezas-e-medidas,,,,ef-comp-ma-oc-calculo-de-volume-de-blocos-retangulares-utilizando-unidades-de-medida-convencionais-mais-usuais,"Resolver e elaborar problemas de cálculo de medida do volume de blocos retangulares, envolvendo as unidades usuais (metro cúbico, decímetro cúbico e centímetro cúbico).",vigente,"aba Matemática, linha 193","Base-Nacional-Comum-Curricular-BNCC.pdf, página PDF 311"
EF07MA31,ef-comp-ma,7,unidade_tematica,ef-comp-ma-ut-grandezas-e-medidas,,,,ef-comp-ma-oc-equivalencia-de-area-de-figuras-planas-calculo-de-areas-de-figuras-que-podem-ser-decompostas-por-outras-cujas-areas-podem-ser-facilmente-determinadas-como-triangulos-e-quadrilateros,Estabelecer expressões de cálculo de área de triângulos e de quadriláteros.,vigente,"aba Matemática, linha 194","Base-Nacional-Comum-Curricular-BNCC.pdf, página PDF 311"
EF07MA32,ef-comp-ma,7,unidade_tematica,ef-comp-ma-ut-grandezas-e-medidas,,,,ef-comp-ma-oc-equivalencia-de-area-de-figuras-planas-calculo-de-areas-de-figuras-que-podem-ser-decompostas-por-outras-cujas-areas-podem-ser-facilmente-determinadas-como-triangulos-e-quadrilateros,"Resolver e elaborar problemas de cálculo de medida de área de figuras planas que podem ser decompostas por quadrados, retângulos e/ou triângulos, utilizando a equivalência entre áreas.",vigente,"aba Matemática, linha 195","Base-Nacional-Comum-Curricular-BNCC.pdf, página PDF 311"
EF07MA33,ef-comp-ma,7,unidade_tematica,ef-comp-ma-ut-grandezas-e-medidas,,,,ef-comp-ma-oc-medida-do-comprimento-da-circunferencia,"Estabelecer o número π como a razão entre a medida de uma circunferência e seu diâmetro, para compreender e resolver problemas, inclusive os de natureza histórica.",vigente,"aba Matemática, linha 196","Base-Nacional-Comum-Curricular-BNCC.pdf, página PDF 311"
EF07MA34,ef-comp-ma,7,unidade_tematica,ef-comp-ma-ut-probabilidade-e-estatistica,,,,ef-comp-ma-oc-experimentos-aleatorios-espaco-amostral-e-estimativa-de-probabilidade-por-meio-de-frequencia-de-ocorrencias,Planejar e realizar experimentos aleatórios ou simulações que envolvem cálculo de probabilidades ou estimativas por meio de frequência de ocorrências.,vigente,"aba Matemática, linha 197","Base-Nacional-Comum-Curricular-BNCC.pdf, página PDF 313"
EF07MA35,ef-comp-ma,7,unidade_tematica,ef-comp-ma-ut-probabilidade-e-estatistica,,,,ef-comp-ma-oc-estatistica-media-e-amplitude-de-um-conjunto-de-dados,"Compreender, em contextos significativos, o significado de média estatística como indicador da tendência de uma pesquisa, calcular seu valor e relacioná-lo, intuitivamente, com a amplitude do conjunto de dados.",vigente,"aba Matemática, linha 198","Base-Nacional-Comum-Curricular-BNCC.pdf, página PDF 313"
EF07MA36,ef-comp-ma,7,unidade_tematica,ef-comp-ma-ut-probabilidade-e-estatistica,,,,ef-comp-ma-oc-pesquisa-amostral-e-pesquisa-censitaria | ef-comp-ma-oc-planejamento-de-pesquisa-coleta-e-organizacao-dos-dados-construcao-de-tabelas-e-graficos-e-interpretacao-das-informacoes,"Planejar e realizar pesquisa envolvendo tema da realidade social, identificando a necessidade de ser censitária ou de usar amostra, e interpretar os dados para comunicá-los por meio de relatório escrito, tabelas e gráficos, com o apoio de planilhas eletrônicas.",vigente,"aba Matemática, linha 199","Base-Nacional-Comum-Curricular-BNCC.pdf, página PDF 313"
EF07MA37,ef-comp-ma,7,unidade_tematica,ef-comp-ma-ut-probabilidade-e-estatistica,,,,ef-comp-ma-oc-graficos-de-setores-interpretacao-pertinencia-e-construcao-para-representar-conjunto-de-dados,Interpretar e analisar dados apresentados em gráfico de setores divulgados pela mídia e compreender quando é possível ou conveniente sua utilização.,vigente,"aba Matemática, linha 200","Base-Nacional-Comum-Curricular-BNCC.pdf, página PDF 313"
EF08MA01,ef-comp-ma,8,unidade_tematica,ef-comp-ma-ut-numeros,,,,ef-comp-ma-oc-notacao-cientifica,Efetuar cálculos com potências de expoentes inteiros e aplicar esse conhecimento na representação de números em notação científica.,vigente,"aba Matemática, linha 201","Base-Nacional-Comum-Curricular-BNCC.pdf, página PDF 315"
EF08MA02,ef-comp-ma,8,unidade_tematica,ef-comp-ma-ut-numeros,,,,ef-comp-ma-oc-potenciacao-e-radiciacao,"Resolver e elaborar problemas usando a relação entre potenciação e radiciação, para representar uma raiz como potência de expoente fracionário.",vigente,"aba Matemática, linha 202","Base-Nacional-Comum-Curricular-BNCC.pdf, página PDF 315"
EF08MA03,ef-comp-ma,8,unidade_tematica,ef-comp-ma-ut-numeros,,,,ef-comp-ma-oc-o-principio-multiplicativo-da-contagem,Resolver e elaborar problemas de contagem cuja resolução envolva a aplicação do princípio multiplicativo.,vigente,"aba Matemática, linha 203","Base-Nacional-Comum-Curricular-BNCC.pdf, página PDF 315"
EF08MA04,ef-comp-ma,8,unidade_tematica,ef-comp-ma-ut-numeros,,,,ef-comp-ma-oc-porcentagens,"Resolver e elaborar problemas, envolvendo cálculo de porcentagens, incluindo o uso de tecnologias digitais.",vigente,"aba Matemática, linha 204","Base-Nacional-Comum-Curricular-BNCC.pdf, página PDF 315"
EF08MA05,ef-comp-ma,8,unidade_tematica,ef-comp-ma-ut-numeros,,,,ef-comp-ma-oc-dizimas-periodicas-fracao-geratriz,Reconhecer e utilizar procedimentos para a obtenção de uma fração geratriz para uma dízima periódica.,vigente,"aba Matemática, linha 205","Base-Nacional-Comum-Curricular-BNCC.pdf, página PDF 315"
EF08MA06,ef-comp-ma,8,unidade_tematica,ef-comp-ma-ut-algebra,,,,ef-comp-ma-oc-valor-numerico-de-expressoes-algebricas,"Resolver e elaborar problemas que envolvam cálculo do valor numérico de expressões algébricas, utilizando as propriedades das operações.",vigente,"aba Matemática, linha 206","Base-Nacional-Comum-Curricular-BNCC.pdf, página PDF 315"
EF08MA07,ef-comp-ma,8,unidade_tematica,ef-comp-ma-ut-algebra,,,,ef-comp-ma-oc-associacao-de-uma-equacao-linear-de-1o-grau-a-uma-reta-no-plano-cartesiano,Associar uma equação linear de 1º grau com duas incógnitas a uma reta no plano cartesiano.,vigente,"aba Matemática, linha 207","Base-Nacional-Comum-Curricular-BNCC.pdf, página PDF 315"
EF08MA08,ef-comp-ma,8,unidade_tematica,ef-comp-ma-ut-algebra,,,,ef-comp-ma-oc-sistema-de-equacoes-polinomiais-de-1o-grau-resolucao-algebrica-e-representacao-no-plano-cartesiano,"Resolver e elaborar problemas relacionados ao seu contexto próximo, que possam ser representados por sistemas de equações de 1º grau com duas incógnitas e interpretá-los, utilizando, inclusive, o plano cartesiano como recurso.",vigente,"aba Matemática, linha 208","Base-Nacional-Comum-Curricular-BNCC.pdf, página PDF 315"
EF08MA09,ef-comp-ma,8,unidade_tematica,ef-comp-ma-ut-algebra,,,,ef-comp-ma-oc-equacao-polinomial-de-2o-grau-do-tipo-ax2-b,"Resolver e elaborar, com e sem uso de tecnologias, problemas que possam ser representados por equações polinomiais de 2º grau do tipo ax2 = b.",vigente,"aba Matemática, linha 209","Base-Nacional-Comum-Curricular-BNCC.pdf, página PDF 315"
EF08MA10,ef-comp-ma,8,unidade_tematica,ef-comp-ma-ut-algebra,,,,ef-comp-ma-oc-sequencias-recursivas-e-nao-recursivas,Identificar a regularidade de uma sequência numérica ou figural não recursiva e construir um algoritmo por meio de um fluxograma que permita indicar os números ou as figuras seguintes.,vigente,"aba Matemática, linha 210","Base-Nacional-Comum-Curricular-BNCC.pdf, página PDF 315"
EF08MA11,ef-comp-ma,8,unidade_tematica,ef-comp-ma-ut-algebra,,,,ef-comp-ma-oc-sequencias-recursivas-e-nao-recursivas,Identificar a regularidade de uma sequência numérica recursiva e construir um algoritmo por meio de um fluxograma que permita indicar os números seguintes.,vigente,"aba Matemática, linha 211","Base-Nacional-Comum-Curricular-BNCC.pdf, página PDF 315"
EF08MA12,ef-comp-ma,8,unidade_tematica,ef-comp-ma-ut-algebra,,,,ef-comp-ma-oc-variacao-de-grandezas-diretamente-proporcionais-inversamente-proporcionais-ou-nao-proporcionais,"Identificar a natureza da variação de duas grandezas, diretamente, inversamente proporcionais ou não proporcionais, expressando a relação existente por meio de sentença algébrica e representá-la no plano cartesiano.",vigente,"aba Matemática, linha 212","Base-Nacional-Comum-Curricular-BNCC.pdf, página PDF 315"
EF08MA13,ef-comp-ma,8,unidade_tematica,ef-comp-ma-ut-algebra,,,,ef-comp-ma-oc-variacao-de-grandezas-diretamente-proporcionais-inversamente-proporcionais-ou-nao-proporcionais,"Resolver e elaborar problemas que envolvam grandezas diretamente ou inversamente proporcionais, por meio de estratégias variadas.",vigente,"aba Matemática, linha 213","Base-Nacional-Comum-Curricular-BNCC.pdf, página PDF 315"
EF08MA14,ef-comp-ma,8,unidade_tematica,ef-comp-ma-ut-geometria,,,,ef-comp-ma-oc-congruencia-de-triangulos-e-demonstracoes-de-propriedades-de-quadrilateros,Demonstrar propriedades de quadriláteros por meio da identificação da congruência de triângulos.,vigente,"aba Matemática, linha 214","Base-Nacional-Comum-Curricular-BNCC.pdf, página PDF 317"
EF08MA15,ef-comp-ma,8,unidade_tematica,ef-comp-ma-ut-geometria,,,,ef-comp-ma-oc-construcoes-geometricas-angulos-de-90-60-45-e-30-e-poligonos-regulares,"Construir, utilizando instrumentos de desenho ou softwares de geometria dinâmica, mediatriz, bissetriz, ângulos de 90°, 60°, 45° e 30° e polígonos regulares.",vigente,"aba Matemática, linha 215","Base-Nacional-Comum-Curricular-BNCC.pdf, página PDF 317"
EF08MA16,ef-comp-ma,8,unidade_tematica,ef-comp-ma-ut-geometria,,,,ef-comp-ma-oc-construcoes-geometricas-angulos-de-90-60-45-e-30-e-poligonos-regulares,"Descrever, por escrito e por meio de um fluxograma, um algoritmo para a construção de um hexágono regular de qualquer área, a partir da medida do ângulo central e da utilização de esquadros e compasso.",vigente,"aba Matemática, linha 216","Base-Nacional-Comum-Curricular-BNCC.pdf, página PDF 317"
EF08MA17,ef-comp-ma,8,unidade_tematica,ef-comp-ma-ut-geometria,,,,ef-comp-ma-oc-mediatriz-e-bissetriz-como-lugares-geometricos-construcao-e-problemas,Aplicar os conceitos de mediatriz e bissetriz como lugares geométricos na resolução de problemas.,vigente,"aba Matemática, linha 217","Base-Nacional-Comum-Curricular-BNCC.pdf, página PDF 317"
EF08MA18,ef-comp-ma,8,unidade_tematica,ef-comp-ma-ut-geometria,,,,ef-comp-ma-oc-transformacoes-geometricas-simetrias-de-translacao-reflexao-e-rotacao,"Reconhecer e construir figuras obtidas por composições de transformações geométricas (translação, reflexão e rotação), com o uso de instrumentos de desenho ou de softwares de geometria dinâmica.",vigente,"aba Matemática, linha 218","Base-Nacional-Comum-Curricular-BNCC.pdf, página PDF 317"
EF08MA19,ef-comp-ma,8,unidade_tematica,ef-comp-ma-ut-grandezas-e-medidas,,,,ef-comp-ma-oc-area-de-figuras-planas | ef-comp-ma-oc-area-do-circulo-e-comprimento-de-sua-circunferencia,"Resolver e elaborar problemas que envolvam medidas de área de figuras geométricas, utilizando expressões de cálculo de área (quadriláteros, triângulos e círculos), em situações como determinar medida de terrenos.",vigente,"aba Matemática, linha 219","Base-Nacional-Comum-Curricular-BNCC.pdf, página PDF 317"
EF08MA20,ef-comp-ma,8,unidade_tematica,ef-comp-ma-ut-grandezas-e-medidas,,,,ef-comp-ma-oc-volume-de-bloco-retangular | ef-comp-ma-oc-medidas-de-capacidade,"Reconhecer a relação entre um litro e um decímetro cúbico e a relação entre litro e metro cúbico, para resolver problemas de cálculo de capacidade de recipientes.",vigente,"aba Matemática, linha 220","Base-Nacional-Comum-Curricular-BNCC.pdf, página PDF 317"
EF08MA21,ef-comp-ma,8,unidade_tematica,ef-comp-ma-ut-grandezas-e-medidas,,,,ef-comp-ma-oc-volume-de-bloco-retangular | ef-comp-ma-oc-medidas-de-capacidade,Resolver e elaborar problemas que envolvam o cálculo do volume de recipiente cujo formato é o de um bloco retangular.,vigente,"aba Matemática, linha 221","Base-Nacional-Comum-Curricular-BNCC.pdf, página PDF 317"
EF08MA22,ef-comp-ma,8,unidade_tematica,ef-comp-ma-ut-probabilidade-e-estatistica,,,,ef-comp-ma-oc-principio-multiplicativo-da-contagem | ef-comp-ma-oc-soma-das-probabilidades-de-todos-os-elementos-de-um-espaco-amostral,"Calcular a probabilidade de eventos, com base na construção do espaço amostral, utilizando o princípio multiplicativo, e reconhecer que a soma das probabilidades de todos os elementos do espaço amostral é igual a 1.",vigente,"aba Matemática, linha 222","Base-Nacional-Comum-Curricular-BNCC.pdf, página PDF 317"
EF08MA23,ef-comp-ma,8,unidade_tematica,ef-comp-ma-ut-probabilidade-e-estatistica,,,,ef-comp-ma-oc-graficos-de-barras-colunas-linhas-ou-setores-e-seus-elementos-constitutivos-e-adequacao-para-determinado-conjunto-de-dados,Avaliar a adequação de diferentes tipos de gráficos para representar um conjunto de dados de uma pesquisa.,vigente,"aba Matemática, linha 223","Base-Nacional-Comum-Curricular-BNCC.pdf, página PDF 317"
EF08MA24,ef-comp-ma,8,unidade_tematica,ef-comp-ma-ut-probabilidade-e-estatistica,,,,ef-comp-ma-oc-organizacao-dos-dados-de-uma-variavel-continua-em-classes,"Classificar as frequências de uma variável contínua de uma pesquisa em classes, de modo que resumam os dados de maneira adequada para a tomada de decisões.",vigente,"aba Matemática, linha 224","Base-Nacional-Comum-Curricular-BNCC.pdf, página PDF 317"
EF08MA25,ef-comp-ma,8,unidade_tematica,ef-comp-ma-ut-probabilidade-e-estatistica,,,,ef-comp-ma-oc-medidas-de-tendencia-central-e-de-dispersao,"Obter os valores de medidas de tendência central de uma pesquisa estatística (média, moda e mediana) com a compreensão de seus significados e relacioná-los com a dispersão de dados, indicada pela amplitude.",vigente,"aba Matemática, linha 225","Base-Nacional-Comum-Curricular-BNCC.pdf, página PDF 317"
EF08MA26,ef-comp-ma,8,unidade_tematica,ef-comp-ma-ut-probabilidade-e-estatistica,,,,ef-comp-ma-oc-pesquisas-censitaria-ou-amostral | ef-comp-ma-oc-planejamento-e-execucao-de-pesquisa-amostral,"Selecionar razões, de diferentes naturezas (física, ética ou econômica), que justificam a realização de pesquisas amostrais e não censitárias, e reconhecer que a seleção da amostra pode ser feita de diferentes maneiras (amostra casual simples, sistemática e estratificada).",vigente,"aba Matemática, linha 226","Base-Nacional-Comum-Curricular-BNCC.pdf, página PDF 317"
EF08MA27,ef-comp-ma,8,unidade_tematica,ef-comp-ma-ut-probabilidade-e-estatistica,,,,ef-comp-ma-oc-pesquisas-censitaria-ou-amostral | ef-comp-ma-oc-planejamento-e-execucao-de-pesquisa-amostral,"Planejar e executar pesquisa amostral, selecionando uma técnica de amostragem adequada, e escrever relatório que contenha os gráficos apropriados para representar os conjuntos de dados, destacando aspectos como as medidas de tendência central, a amplitude e as conclusões.",vigente,"aba Matemática, linha 227","Base-Nacional-Comum-Curricular-BNCC.pdf, página PDF 317"
EF09MA01,ef-comp-ma,9,unidade_tematica,ef-comp-ma-ut-numeros,,,,ef-comp-ma-oc-necessidade-dos-numeros-reais-para-medir-qualquer-segmento-de-reta | ef-comp-ma-oc-numeros-irracionais-reconhecimento-e-localizacao-de-alguns-na-reta-numerica,"Reconhecer que, uma vez fixada uma unidade de comprimento, existem segmentos de reta cujo comprimento não é expresso por número racional (como as medidas de diagonais de um polígono e alturas de um triângulo, quando se toma a medida de cada lado como unidade).",vigente,"aba Matemática, linha 228","Base-Nacional-Comum-Curricular-BNCC.pdf, página PDF 319"
EF09MA02,ef-comp-ma,9,unidade_tematica,ef-comp-ma-ut-numeros,,,,ef-comp-ma-oc-necessidade-dos-numeros-reais-para-medir-qualquer-segmento-de-reta | ef-comp-ma-oc-numeros-irracionais-reconhecimento-e-localizacao-de-alguns-na-reta-numerica,"Reconhecer um número irracional como um número real cuja representação decimal é infinita e não periódica, e estimar a localização de alguns deles na reta numérica.",vigente,"aba Matemática, linha 229","Base-Nacional-Comum-Curricular-BNCC.pdf, página PDF 319"
EF09MA03,ef-comp-ma,9,unidade_tematica,ef-comp-ma-ut-numeros,,,,ef-comp-ma-oc-potencias-com-expoentes-negativos-e-fracionarios,"Efetuar cálculos com números reais, inclusive potências com expoentes fracionários.",vigente,"aba Matemática, linha 230","Base-Nacional-Comum-Curricular-BNCC.pdf, página PDF 319"
EF09MA04,ef-comp-ma,9,unidade_tematica,ef-comp-ma-ut-numeros,,,,ef-comp-ma-oc-numeros-reais-notacao-cientifica-e-problemas,"Resolver e elaborar problemas com números reais, inclusive em notação científica, envolvendo diferentes operações.",vigente,"aba Matemática, linha 231","Base-Nacional-Comum-Curricular-BNCC.pdf, página PDF 319"
EF09MA05,ef-comp-ma,9,unidade_tematica,ef-comp-ma-ut-numeros,,,,ef-comp-ma-oc-porcentagens-problemas-que-envolvem-calculo-de-percentuais-sucessivos,"Resolver e elaborar problemas que envolvam porcentagens, com a ideia de aplicação de percentuais sucessivos e a determinação das taxas percentuais, preferencialmente com o uso de tecnologias digitais, no contexto da educação financeira.",vigente,"aba Matemática, linha 232","Base-Nacional-Comum-Curricular-BNCC.pdf, página PDF 319"
EF09MA06,ef-comp-ma,9,unidade_tematica,ef-comp-ma-ut-algebra,,,,ef-comp-ma-oc-funcoes-representacoes-numerica-algebrica-e-grafica,"Compreender as funções como relações de dependência unívoca entre duas variáveis e suas representações numérica, algébrica e gráfica e utilizar esse conceito para analisar situações que envolvam relações funcionais entre duas variáveis.",vigente,"aba Matemática, linha 233","Base-Nacional-Comum-Curricular-BNCC.pdf, página PDF 319"
EF09MA07,ef-comp-ma,9,unidade_tematica,ef-comp-ma-ut-algebra,,,,ef-comp-ma-oc-razao-entre-grandezas-de-especies-diferentes,"Resolver problemas que envolvam a razão entre duas grandezas de espécies diferentes, como velocidade e densidade demográfica.",vigente,"aba Matemática, linha 234","Base-Nacional-Comum-Curricular-BNCC.pdf, página PDF 319"
EF09MA08,ef-comp-ma,9,unidade_tematica,ef-comp-ma-ut-algebra,,,,ef-comp-ma-oc-grandezas-diretamente-proporcionais-e-grandezas-inversamente-proporcionais,"Resolver e elaborar problemas que envolvam relações de proporcionalidade direta e inversa entre duas ou mais grandezas, inclusive escalas, divisão em partes proporcionais e taxa de variação, em contextos socioculturais, ambientais e de outras áreas.",vigente,"aba Matemática, linha 235","Base-Nacional-Comum-Curricular-BNCC.pdf, página PDF 319"
EF09MA09,ef-comp-ma,9,unidade_tematica,ef-comp-ma-ut-algebra,,,,ef-comp-ma-oc-expressoes-algebricas-fatoracao-e-produtos-notaveis | ef-comp-ma-oc-resolucao-de-equacoes-polinomiais-do-2o-grau-por-meio-de-fatoracoes,"Compreender os processos de fatoração de expressões algébricas, com base em suas relações com os produtos notáveis, para resolver e elaborar problemas que possam ser representados por equações polinomiais do 2º grau.",vigente,"aba Matemática, linha 236","Base-Nacional-Comum-Curricular-BNCC.pdf, página PDF 319"
EF09MA10,ef-comp-ma,9,unidade_tematica,ef-comp-ma-ut-geometria,,,,ef-comp-ma-oc-demonstracoes-de-relacoes-entre-os-angulos-formados-por-retas-paralelas-intersectadas-por-uma-transversal,Demonstrar relações simples entre os ângulos formados por retas paralelas cortadas por uma transversal.,vigente,"aba Matemática, linha 237","Base-Nacional-Comum-Curricular-BNCC.pdf, página PDF 319"
EF09MA11,ef-comp-ma,9,unidade_tematica,ef-comp-ma-ut-geometria,,,,ef-comp-ma-oc-relacoes-entre-arcos-e-angulos-na-circunferencia-de-um-circulo,"Resolver problemas por meio do estabelecimento de relações entre arcos, ângulos centrais e ângulos inscritos na circunferência, fazendo uso, inclusive, de softwares de geometria dinâmica.",vigente,"aba Matemática, linha 238","Base-Nacional-Comum-Curricular-BNCC.pdf, página PDF 319"
EF09MA12,ef-comp-ma,9,unidade_tematica,ef-comp-ma-ut-geometria,,,,ef-comp-ma-oc-semelhanca-de-triangulos,Reconhecer as condições necessárias e suficientes para que dois triângulos sejam semelhantes.,vigente,"aba Matemática, linha 239","Base-Nacional-Comum-Curricular-BNCC.pdf, página PDF 319"
EF09MA13,ef-comp-ma,9,unidade_tematica,ef-comp-ma-ut-geometria,,,,ef-comp-ma-oc-relacoes-metricas-no-triangulo-retangulo | ef-comp-ma-oc-teorema-de-pitagoras-verificacoes-experimentais-e-demonstracao | ef-comp-ma-oc-retas-paralelas-cortadas-por-transversais-teoremas-de-proporcionalidade-e-verificacoes-experimentais,"Demonstrar relações métricas do triângulo retângulo, entre elas o teorema de Pitágoras, utilizando, inclusive, a semelhança de triângulos.",vigente,"aba Matemática, linha 240","Base-Nacional-Comum-Curricular-BNCC.pdf, página PDF 321"
EF09MA14,ef-comp-ma,9,unidade_tematica,ef-comp-ma-ut-geometria,,,,ef-comp-ma-oc-relacoes-metricas-no-triangulo-retangulo | ef-comp-ma-oc-teorema-de-pitagoras-verificacoes-experimentais-e-demonstracao | ef-comp-ma-oc-retas-paralelas-cortadas-por-transversais-teoremas-de-proporcionalidade-e-verificacoes-experimentais,Resolver e elaborar problemas de aplicação do teorema de Pitágoras ou das relações de proporcionalidade envolvendo retas paralelas cortadas por secantes.,vigente,"aba Matemática, linha 241","Base-Nacional-Comum-Curricular-BNCC.pdf, página PDF 321"
EF09MA15,ef-comp-ma,9,unidade_tematica,ef-comp-ma-ut-geometria,,,,ef-comp-ma-oc-poligonos-regulares,"Descrever, por escrito e por meio de um fluxograma, um algoritmo para a construção de um polígono regular cuja medida do lado é conhecida, utilizando régua e compasso, como também softwares.",vigente,"aba Matemática, linha 242","Base-Nacional-Comum-Curricular-BNCC.pdf, página PDF 321"
EF09MA16,ef-comp-ma,9,unidade_tematica,ef-comp-ma-ut-geometria,,,,ef-comp-ma-oc-distancia-entre-pontos-no-plano-cartesiano,"Determinar o ponto médio de um segmento de reta e a distância entre dois pontos quaisquer, dadas as coordenadas desses pontos no plano cartesiano, sem o uso de fórmulas, e utilizar esse conhecimento para calcular, por exemplo, medidas de perímetros e áreas de figuras planas construídas no plano.",vigente,"aba Matemática, linha 243","Base-Nacional-Comum-Curricular-BNCC.pdf, página PDF 321"
EF09MA17,ef-comp-ma,9,unidade_tematica,ef-comp-ma-ut-geometria,,,,ef-comp-ma-oc-vistas-ortogonais-de-figuras-espaciais,Reconhecer vistas ortogonais de figuras espaciais e aplicar esse conhecimento para desenhar objetos em perspectiva.,vigente,"aba Matemática, linha 244","Base-Nacional-Comum-Curricular-BNCC.pdf, página PDF 321"
EF09MA18,ef-comp-ma,9,unidade_tematica,ef-comp-ma-ut-grandezas-e-medidas,,,,ef-comp-ma-oc-unidades-de-medida-para-medir-distancias-muito-grandes-e-muito-pequenas | ef-comp-ma-oc-unidades-de-medida-utilizadas-na-informatica,"Reconhecer e empregar unidades usadas para expressar medidas muito grandes ou muito pequenas, tais como distância entre planetas e sistemas solares, tamanho de vírus ou de células, capacidade de armazenamento de computadores, entre outros.",vigente,"aba Matemática, linha 245","Base-Nacional-Comum-Curricular-BNCC.pdf, página PDF 321"
EF09MA19,ef-comp-ma,9,unidade_tematica,ef-comp-ma-ut-grandezas-e-medidas,,,,ef-comp-ma-oc-volume-de-prismas-e-cilindros,"Resolver e elaborar problemas que envolvam medidas de volumes de prismas e de cilindros retos, inclusive com uso de expressões de cálculo, em situações cotidianas.",vigente,"aba Matemática, linha 246","Base-Nacional-Comum-Curricular-BNCC.pdf, página PDF 321"
EF09MA20,ef-comp-ma,9,unidade_tematica,ef-comp-ma-ut-probabilidade-e-estatistica,,,,ef-comp-ma-oc-analise-de-probabilidade-de-eventos-aleatorios-eventos-dependentes-e-independentes,"Reconhecer, em experimentos aleatórios, eventos independentes e dependentes e calcular a probabilidade de sua ocorrência, nos dois casos.",vigente,"aba Matemática, linha 247","Base-Nacional-Comum-Curricular-BNCC.pdf, página PDF 321"
EF09MA21,ef-comp-ma,9,unidade_tematica,ef-comp-ma-ut-probabilidade-e-estatistica,,,,ef-comp-ma-oc-analise-de-graficos-divulgados-pela-midia-elementos-que-podem-induzir-a-erros-de-leitura-ou-de-interpretacao,"Analisar e identificar, em gráficos divulgados pela mídia, os elementos que podem induzir, às vezes propositadamente, erros de leitura, como escalas inapropriadas, legendas não explicitadas corretamente, omissão de informações importantes (fontes e datas), entre outros.",vigente,"aba Matemática, linha 248","Base-Nacional-Comum-Curricular-BNCC.pdf, página PDF 321"
EF09MA22,ef-comp-ma,9,unidade_tematica,ef-comp-ma-ut-probabilidade-e-estatistica,,,,ef-comp-ma-oc-leitura-interpretacao-e-representacao-de-dados-de-pesquisa-expressos-em-tabelas-de-dupla-entrada-graficos-de-colunas-simples-e-agrupadas-graficos-de-barras-e-de-setores-e-graficos-pictoricos,"Escolher e construir o gráfico mais adequado (colunas, setores, linhas), com ou sem uso de planilhas eletrônicas, para apresentar um determinado conjunto de dados, destacando aspectos como as medidas de tendência central.",vigente,"aba Matemática, linha 249","Base-Nacional-Comum-Curricular-BNCC.pdf, página PDF 321"
EF09MA23,ef-comp-ma,9,unidade_tematica,ef-comp-ma-ut-probabilidade-e-estatistica,,,,ef-comp-ma-oc-planejamento-e-execucao-de-pesquisa-amostral-e-apresentacao-de-relatorio,"Planejar e executar pesquisa amostral envolvendo tema da realidade social e comunicar os resultados por meio de relatório contendo avaliação de medidas de tendência central e da amplitude, tabelas e gráficos adequados, construídos com o apoio de planilhas eletrônicas.",vigente,"aba Matemática, linha 250","Base-Nacional-Comum-Curricular-BNCC.pdf, página PDF 321"
EF01CI01,ef-comp-ci,1,unidade_tematica,ef-comp-ci-ut-materia-e-energia,,,,ef-comp-ci-oc-caracteristicas-dos-materiais,"Comparar características de diferentes materiais presentes em objetos de uso cotidiano, discutindo sua origem, os modos como são descartados e como podem ser usados de forma mais consciente.",vigente,"aba Ciências, linha 4","Base-Nacional-Comum-Curricular-BNCC.pdf, página PDF 335"
EF01CI02,ef-comp-ci,1,unidade_tematica,ef-comp-ci-ut-vida-e-evolucao,,,,ef-comp-ci-oc-corpo-humano | ef-comp-ci-oc-respeito-a-diversidade,"Localizar, nomear e representar graficamente (por meio de desenhos) partes do corpo humano e explicar suas funções.",vigente,"aba Ciências, linha 5","Base-Nacional-Comum-Curricular-BNCC.pdf, página PDF 31"
EF01CI03,ef-comp-ci,1,unidade_tematica,ef-comp-ci-ut-vida-e-evolucao,,,,ef-comp-ci-oc-corpo-humano | ef-comp-ci-oc-respeito-a-diversidade,"Discutir as razões pelas quais os hábitos de higiene do corpo (lavar as mãos antes de comer, escovar os dentes, limpar os olhos, o nariz e as orelhas etc.) são necessários para a manutenção da saúde.",vigente,"aba Ciências, linha 6","Base-Nacional-Comum-Curricular-BNCC.pdf, página PDF 31"
EF01CI04,ef-comp-ci,1,unidade_tematica,ef-comp-ci-ut-vida-e-evolucao,,,,ef-comp-ci-oc-corpo-humano | ef-comp-ci-oc-respeito-a-diversidade,"Comparar características físicas entre os colegas, reconhecendo a diversidade e a importância da valorização, do acolhimento e do respeito às diferenças.",vigente,"aba Ciências, linha 7","Base-Nacional-Comum-Curricular-BNCC.pdf, página PDF 31"
EF01CI05,ef-comp-ci,1,unidade_tematica,ef-comp-ci-ut-terra-e-universo,,,,ef-comp-ci-oc-escalas-de-tempo,"Identificar e nomear diferentes escalas de tempo: os períodos diários (manhã, tarde, noite) e a sucessão de dias, semanas, meses e anos.",vigente,"aba Ciências, linha 8","Base-Nacional-Comum-Curricular-BNCC.pdf, página PDF 335"
EF01CI06,ef-comp-ci,1,unidade_tematica,ef-comp-ci-ut-terra-e-universo,,,,ef-comp-ci-oc-escalas-de-tempo,Selecionar exemplos de como a sucessão de dias e noites orienta o ritmo de atividades diárias de seres humanos e de outros seres vivos.,vigente,"aba Ciências, linha 9","Base-Nacional-Comum-Curricular-BNCC.pdf, página PDF 335"
EF02CI01,ef-comp-ci,2,unidade_tematica,ef-comp-ci-ut-materia-e-energia,,,,ef-comp-ci-oc-propriedades-e-usos-dos-materiais | ef-comp-ci-oc-prevencao-de-acidentes-domesticos,"Identificar de que materiais (metais, madeira, vidro etc.) são feitos os objetos que fazem parte da vida cotidiana, como esses objetos são utilizados e com quais materiais eram produzidos no passado.",vigente,"aba Ciências, linha 10","Base-Nacional-Comum-Curricular-BNCC.pdf, página PDF 337"
EF02CI02,ef-comp-ci,2,unidade_tematica,ef-comp-ci-ut-materia-e-energia,,,,ef-comp-ci-oc-propriedades-e-usos-dos-materiais | ef-comp-ci-oc-prevencao-de-acidentes-domesticos,"Propor o uso de diferentes materiais para a construção de objetos de uso cotidiano, tendo em vista algumas propriedades desses materiais (flexibilidade, dureza, transparência etc.).",vigente,"aba Ciências, linha 11","Base-Nacional-Comum-Curricular-BNCC.pdf, página PDF 337"
EF02CI03,ef-comp-ci,2,unidade_tematica,ef-comp-ci-ut-materia-e-energia,,,,ef-comp-ci-oc-propriedades-e-usos-dos-materiais | ef-comp-ci-oc-prevencao-de-acidentes-domesticos,"Discutir os cuidados necessários à prevenção de acidentes domésticos (objetos cortantes e inflamáveis, eletricidade, produtos de limpeza, medicamentos etc.).",vigente,"aba Ciências, linha 12","Base-Nacional-Comum-Curricular-BNCC.pdf, página PDF 337"
EF02CI04,ef-comp-ci,2,unidade_tematica,ef-comp-ci-ut-vida-e-evolucao,,,,ef-comp-ci-oc-seres-vivos-no-ambiente | ef-comp-ci-oc-plantas,"Descrever características de plantas e animais (tamanho, forma, cor, fase da vida, local onde se desenvolvem etc.) que fazem parte de seu cotidiano e relacioná-las ao ambiente em que eles vivem.",vigente,"aba Ciências, linha 13","Base-Nacional-Comum-Curricular-BNCC.pdf, página PDF 337"
EF02CI05,ef-comp-ci,2,unidade_tematica,ef-comp-ci-ut-vida-e-evolucao,,,,ef-comp-ci-oc-seres-vivos-no-ambiente | ef-comp-ci-oc-plantas,Investigar a importância da água e da luz para a manutenção da vida de plantas em geral.,vigente,"aba Ciências, linha 14","Base-Nacional-Comum-Curricular-BNCC.pdf, página PDF 337"
EF02CI06,ef-comp-ci,2,unidade_tematica,ef-comp-ci-ut-vida-e-evolucao,,,,ef-comp-ci-oc-seres-vivos-no-ambiente | ef-comp-ci-oc-plantas,"Identificar as principais partes de uma planta (raiz, caule, folhas, flores e frutos) e a função desempenhada por cada uma delas, e analisar as relações entre as plantas, o ambiente e os demais seres vivos.",vigente,"aba Ciências, linha 15","Base-Nacional-Comum-Curricular-BNCC.pdf, página PDF 337"
EF02CI07,ef-comp-ci,2,unidade_tematica,ef-comp-ci-ut-terra-e-universo,,,,ef-comp-ci-oc-movimento-aparente-do-sol-no-ceu | ef-comp-ci-oc-o-sol-como-fonte-de-luz-e-calor,Descrever as posições do Sol em diversos horários do dia e associá-las ao tamanho da sombra projetada.,vigente,"aba Ciências, linha 16","Base-Nacional-Comum-Curricular-BNCC.pdf, página PDF 337"
EF02CI08,ef-comp-ci,2,unidade_tematica,ef-comp-ci-ut-terra-e-universo,,,,ef-comp-ci-oc-movimento-aparente-do-sol-no-ceu | ef-comp-ci-oc-o-sol-como-fonte-de-luz-e-calor,"Comparar o efeito da radiação solar (aquecimento e reflexão) em diferentes tipos de superfície (água, areia, solo, superfícies escura, clara e metálica etc.).",vigente,"aba Ciências, linha 17","Base-Nacional-Comum-Curricular-BNCC.pdf, página PDF 337"
EF03CI01,ef-comp-ci,3,unidade_tematica,ef-comp-ci-ut-materia-e-energia,,,,ef-comp-ci-oc-producao-de-som | ef-comp-ci-oc-efeitos-da-luz-nos-materiais | ef-comp-ci-oc-saude-auditiva-e-visual,Produzir diferentes sons a partir da vibração de variados objetos e identificar variáveis que influem nesse fenômeno.,vigente,"aba Ciências, linha 18","Base-Nacional-Comum-Curricular-BNCC.pdf, página PDF 339"
EF03CI02,ef-comp-ci,3,unidade_tematica,ef-comp-ci-ut-materia-e-energia,,,,ef-comp-ci-oc-producao-de-som | ef-comp-ci-oc-efeitos-da-luz-nos-materiais | ef-comp-ci-oc-saude-auditiva-e-visual,"Experimentar e relatar o que ocorre com a passagem da luz através de objetos transparentes (copos, janelas de vidro, lentes, prismas, água etc.), no contato com superfícies polidas (espelhos) e na intersecção com objetos opacos (paredes, pratos, pessoas e outros objetos de uso cotidiano).",vigente,"aba Ciências, linha 19","Base-Nacional-Comum-Curricular-BNCC.pdf, página PDF 339"
EF03CI03,ef-comp-ci,3,unidade_tematica,ef-comp-ci-ut-materia-e-energia,,,,ef-comp-ci-oc-producao-de-som | ef-comp-ci-oc-efeitos-da-luz-nos-materiais | ef-comp-ci-oc-saude-auditiva-e-visual,Discutir hábitos necessários para a manutenção da saúde auditiva e visual considerando as condições do ambiente em termos de som e luz.,vigente,"aba Ciências, linha 20","Base-Nacional-Comum-Curricular-BNCC.pdf, página PDF 339"
EF03CI04,ef-comp-ci,3,unidade_tematica,ef-comp-ci-ut-vida-e-evolucao,,,,ef-comp-ci-oc-caracteristicas-e-desenvolvimento-dos-animais,"Identificar características sobre o modo de vida (o que comem, como se reproduzem, como se deslocam etc.) dos animais mais comuns no ambiente próximo.",vigente,"aba Ciências, linha 21","Base-Nacional-Comum-Curricular-BNCC.pdf, página PDF 339"
EF03CI05,ef-comp-ci,3,unidade_tematica,ef-comp-ci-ut-vida-e-evolucao,,,,ef-comp-ci-oc-caracteristicas-e-desenvolvimento-dos-animais,"Descrever e comunicar as alterações que ocorrem desde o nascimento em animais de diferentes meios terrestres ou aquáticos, inclusive o homem.",vigente,"aba Ciências, linha 22","Base-Nacional-Comum-Curricular-BNCC.pdf, página PDF 339"
EF03CI06,ef-comp-ci,3,unidade_tematica,ef-comp-ci-ut-vida-e-evolucao,,,,ef-comp-ci-oc-caracteristicas-e-desenvolvimento-dos-animais,"Comparar alguns animais e organizar grupos com base em características externas comuns (presença de penas, pelos, escamas, bico, garras, antenas, patas etc.).",vigente,"aba Ciências, linha 23","Base-Nacional-Comum-Curricular-BNCC.pdf, página PDF 339"
EF03CI07,ef-comp-ci,3,unidade_tematica,ef-comp-ci-ut-terra-e-universo,,,,ef-comp-ci-oc-caracteristicas-da-terra | ef-comp-ci-oc-observacao-do-ceu | ef-comp-ci-oc-usos-do-solo,"Identificar características da Terra (como seu formato esférico, a presença de água, solo etc.), com base na observação, manipulação e comparação de diferentes formas de representação do planeta (mapas, globos, fotografias etc.).",vigente,"aba Ciências, linha 24","Base-Nacional-Comum-Curricular-BNCC.pdf, página PDF 339"
EF03CI08,ef-comp-ci,3,unidade_tematica,ef-comp-ci-ut-terra-e-universo,,,,ef-comp-ci-oc-caracteristicas-da-terra | ef-comp-ci-oc-observacao-do-ceu | ef-comp-ci-oc-usos-do-solo,"Observar, identificar e registrar os períodos diários (dia e/ou noite) em que o Sol, demais estrelas, Lua e planetas estão visíveis no céu.",vigente,"aba Ciências, linha 25","Base-Nacional-Comum-Curricular-BNCC.pdf, página PDF 339"
EF03CI09,ef-comp-ci,3,unidade_tematica,ef-comp-ci-ut-terra-e-universo,,,,ef-comp-ci-oc-caracteristicas-da-terra | ef-comp-ci-oc-observacao-do-ceu | ef-comp-ci-oc-usos-do-solo,"Comparar diferentes amostras de solo do entorno da escola com base em características como cor, textura, cheiro, tamanho das partículas, permeabilidade etc.",vigente,"aba Ciências, linha 26","Base-Nacional-Comum-Curricular-BNCC.pdf, página PDF 339"
EF03CI10,ef-comp-ci,3,unidade_tematica,ef-comp-ci-ut-terra-e-universo,,,,ef-comp-ci-oc-caracteristicas-da-terra | ef-comp-ci-oc-observacao-do-ceu | ef-comp-ci-oc-usos-do-solo,"Identificar os diferentes usos do solo (plantação e extração de materiais, dentre outras possibilidades), reconhecendo a importância do solo para a agricultura e para a vida.",vigente,"aba Ciências, linha 27","Base-Nacional-Comum-Curricular-BNCC.pdf, página PDF 339"
EF04CI01,ef-comp-ci,4,unidade_tematica,ef-comp-ci-ut-materia-e-energia,,,,ef-comp-ci-oc-misturas | ef-comp-ci-oc-transformacoes-reversiveis-e-nao-reversiveis,"Identificar misturas na vida diária, com base em suas propriedades físicas observáveis, reconhecendo sua composição.",vigente,"aba Ciências, linha 28","Base-Nacional-Comum-Curricular-BNCC.pdf, página PDF 341"
EF04CI02,ef-comp-ci,4,unidade_tematica,ef-comp-ci-ut-materia-e-energia,,,,ef-comp-ci-oc-misturas | ef-comp-ci-oc-transformacoes-reversiveis-e-nao-reversiveis,"Testar e relatar transformações nos materiais do dia a dia quando expostos a diferentes condições (aquecimento, resfriamento, luz e umidade).",vigente,"aba Ciências, linha 29","Base-Nacional-Comum-Curricular-BNCC.pdf, página PDF 341"
EF04CI03,ef-comp-ci,4,unidade_tematica,ef-comp-ci-ut-materia-e-energia,,,,ef-comp-ci-oc-misturas | ef-comp-ci-oc-transformacoes-reversiveis-e-nao-reversiveis,"Concluir que algumas mudanças causadas por aquecimento ou resfriamento são reversíveis (como as mudanças de estado físico da água) e outras não (como o cozimento do ovo, a queima do papel etc.).",vigente,"aba Ciências, linha 30","Base-Nacional-Comum-Curricular-BNCC.pdf, página PDF 341"
EF04CI04,ef-comp-ci,4,unidade_tematica,ef-comp-ci-ut-vida-e-evolucao,,,,ef-comp-ci-oc-cadeias-alimentares-simples | ef-comp-ci-oc-microrganismos,"Analisar e construir cadeias alimentares simples, reconhecendo a posição ocupada pelos seres vivos nessas cadeias e o papel do Sol como fonte primária de energia na produção de alimentos.",vigente,"aba Ciências, linha 31","Base-Nacional-Comum-Curricular-BNCC.pdf, página PDF 341"
EF04CI05,ef-comp-ci,4,unidade_tematica,ef-comp-ci-ut-vida-e-evolucao,,,,ef-comp-ci-oc-cadeias-alimentares-simples | ef-comp-ci-oc-microrganismos,Descrever e destacar semelhanças e diferenças entre o ciclo da matéria e o fluxo de energia entre os componentes vivos e não vivos de um ecossistema.,vigente,"aba Ciências, linha 32","Base-Nacional-Comum-Curricular-BNCC.pdf, página PDF 341"
EF04CI06,ef-comp-ci,4,unidade_tematica,ef-comp-ci-ut-vida-e-evolucao,,,,ef-comp-ci-oc-cadeias-alimentares-simples | ef-comp-ci-oc-microrganismos,"Relacionar a participação de fungos e bactérias no processo de decomposição, reconhecendo a importância ambiental desse processo.",vigente,"aba Ciências, linha 33","Base-Nacional-Comum-Curricular-BNCC.pdf, página PDF 341"
EF04CI07,ef-comp-ci,4,unidade_tematica,ef-comp-ci-ut-vida-e-evolucao,,,,ef-comp-ci-oc-cadeias-alimentares-simples | ef-comp-ci-oc-microrganismos,"Verificar a participação de microrganismos na produção de alimentos, combustíveis, medicamentos, entre outros.",vigente,"aba Ciências, linha 34","Base-Nacional-Comum-Curricular-BNCC.pdf, página PDF 341"
EF04CI08,ef-comp-ci,4,unidade_tematica,ef-comp-ci-ut-vida-e-evolucao,,,,ef-comp-ci-oc-cadeias-alimentares-simples | ef-comp-ci-oc-microrganismos,"Propor, a partir do conhecimento das formas de transmissão de alguns microrganismos (vírus, bactérias e protozoários), atitudes e medidas adequadas para prevenção de doenças a eles associadas.",vigente,"aba Ciências, linha 35","Base-Nacional-Comum-Curricular-BNCC.pdf, página PDF 341"
EF04CI09,ef-comp-ci,4,unidade_tematica,ef-comp-ci-ut-terra-e-universo,,,,ef-comp-ci-oc-pontos-cardeais | ef-comp-ci-oc-calendarios-fenomenos-ciclicos-e-cultura,"Identificar os pontos cardeais, com base no registro de diferentes posições relativas do Sol e da sombra de uma vara (gnômon).",vigente,"aba Ciências, linha 36","Base-Nacional-Comum-Curricular-BNCC.pdf, página PDF 341"
EF04CI10,ef-comp-ci,4,unidade_tematica,ef-comp-ci-ut-terra-e-universo,,,,ef-comp-ci-oc-pontos-cardeais | ef-comp-ci-oc-calendarios-fenomenos-ciclicos-e-cultura,Comparar as indicações dos pontos cardeais resultantes da observação das sombras de uma vara (gnômon) com aquelas obtidas por meio de uma bússola.,vigente,"aba Ciências, linha 37","Base-Nacional-Comum-Curricular-BNCC.pdf, página PDF 341"
EF04CI11,ef-comp-ci,4,unidade_tematica,ef-comp-ci-ut-terra-e-universo,,,,ef-comp-ci-oc-pontos-cardeais | ef-comp-ci-oc-calendarios-fenomenos-ciclicos-e-cultura,Associar os movimentos cíclicos da Lua e da Terra a períodos de tempo regulares e ao uso desse conhecimento para a construção de calendários em diferentes culturas.,vigente,"aba Ciências, linha 38","Base-Nacional-Comum-Curricular-BNCC.pdf, página PDF 341"
EF05CI01,ef-comp-ci,5,unidade_tematica,ef-comp-ci-ut-materia-e-energia,,,,ef-comp-ci-oc-propriedades-fisicas-dos-materiais | ef-comp-ci-oc-ciclo-hidrologico | ef-comp-ci-oc-consumo-consciente | ef-comp-ci-oc-reciclagem,"Explorar fenômenos da vida cotidiana que evidenciem propriedades físicas dos materiais – como densidade, condutibilidade térmica e elétrica, respostas a forças magnéticas, solubilidade, respostas a forças mecânicas (dureza, elasticidade etc.), entre outras.",vigente,"aba Ciências, linha 39","Base-Nacional-Comum-Curricular-BNCC.pdf, página PDF 343"
EF05CI02,ef-comp-ci,5,unidade_tematica,ef-comp-ci-ut-materia-e-energia,,,,ef-comp-ci-oc-propriedades-fisicas-dos-materiais | ef-comp-ci-oc-ciclo-hidrologico | ef-comp-ci-oc-consumo-consciente | ef-comp-ci-oc-reciclagem,"Aplicar os conhecimentos sobre as mudanças de estado físico da água para explicar o ciclo hidrológico e analisar suas implicações na agricultura, no clima, na geração de energia elétrica, no provimento de água potável e no equilíbrio dos ecossistemas regionais (ou locais).",vigente,"aba Ciências, linha 40","Base-Nacional-Comum-Curricular-BNCC.pdf, página PDF 343"
EF05CI03,ef-comp-ci,5,unidade_tematica,ef-comp-ci-ut-materia-e-energia,,,,ef-comp-ci-oc-propriedades-fisicas-dos-materiais | ef-comp-ci-oc-ciclo-hidrologico | ef-comp-ci-oc-consumo-consciente | ef-comp-ci-oc-reciclagem,"Selecionar argumentos que justifiquem a importância da cobertura vegetal para a manutenção do ciclo da água, a conservação dos solos, dos cursos de água e da qualidade do ar atmosférico.",vigente,"aba Ciências, linha 41","Base-Nacional-Comum-Curricular-BNCC.pdf, página PDF 343"
EF05CI04,ef-comp-ci,5,unidade_tematica,ef-comp-ci-ut-materia-e-energia,,,,ef-comp-ci-oc-propriedades-fisicas-dos-materiais | ef-comp-ci-oc-ciclo-hidrologico | ef-comp-ci-oc-consumo-consciente | ef-comp-ci-oc-reciclagem,Identificar os principais usos da água e de outros materiais nas atividades cotidianas para discutir e propor formas sustentáveis de utilização desses recursos.,vigente,"aba Ciências, linha 42","Base-Nacional-Comum-Curricular-BNCC.pdf, página PDF 343"
EF05CI05,ef-comp-ci,5,unidade_tematica,ef-comp-ci-ut-materia-e-energia,,,,ef-comp-ci-oc-propriedades-fisicas-dos-materiais | ef-comp-ci-oc-ciclo-hidrologico | ef-comp-ci-oc-consumo-consciente | ef-comp-ci-oc-reciclagem,Construir propostas coletivas para um consumo mais consciente e criar soluções tecnológicas para o descarte adequado e a reutilização ou reciclagem de materiais consumidos na escola e/ou na vida cotidiana.,vigente,"aba Ciências, linha 43","Base-Nacional-Comum-Curricular-BNCC.pdf, página PDF 343"
EF05CI06,ef-comp-ci,5,unidade_tematica,ef-comp-ci-ut-vida-e-evolucao,,,,ef-comp-ci-oc-nutricao-do-organismo | ef-comp-ci-oc-habitos-alimentares | ef-comp-ci-oc-integracao-entre-os-sistemas-digestorio-respiratorio-e-circulatorio,"Selecionar argumentos que justifiquem por que os sistemas digestório e respiratório são considerados corresponsáveis pelo processo de nutrição do organismo, com base na identificação das funções desses sistemas.",vigente,"aba Ciências, linha 44","Base-Nacional-Comum-Curricular-BNCC.pdf, página PDF 343"
EF05CI07,ef-comp-ci,5,unidade_tematica,ef-comp-ci-ut-vida-e-evolucao,,,,ef-comp-ci-oc-nutricao-do-organismo | ef-comp-ci-oc-habitos-alimentares | ef-comp-ci-oc-integracao-entre-os-sistemas-digestorio-respiratorio-e-circulatorio,"Justificar a relação entre o funcionamento do sistema circulatório, a distribuição dos nutrientes pelo organismo e a eliminação dos resíduos produzidos.",vigente,"aba Ciências, linha 45","Base-Nacional-Comum-Curricular-BNCC.pdf, página PDF 343"
EF05CI08,ef-comp-ci,5,unidade_tematica,ef-comp-ci-ut-vida-e-evolucao,,,,ef-comp-ci-oc-nutricao-do-organismo | ef-comp-ci-oc-habitos-alimentares | ef-comp-ci-oc-integracao-entre-os-sistemas-digestorio-respiratorio-e-circulatorio,"Organizar um cardápio equilibrado com base nas características dos grupos alimentares (nutrientes e calorias) e nas necessidades individuais (atividades realizadas, idade, sexo etc.) para a manutenção da saúde do organismo.",vigente,"aba Ciências, linha 46","Base-Nacional-Comum-Curricular-BNCC.pdf, página PDF 343"
EF05CI09,ef-comp-ci,5,unidade_tematica,ef-comp-ci-ut-vida-e-evolucao,,,,ef-comp-ci-oc-nutricao-do-organismo | ef-comp-ci-oc-habitos-alimentares | ef-comp-ci-oc-integracao-entre-os-sistemas-digestorio-respiratorio-e-circulatorio,"Discutir a ocorrência de distúrbios nutricionais (como obesidade, subnutrição etc.) entre crianças e jovens a partir da análise de seus hábitos (tipos e quantidade de alimento ingerido, prática de atividade física etc.).",vigente,"aba Ciências, linha 47","Base-Nacional-Comum-Curricular-BNCC.pdf, página PDF 343"
EF05CI10,ef-comp-ci,5,unidade_tematica,ef-comp-ci-ut-terra-e-universo,,,,ef-comp-ci-oc-constelacoes-e-mapas-celestes | ef-comp-ci-oc-movimento-de-rotacao-da-terra | ef-comp-ci-oc-periodicidade-das-fases-da-lua | ef-comp-ci-oc-instrumentos-oticos,"Identificar algumas constelações no céu, com o apoio de recursos (como mapas celestes e aplicativos digitais, entre outros), e os períodos do ano em que elas são visíveis no início da noite.",vigente,"aba Ciências, linha 48","Base-Nacional-Comum-Curricular-BNCC.pdf, página PDF 343"
EF05CI11,ef-comp-ci,5,unidade_tematica,ef-comp-ci-ut-terra-e-universo,,,,ef-comp-ci-oc-constelacoes-e-mapas-celestes | ef-comp-ci-oc-movimento-de-rotacao-da-terra | ef-comp-ci-oc-periodicidade-das-fases-da-lua | ef-comp-ci-oc-instrumentos-oticos,Associar o movimento diário do Sol e das demais estrelas no céu ao movimento de rotação da Terra.,vigente,"aba Ciências, linha 49","Base-Nacional-Comum-Curricular-BNCC.pdf, página PDF 343"
EF05CI12,ef-comp-ci,5,unidade_tematica,ef-comp-ci-ut-terra-e-universo,,,,ef-comp-ci-oc-constelacoes-e-mapas-celestes | ef-comp-ci-oc-movimento-de-rotacao-da-terra | ef-comp-ci-oc-periodicidade-das-fases-da-lua | ef-comp-ci-oc-instrumentos-oticos,"Concluir sobre a periodicidade das fases da Lua, com base na observação e no registro das formas aparentes da Lua no céu ao longo de, pelo menos, dois meses.",vigente,"aba Ciências, linha 50","Base-Nacional-Comum-Curricular-BNCC.pdf, página PDF 343"
EF05CI13,ef-comp-ci,5,unidade_tematica,ef-comp-ci-ut-terra-e-universo,,,,ef-comp-ci-oc-constelacoes-e-mapas-celestes | ef-comp-ci-oc-movimento-de-rotacao-da-terra | ef-comp-ci-oc-periodicidade-das-fases-da-lua | ef-comp-ci-oc-instrumentos-oticos,"Projetar e construir dispositivos para observação à distância (luneta, periscópio etc.), para observação ampliada de objetos (lupas, microscópios) ou para registro de imagens (máquinas fotográficas) e discutir usos sociais desses dispositivos.",vigente,"aba Ciências, linha 51","Base-Nacional-Comum-Curricular-BNCC.pdf, página PDF 343"
EF06CI01,ef-comp-ci,6,unidade_tematica,ef-comp-ci-ut-materia-e-energia,,,,ef-comp-ci-oc-misturas-homogeneas-e-heterogeneas | ef-comp-ci-oc-separacao-de-materiais | ef-comp-ci-oc-materiais-sinteticos | ef-comp-ci-oc-transformacoes-quimicas,"Classificar como homogênea ou heterogênea a mistura de dois ou mais materiais (água e sal, água e óleo, água e areia etc.).",vigente,"aba Ciências, linha 52","Base-Nacional-Comum-Curricular-BNCC.pdf, página PDF 347"
EF06CI02,ef-comp-ci,6,unidade_tematica,ef-comp-ci-ut-materia-e-energia,,,,ef-comp-ci-oc-misturas-homogeneas-e-heterogeneas | ef-comp-ci-oc-separacao-de-materiais | ef-comp-ci-oc-materiais-sinteticos | ef-comp-ci-oc-transformacoes-quimicas,"Identificar evidências de transformações químicas a partir do resultado de misturas de materiais que originam produtos diferentes dos que foram misturados (mistura de ingredientes para fazer um bolo, mistura de vinagre com bicarbonato de sódio etc.).",vigente,"aba Ciências, linha 53","Base-Nacional-Comum-Curricular-BNCC.pdf, página PDF 347"
EF06CI03,ef-comp-ci,6,unidade_tematica,ef-comp-ci-ut-materia-e-energia,,,,ef-comp-ci-oc-misturas-homogeneas-e-heterogeneas | ef-comp-ci-oc-separacao-de-materiais | ef-comp-ci-oc-materiais-sinteticos | ef-comp-ci-oc-transformacoes-quimicas,"Selecionar métodos mais adequados para a separação de diferentes sistemas heterogêneos a partir da identificação de processos de separação de materiais (como a produção de sal de cozinha, a destilação de petróleo, entre outros).",vigente,"aba Ciências, linha 54","Base-Nacional-Comum-Curricular-BNCC.pdf, página PDF 347"
EF06CI04,ef-comp-ci,6,unidade_tematica,ef-comp-ci-ut-materia-e-energia,,,,ef-comp-ci-oc-misturas-homogeneas-e-heterogeneas | ef-comp-ci-oc-separacao-de-materiais | ef-comp-ci-oc-materiais-sinteticos | ef-comp-ci-oc-transformacoes-quimicas,"Associar a produção de medicamentos e outros materiais sintéticos ao desenvolvimento científico e tecnológico, reconhecendo benefícios e avaliando impactos socioambientais.",vigente,"aba Ciências, linha 55","Base-Nacional-Comum-Curricular-BNCC.pdf, página PDF 347"
EF06CI05,ef-comp-ci,6,unidade_tematica,ef-comp-ci-ut-vida-e-evolucao,,,,ef-comp-ci-oc-celula-como-unidade-da-vida | ef-comp-ci-oc-interacao-entre-os-sistemas-locomotor-e-nervoso | ef-comp-ci-oc-lentes-corretivas,Explicar a organização básica das células e seu papel como unidade estrutural e funcional dos seres vivos.,vigente,"aba Ciências, linha 56","Base-Nacional-Comum-Curricular-BNCC.pdf, página PDF 347"
EF06CI06,ef-comp-ci,6,unidade_tematica,ef-comp-ci-ut-vida-e-evolucao,,,,ef-comp-ci-oc-celula-como-unidade-da-vida | ef-comp-ci-oc-interacao-entre-os-sistemas-locomotor-e-nervoso | ef-comp-ci-oc-lentes-corretivas,"Concluir, com base na análise de ilustrações e/ou modelos (físicos ou digitais), que os organismos são um complexo arranjo de sistemas com diferentes níveis de organização.",vigente,"aba Ciências, linha 57","Base-Nacional-Comum-Curricular-BNCC.pdf, página PDF 347"
EF06CI07,ef-comp-ci,6,unidade_tematica,ef-comp-ci-ut-vida-e-evolucao,,,,ef-comp-ci-oc-celula-como-unidade-da-vida | ef-comp-ci-oc-interacao-entre-os-sistemas-locomotor-e-nervoso | ef-comp-ci-oc-lentes-corretivas,"Justificar o papel do sistema nervoso na coordenação das ações motoras e sensoriais do corpo, com base na análise de suas estruturas básicas e respectivas funções.",vigente,"aba Ciências, linha 58","Base-Nacional-Comum-Curricular-BNCC.pdf, página PDF 347"
EF06CI08,ef-comp-ci,6,unidade_tematica,ef-comp-ci-ut-vida-e-evolucao,,,,ef-comp-ci-oc-celula-como-unidade-da-vida | ef-comp-ci-oc-interacao-entre-os-sistemas-locomotor-e-nervoso | ef-comp-ci-oc-lentes-corretivas,"Explicar a importância da visão (captação e interpretação das imagens) na interação do organismo com o meio e, com base no funcionamento do olho humano, selecionar lentes adequadas para a correção de diferentes defeitos da visão.",vigente,"aba Ciências, linha 59","Base-Nacional-Comum-Curricular-BNCC.pdf, página PDF 347"
EF06CI09,ef-comp-ci,6,unidade_tematica,ef-comp-ci-ut-vida-e-evolucao,,,,ef-comp-ci-oc-celula-como-unidade-da-vida | ef-comp-ci-oc-interacao-entre-os-sistemas-locomotor-e-nervoso | ef-comp-ci-oc-lentes-corretivas,"Deduzir que a estrutura, a sustentação e a movimentação dos animais resultam da interação entre os sistemas muscular, ósseo e nervoso.",vigente,"aba Ciências, linha 60","Base-Nacional-Comum-Curricular-BNCC.pdf, página PDF 347"
EF06CI10,ef-comp-ci,6,unidade_tematica,ef-comp-ci-ut-vida-e-evolucao,,,,ef-comp-ci-oc-celula-como-unidade-da-vida | ef-comp-ci-oc-interacao-entre-os-sistemas-locomotor-e-nervoso | ef-comp-ci-oc-lentes-corretivas,Explicar como o funcionamento do sistema nervoso pode ser afetado por substâncias psicoativas.,vigente,"aba Ciências, linha 61","Base-Nacional-Comum-Curricular-BNCC.pdf, página PDF 347"
EF06CI11,ef-comp-ci,6,unidade_tematica,ef-comp-ci-ut-terra-e-universo,,,,ef-comp-ci-oc-forma-estrutura-e-movimentos-da-terra,Identificar as diferentes camadas que estruturam o planeta Terra (da estrutura interna à atmosfera) e suas principais características.,vigente,"aba Ciências, linha 62","Base-Nacional-Comum-Curricular-BNCC.pdf, página PDF 347"
EF06CI12,ef-comp-ci,6,unidade_tematica,ef-comp-ci-ut-terra-e-universo,,,,ef-comp-ci-oc-forma-estrutura-e-movimentos-da-terra,"Identificar diferentes tipos de rocha, relacionando a formação de fósseis a rochas sedimentares em diferentes períodos geológicos.",vigente,"aba Ciências, linha 63","Base-Nacional-Comum-Curricular-BNCC.pdf, página PDF 347"
EF06CI13,ef-comp-ci,6,unidade_tematica,ef-comp-ci-ut-terra-e-universo,,,,ef-comp-ci-oc-forma-estrutura-e-movimentos-da-terra,Selecionar argumentos e evidências que demonstrem a esfericidade da Terra.,vigente,"aba Ciências, linha 64","Base-Nacional-Comum-Curricular-BNCC.pdf, página PDF 347"
EF06CI14,ef-comp-ci,6,unidade_tematica,ef-comp-ci-ut-terra-e-universo,,,,ef-comp-ci-oc-forma-estrutura-e-movimentos-da-terra,"Inferir que as mudanças na sombra de uma vara (gnômon) ao longo do dia em diferentes períodos do ano são uma evidência dos movimentos relativos entre a Terra e o Sol, que podem ser explicados por meio dos movimentos de rotação e translação da Terra e da inclinação de seu eixo de rotação em relação ao plano de sua órbita em torno do Sol.",vigente,"aba Ciências, linha 65","Base-Nacional-Comum-Curricular-BNCC.pdf, página PDF 347"
EF07CI01,ef-comp-ci,7,unidade_tematica,ef-comp-ci-ut-materia-e-energia,,,,ef-comp-ci-oc-maquinas-simples | ef-comp-ci-oc-formas-de-propagacao-do-calor | ef-comp-ci-oc-equilibrio-termodinamico-e-vida-na-terra | ef-comp-ci-oc-historia-dos-combustiveis-e-das-maquinas-termicas,"Discutir a aplicação, ao longo da história, das máquinas simples e propor soluções e invenções para a realização de tarefas mecânicas cotidianas.",vigente,"aba Ciências, linha 66","Base-Nacional-Comum-Curricular-BNCC.pdf, página PDF 349"
EF07CI02,ef-comp-ci,7,unidade_tematica,ef-comp-ci-ut-materia-e-energia,,,,ef-comp-ci-oc-maquinas-simples | ef-comp-ci-oc-formas-de-propagacao-do-calor | ef-comp-ci-oc-equilibrio-termodinamico-e-vida-na-terra | ef-comp-ci-oc-historia-dos-combustiveis-e-das-maquinas-termicas,"Diferenciar temperatura, calor e sensação térmica nas diferentes situações de equilíbrio termodinâmico cotidianas.",vigente,"aba Ciências, linha 67","Base-Nacional-Comum-Curricular-BNCC.pdf, página PDF 349"
EF07CI03,ef-comp-ci,7,unidade_tematica,ef-comp-ci-ut-materia-e-energia,,,,ef-comp-ci-oc-maquinas-simples | ef-comp-ci-oc-formas-de-propagacao-do-calor | ef-comp-ci-oc-equilibrio-termodinamico-e-vida-na-terra | ef-comp-ci-oc-historia-dos-combustiveis-e-das-maquinas-termicas,"Utilizar o conhecimento das formas de propagação do calor para justificar a utilização de determinados materiais (condutores e isolantes) na vida cotidiana, explicar o princípio de funcionamento de alguns equipamentos (garrafa térmica, coletor solar etc.) e/ou construir soluções tecnológicas a partir desse conhecimento.",vigente,"aba Ciências, linha 68","Base-Nacional-Comum-Curricular-BNCC.pdf, página PDF 349"
EF07CI04,ef-comp-ci,7,unidade_tematica,ef-comp-ci-ut-materia-e-energia,,,,ef-comp-ci-oc-maquinas-simples | ef-comp-ci-oc-formas-de-propagacao-do-calor | ef-comp-ci-oc-equilibrio-termodinamico-e-vida-na-terra | ef-comp-ci-oc-historia-dos-combustiveis-e-das-maquinas-termicas,"Avaliar o papel do equilíbrio termodinâmico para a manutenção da vida na Terra, para o funcionamento de máquinas térmicas e em outras situações cotidianas.",vigente,"aba Ciências, linha 69","Base-Nacional-Comum-Curricular-BNCC.pdf, página PDF 349"
EF07CI05,ef-comp-ci,7,unidade_tematica,ef-comp-ci-ut-materia-e-energia,,,,ef-comp-ci-oc-maquinas-simples | ef-comp-ci-oc-formas-de-propagacao-do-calor | ef-comp-ci-oc-equilibrio-termodinamico-e-vida-na-terra | ef-comp-ci-oc-historia-dos-combustiveis-e-das-maquinas-termicas,"Discutir o uso de diferentes tipos de combustível e máquinas térmicas ao longo do tempo, para avaliar avanços, questões econômicas e problemas socioambientais causados pela produção e uso desses materiais e máquinas.",vigente,"aba Ciências, linha 70","Base-Nacional-Comum-Curricular-BNCC.pdf, página PDF 349"
EF07CI06,ef-comp-ci,7,unidade_tematica,ef-comp-ci-ut-materia-e-energia,,,,ef-comp-ci-oc-maquinas-simples | ef-comp-ci-oc-formas-de-propagacao-do-calor | ef-comp-ci-oc-equilibrio-termodinamico-e-vida-na-terra | ef-comp-ci-oc-historia-dos-combustiveis-e-das-maquinas-termicas,"Discutir e avaliar mudanças econômicas, culturais e sociais, tanto na vida cotidiana quanto no mundo do trabalho, decorrentes do desenvolvimento de novos materiais e tecnologias (como automação e informatização).",vigente,"aba Ciências, linha 71","Base-Nacional-Comum-Curricular-BNCC.pdf, página PDF 349"
EF07CI07,ef-comp-ci,7,unidade_tematica,ef-comp-ci-ut-vida-e-evolucao,,,,ef-comp-ci-oc-diversidade-de-ecossistemas | ef-comp-ci-oc-fenomenos-naturais-e-impactos-ambientais | ef-comp-ci-oc-programas-e-indicadores-de-saude-publica,"Caracterizar os principais ecossistemas brasileiros quanto à paisagem, à quantidade de água, ao tipo de solo, à disponibilidade de luz solar, à temperatura etc., correlacionando essas características à flora e fauna específicas.",vigente,"aba Ciências, linha 72","Base-Nacional-Comum-Curricular-BNCC.pdf, página PDF 349"
EF07CI08,ef-comp-ci,7,unidade_tematica,ef-comp-ci-ut-vida-e-evolucao,,,,ef-comp-ci-oc-diversidade-de-ecossistemas | ef-comp-ci-oc-fenomenos-naturais-e-impactos-ambientais | ef-comp-ci-oc-programas-e-indicadores-de-saude-publica,"Avaliar como os impactos provocados por catástrofes naturais ou mudanças nos componentes físicos, biológicos ou sociais de um ecossistema afetam suas populações, podendo ameaçar ou provocar a extinção de espécies, alteração de hábitos, migração etc.",vigente,"aba Ciências, linha 73","Base-Nacional-Comum-Curricular-BNCC.pdf, página PDF 349"
EF07CI09,ef-comp-ci,7,unidade_tematica,ef-comp-ci-ut-vida-e-evolucao,,,,ef-comp-ci-oc-diversidade-de-ecossistemas | ef-comp-ci-oc-fenomenos-naturais-e-impactos-ambientais | ef-comp-ci-oc-programas-e-indicadores-de-saude-publica,"Interpretar as condições de saúde da comunidade, cidade ou estado, com base na análise e comparação de indicadores de saúde (como taxa de mortalidade infantil, cobertura de saneamento básico e incidência de doenças de veiculação hídrica, atmosférica entre outras) e dos resultados de políticas públicas destinadas à saúde.",vigente,"aba Ciências, linha 74","Base-Nacional-Comum-Curricular-BNCC.pdf, página PDF 349"
EF07CI10,ef-comp-ci,7,unidade_tematica,ef-comp-ci-ut-vida-e-evolucao,,,,ef-comp-ci-oc-diversidade-de-ecossistemas | ef-comp-ci-oc-fenomenos-naturais-e-impactos-ambientais | ef-comp-ci-oc-programas-e-indicadores-de-saude-publica,"Argumentar sobre a importância da vacinação para a saúde pública, com base em informações sobre a maneira como a vacina atua no organismo e o papel histórico da vacinação para a manutenção da saúde individual e coletiva e para a erradicação de doenças.",vigente,"aba Ciências, linha 75","Base-Nacional-Comum-Curricular-BNCC.pdf, página PDF 349"
EF07CI11,ef-comp-ci,7,unidade_tematica,ef-comp-ci-ut-vida-e-evolucao,,,,ef-comp-ci-oc-diversidade-de-ecossistemas | ef-comp-ci-oc-fenomenos-naturais-e-impactos-ambientais | ef-comp-ci-oc-programas-e-indicadores-de-saude-publica,"Analisar historicamente o uso da tecnologia, incluindo a digital, nas diferentes dimensões da vida humana, considerando indicadores ambientais e de qualidade de vida.",vigente,"aba Ciências, linha 76","Base-Nacional-Comum-Curricular-BNCC.pdf, página PDF 349"
EF07CI12,ef-comp-ci,7,unidade_tematica,ef-comp-ci-ut-terra-e-universo,,,,ef-comp-ci-oc-composicao-do-ar | ef-comp-ci-oc-efeito-estufa | ef-comp-ci-oc-camada-de-ozonio | ef-comp-ci-oc-fenomenos-naturais-vulcoes-terremotos-e | ef-comp-ci-oc-tsunamis | ef-comp-ci-oc-placas-tectonicas-e-deriva-continental,"Demonstrar que o ar é uma mistura de gases, identificando sua composição, e discutir fenômenos naturais ou antrópicos que podem alterar essa composição.",vigente,"aba Ciências, linha 77","Base-Nacional-Comum-Curricular-BNCC.pdf, página PDF 349"
EF07CI13,ef-comp-ci,7,unidade_tematica,ef-comp-ci-ut-terra-e-universo,,,,ef-comp-ci-oc-composicao-do-ar | ef-comp-ci-oc-efeito-estufa | ef-comp-ci-oc-camada-de-ozonio | ef-comp-ci-oc-fenomenos-naturais-vulcoes-terremotos-e | ef-comp-ci-oc-tsunamis | ef-comp-ci-oc-placas-tectonicas-e-deriva-continental,"Descrever o mecanismo natural do efeito estufa, seu papel fundamental para o desenvolvimento da vida na Terra, discutir as ações humanas responsáveis pelo seu aumento artificial (queima dos combustíveis fósseis, desmatamento, queimadas etc.) e selecionar e implementar propostas para a reversão ou controle desse quadro.",vigente,"aba Ciências, linha 78","Base-Nacional-Comum-Curricular-BNCC.pdf, página PDF 349"
EF07CI14,ef-comp-ci,7,unidade_tematica,ef-comp-ci-ut-terra-e-universo,,,,ef-comp-ci-oc-composicao-do-ar | ef-comp-ci-oc-efeito-estufa | ef-comp-ci-oc-camada-de-ozonio | ef-comp-ci-oc-fenomenos-naturais-vulcoes-terremotos-e | ef-comp-ci-oc-tsunamis | ef-comp-ci-oc-placas-tectonicas-e-deriva-continental,"Justificar a importância da camada de ozônio para a vida na Terra, identificando os fatores que aumentam ou diminuem sua presença na atmosfera, e discutir propostas individuais e coletivas para sua preservação.",vigente,"aba Ciências, linha 79","Base-Nacional-Comum-Curricular-BNCC.pdf, página PDF 349"
EF07CI15,ef-comp-ci,7,unidade_tematica,ef-comp-ci-ut-terra-e-universo,,,,ef-comp-ci-oc-composicao-do-ar | ef-comp-ci-oc-efeito-estufa | ef-comp-ci-oc-camada-de-ozonio | ef-comp-ci-oc-fenomenos-naturais-vulcoes-terremotos-e | ef-comp-ci-oc-tsunamis | ef-comp-ci-oc-placas-tectonicas-e-deriva-continental,"Interpretar fenômenos naturais (como vulcões, terremotos e tsunamis) e justificar a rara ocorrência desses fenômenos no Brasil, com base no modelo das placas tectônicas.",vigente,"aba Ciências, linha 80","Base-Nacional-Comum-Curricular-BNCC.pdf, página PDF 349"
EF07CI16,ef-comp-ci,7,unidade_tematica,ef-comp-ci-ut-terra-e-universo,,,,ef-comp-ci-oc-composicao-do-ar | ef-comp-ci-oc-efeito-estufa | ef-comp-ci-oc-camada-de-ozonio | ef-comp-ci-oc-fenomenos-naturais-vulcoes-terremotos-e | ef-comp-ci-oc-tsunamis | ef-comp-ci-oc-placas-tectonicas-e-deriva-continental,Justificar o formato das costas brasileira e africana com base na teoria da deriva dos continentes.,vigente,"aba Ciências, linha 81","Base-Nacional-Comum-Curricular-BNCC.pdf, página PDF 349"
EF08CI01,ef-comp-ci,8,unidade_tematica,ef-comp-ci-ut-materia-e-energia,,,,ef-comp-ci-oc-fontes-e-tipos-de-energia | ef-comp-ci-oc-transformacao-de-energia | ef-comp-ci-oc-calculo-de-consumo-de-energia-eletrica | ef-comp-ci-oc-circuitos-eletricos | ef-comp-ci-oc-uso-consciente-de-energia-eletrica,"Identificar e classificar diferentes fontes (renováveis e não renováveis) e tipos de energia utilizados em residências, comunidades ou cidades.",vigente,"aba Ciências, linha 82","Base-Nacional-Comum-Curricular-BNCC.pdf, página PDF 351"
EF08CI02,ef-comp-ci,8,unidade_tematica,ef-comp-ci-ut-materia-e-energia,,,,ef-comp-ci-oc-fontes-e-tipos-de-energia | ef-comp-ci-oc-transformacao-de-energia | ef-comp-ci-oc-calculo-de-consumo-de-energia-eletrica | ef-comp-ci-oc-circuitos-eletricos | ef-comp-ci-oc-uso-consciente-de-energia-eletrica,"Construir circuitos elétricos com pilha/bateria, fios e lâmpada ou outros dispositivos e compará-los a circuitos elétricos residenciais.",vigente,"aba Ciências, linha 83","Base-Nacional-Comum-Curricular-BNCC.pdf, página PDF 351"
EF08CI03,ef-comp-ci,8,unidade_tematica,ef-comp-ci-ut-materia-e-energia,,,,ef-comp-ci-oc-fontes-e-tipos-de-energia | ef-comp-ci-oc-transformacao-de-energia | ef-comp-ci-oc-calculo-de-consumo-de-energia-eletrica | ef-comp-ci-oc-circuitos-eletricos | ef-comp-ci-oc-uso-consciente-de-energia-eletrica,"Classificar equipamentos elétricos residenciais (chuveiro, ferro, lâmpadas, TV, rádio, geladeira etc.) de acordo com o tipo de transformação de energia (da energia elétrica para a térmica, luminosa, sonora e mecânica, por exemplo).",vigente,"aba Ciências, linha 84","Base-Nacional-Comum-Curricular-BNCC.pdf, página PDF 351"
EF08CI04,ef-comp-ci,8,unidade_tematica,ef-comp-ci-ut-materia-e-energia,,,,ef-comp-ci-oc-fontes-e-tipos-de-energia | ef-comp-ci-oc-transformacao-de-energia | ef-comp-ci-oc-calculo-de-consumo-de-energia-eletrica | ef-comp-ci-oc-circuitos-eletricos | ef-comp-ci-oc-uso-consciente-de-energia-eletrica,Calcular o consumo de eletrodomésticos a partir dos dados de potência (descritos no próprio equipamento) e tempo médio de uso para avaliar o impacto de cada equipamento no consumo doméstico mensal.,vigente,"aba Ciências, linha 85","Base-Nacional-Comum-Curricular-BNCC.pdf, página PDF 351"
EF08CI05,ef-comp-ci,8,unidade_tematica,ef-comp-ci-ut-materia-e-energia,,,,ef-comp-ci-oc-fontes-e-tipos-de-energia | ef-comp-ci-oc-transformacao-de-energia | ef-comp-ci-oc-calculo-de-consumo-de-energia-eletrica | ef-comp-ci-oc-circuitos-eletricos | ef-comp-ci-oc-uso-consciente-de-energia-eletrica,"Propor ações coletivas para otimizar o uso de energia elétrica em sua escola e/ou comunidade, com base na seleção de equipamentos segundo critérios de sustentabilidade (consumo de energia e eficiência energética) e hábitos de consumo responsável.",vigente,"aba Ciências, linha 86","Base-Nacional-Comum-Curricular-BNCC.pdf, página PDF 351"
EF08CI06,ef-comp-ci,8,unidade_tematica,ef-comp-ci-ut-materia-e-energia,,,,ef-comp-ci-oc-fontes-e-tipos-de-energia | ef-comp-ci-oc-transformacao-de-energia | ef-comp-ci-oc-calculo-de-consumo-de-energia-eletrica | ef-comp-ci-oc-circuitos-eletricos | ef-comp-ci-oc-uso-consciente-de-energia-eletrica,"Discutir e avaliar usinas de geração de energia elétrica (termelétricas, hidrelétricas, eólicas etc.), suas semelhanças e diferenças, seus impactos socioambientais, e como essa energia chega e é usada em sua cidade, comunidade, casa ou escola.",vigente,"aba Ciências, linha 87","Base-Nacional-Comum-Curricular-BNCC.pdf, página PDF 351"
EF08CI07,ef-comp-ci,8,unidade_tematica,ef-comp-ci-ut-vida-e-evolucao,,,,ef-comp-ci-oc-mecanismos-reprodutivos | ef-comp-ci-oc-sexualidade,Comparar diferentes processos reprodutivos em plantas e animais em relação aos mecanismos adaptativos e evolutivos.,vigente,"aba Ciências, linha 88","Base-Nacional-Comum-Curricular-BNCC.pdf, página PDF 351"
EF08CI08,ef-comp-ci,8,unidade_tematica,ef-comp-ci-ut-vida-e-evolucao,,,,ef-comp-ci-oc-mecanismos-reprodutivos | ef-comp-ci-oc-sexualidade,Analisar e explicar as transformações que ocorrem na puberdade considerando a atuação dos hormônios sexuais e do sistema nervoso.,vigente,"aba Ciências, linha 89","Base-Nacional-Comum-Curricular-BNCC.pdf, página PDF 351"
EF08CI09,ef-comp-ci,8,unidade_tematica,ef-comp-ci-ut-vida-e-evolucao,,,,ef-comp-ci-oc-mecanismos-reprodutivos | ef-comp-ci-oc-sexualidade,Comparar o modo de ação e a eficácia dos diversos métodos contraceptivos e justificar a necessidade de compartilhar a responsabilidade na escolha e na utilização do método mais adequado à prevenção da gravidez precoce e indesejada e de Doenças Sexualmente Transmissíveis (DST).,vigente,"aba Ciências, linha 90","Base-Nacional-Comum-Curricular-BNCC.pdf, página PDF 351"
EF08CI10,ef-comp-ci,8,unidade_tematica,ef-comp-ci-ut-vida-e-evolucao,,,,ef-comp-ci-oc-mecanismos-reprodutivos | ef-comp-ci-oc-sexualidade,"Identificar os principais sintomas, modos de transmissão e tratamento de algumas DST (com ênfase na AIDS), e discutir estratégias e métodos de prevenção.",vigente,"aba Ciências, linha 91","Base-Nacional-Comum-Curricular-BNCC.pdf, página PDF 351"
EF08CI11,ef-comp-ci,8,unidade_tematica,ef-comp-ci-ut-vida-e-evolucao,,,,ef-comp-ci-oc-mecanismos-reprodutivos | ef-comp-ci-oc-sexualidade,"Selecionar argumentos que evidenciem as múltiplas dimensões da sexualidade humana (biológica, sociocultural, afetiva e ética).",vigente,"aba Ciências, linha 92","Base-Nacional-Comum-Curricular-BNCC.pdf, página PDF 351"
EF08CI12,ef-comp-ci,8,unidade_tematica,ef-comp-ci-ut-terra-e-universo,,,,ef-comp-ci-oc-sistema-sol-terra-e-lua | ef-comp-ci-oc-clima,"Justificar, por meio da construção de modelos e da observação da Lua no céu, a ocorrência das fases da Lua e dos eclipses, com base nas posições relativas entre Sol, Terra e Lua.",vigente,"aba Ciências, linha 93","Base-Nacional-Comum-Curricular-BNCC.pdf, página PDF 351"
EF08CI13,ef-comp-ci,8,unidade_tematica,ef-comp-ci-ut-terra-e-universo,,,,ef-comp-ci-oc-sistema-sol-terra-e-lua | ef-comp-ci-oc-clima,"Representar os movimentos de rotação e translação da Terra e analisar o papel da inclinação do eixo de rotação da Terra em relação à sua órbita na ocorrência das estações do ano, com a utilização de modelos tridimensionais.",vigente,"aba Ciências, linha 94","Base-Nacional-Comum-Curricular-BNCC.pdf, página PDF 351"
EF08CI14,ef-comp-ci,8,unidade_tematica,ef-comp-ci-ut-terra-e-universo,,,,ef-comp-ci-oc-sistema-sol-terra-e-lua | ef-comp-ci-oc-clima,Relacionar climas regionais aos padrões de circulação atmosférica e oceânica e ao aquecimento desigual causado pela forma e pelos movimentos da Terra.,vigente,"aba Ciências, linha 95","Base-Nacional-Comum-Curricular-BNCC.pdf, página PDF 351"
EF08CI15,ef-comp-ci,8,unidade_tematica,ef-comp-ci-ut-terra-e-universo,,,,ef-comp-ci-oc-sistema-sol-terra-e-lua | ef-comp-ci-oc-clima,Identificar as principais variáveis envolvidas na previsão do tempo e simular situações nas quais elas possam ser medidas.,vigente,"aba Ciências, linha 96","Base-Nacional-Comum-Curricular-BNCC.pdf, página PDF 351"
EF08CI16,ef-comp-ci,8,unidade_tematica,ef-comp-ci-ut-terra-e-universo,,,,ef-comp-ci-oc-sistema-sol-terra-e-lua | ef-comp-ci-oc-clima,Discutir iniciativas que contribuam para restabelecer o equilíbrio ambiental a partir da identificação de alterações climáticas regionais e globais provocadas pela intervenção humana.,vigente,"aba Ciências, linha 97","Base-Nacional-Comum-Curricular-BNCC.pdf, página PDF 351"
EF09CI01,ef-comp-ci,9,unidade_tematica,ef-comp-ci-ut-materia-e-energia,,,,ef-comp-ci-oc-aspectos-quantitativos-das-transformacoes-quimicas | ef-comp-ci-oc-estrutura-da-materia | ef-comp-ci-oc-radiacoes-e-suas-aplicacoes-na-saude,Investigar as mudanças de estado físico da matéria e explicar essas transformações com base no modelo de constituição submicroscópica.,vigente,"aba Ciências, linha 98","Base-Nacional-Comum-Curricular-BNCC.pdf, página PDF 353"
EF09CI02,ef-comp-ci,9,unidade_tematica,ef-comp-ci-ut-materia-e-energia,,,,ef-comp-ci-oc-aspectos-quantitativos-das-transformacoes-quimicas | ef-comp-ci-oc-estrutura-da-materia | ef-comp-ci-oc-radiacoes-e-suas-aplicacoes-na-saude,"Comparar quantidades de reagentes e produtos envolvidos em transformações químicas, estabelecendo a proporção entre as suas massas.",vigente,"aba Ciências, linha 99","Base-Nacional-Comum-Curricular-BNCC.pdf, página PDF 353"
EF09CI03,ef-comp-ci,9,unidade_tematica,ef-comp-ci-ut-materia-e-energia,,,,ef-comp-ci-oc-aspectos-quantitativos-das-transformacoes-quimicas | ef-comp-ci-oc-estrutura-da-materia | ef-comp-ci-oc-radiacoes-e-suas-aplicacoes-na-saude,Identificar modelos que descrevem a estrutura da matéria (constituição do átomo e composição de moléculas simples) e reconhecer sua evolução histórica.,vigente,"aba Ciências, linha 100","Base-Nacional-Comum-Curricular-BNCC.pdf, página PDF 353"
EF09CI04,ef-comp-ci,9,unidade_tematica,ef-comp-ci-ut-materia-e-energia,,,,ef-comp-ci-oc-aspectos-quantitativos-das-transformacoes-quimicas | ef-comp-ci-oc-estrutura-da-materia | ef-comp-ci-oc-radiacoes-e-suas-aplicacoes-na-saude,Planejar e executar experimentos que evidenciem que todas as cores de luz podem ser formadas pela composição das três cores primárias da luz e que a cor de um objeto está relacionada também à cor da luz que o ilumina.,vigente,"aba Ciências, linha 101","Base-Nacional-Comum-Curricular-BNCC.pdf, página PDF 353"
EF09CI05,ef-comp-ci,9,unidade_tematica,ef-comp-ci-ut-materia-e-energia,,,,ef-comp-ci-oc-aspectos-quantitativos-das-transformacoes-quimicas | ef-comp-ci-oc-estrutura-da-materia | ef-comp-ci-oc-radiacoes-e-suas-aplicacoes-na-saude,Investigar os principais mecanismos envolvidos na transmissão e recepção de imagem e som que revolucionaram os sistemas de comunicação humana.,vigente,"aba Ciências, linha 102","Base-Nacional-Comum-Curricular-BNCC.pdf, página PDF 353"
EF09CI06,ef-comp-ci,9,unidade_tematica,ef-comp-ci-ut-materia-e-energia,,,,ef-comp-ci-oc-aspectos-quantitativos-das-transformacoes-quimicas | ef-comp-ci-oc-estrutura-da-materia | ef-comp-ci-oc-radiacoes-e-suas-aplicacoes-na-saude,"Classificar as radiações eletromagnéticas por suas frequências, fontes e aplicações, discutindo e avaliando as implicações de seu uso em controle remoto, telefone celular, raio X, forno de micro-ondas, fotocélulas etc.",vigente,"aba Ciências, linha 103","Base-Nacional-Comum-Curricular-BNCC.pdf, página PDF 353"
EF09CI07,ef-comp-ci,9,unidade_tematica,ef-comp-ci-ut-materia-e-energia,,,,ef-comp-ci-oc-aspectos-quantitativos-das-transformacoes-quimicas | ef-comp-ci-oc-estrutura-da-materia | ef-comp-ci-oc-radiacoes-e-suas-aplicacoes-na-saude,"Discutir o papel do avanço tecnológico na aplicação das radiações na medicina diagnóstica (raio X, ultrassom, ressonância nuclear magnética) e no tratamento de doenças (radioterapia, cirurgia ótica a laser, infravermelho, ultravioleta etc.).",vigente,"aba Ciências, linha 104","Base-Nacional-Comum-Curricular-BNCC.pdf, página PDF 353"
EF09CI08,ef-comp-ci,9,unidade_tematica,ef-comp-ci-ut-vida-e-evolucao,,,,ef-comp-ci-oc-hereditariedade | ef-comp-ci-oc-ideias-evolucionistas | ef-comp-ci-oc-preservacao-da-biodiversidade,"Associar os gametas à transmissão das características hereditárias, estabelecendo relações entre ancestrais e descendentes.",vigente,"aba Ciências, linha 105","Base-Nacional-Comum-Curricular-BNCC.pdf, página PDF 353"
EF09CI09,ef-comp-ci,9,unidade_tematica,ef-comp-ci-ut-vida-e-evolucao,,,,ef-comp-ci-oc-hereditariedade | ef-comp-ci-oc-ideias-evolucionistas | ef-comp-ci-oc-preservacao-da-biodiversidade,"Discutir as ideias de Mendel sobre hereditariedade (fatores hereditários, segregação, gametas, fecundação), considerando-as para resolver problemas envolvendo a transmissão de características hereditárias em diferentes organismos.",vigente,"aba Ciências, linha 106","Base-Nacional-Comum-Curricular-BNCC.pdf, página PDF 353"
EF09CI10,ef-comp-ci,9,unidade_tematica,ef-comp-ci-ut-vida-e-evolucao,,,,ef-comp-ci-oc-hereditariedade | ef-comp-ci-oc-ideias-evolucionistas | ef-comp-ci-oc-preservacao-da-biodiversidade,"Comparar as ideias evolucionistas de Lamarck e Darwin apresentadas em textos científicos e históricos, identificando semelhanças e diferenças entre essas ideias e sua importância para explicar a diversidade biológica.",vigente,"aba Ciências, linha 107","Base-Nacional-Comum-Curricular-BNCC.pdf, página PDF 353"
EF09CI11,ef-comp-ci,9,unidade_tematica,ef-comp-ci-ut-vida-e-evolucao,,,,ef-comp-ci-oc-hereditariedade | ef-comp-ci-oc-ideias-evolucionistas | ef-comp-ci-oc-preservacao-da-biodiversidade,"Discutir a evolução e a diversidade das espécies com base na atuação da seleção natural sobre as variantes de uma mesma espécie, resultantes de processo reprodutivo.",vigente,"aba Ciências, linha 108","Base-Nacional-Comum-Curricular-BNCC.pdf, página PDF 353"
EF09CI12,ef-comp-ci,9,unidade_tematica,ef-comp-ci-ut-vida-e-evolucao,,,,ef-comp-ci-oc-hereditariedade | ef-comp-ci-oc-ideias-evolucionistas | ef-comp-ci-oc-preservacao-da-biodiversidade,"Justificar a importância das unidades de conservação para a preservação da biodiversidade e do patrimônio nacional, considerando os diferentes tipos de unidades (parques, reservas e florestas nacionais), as populações humanas e as atividades a eles relacionados.",vigente,"aba Ciências, linha 109","Base-Nacional-Comum-Curricular-BNCC.pdf, página PDF 353"
EF09CI13,ef-comp-ci,9,unidade_tematica,ef-comp-ci-ut-vida-e-evolucao,,,,ef-comp-ci-oc-hereditariedade | ef-comp-ci-oc-ideias-evolucionistas | ef-comp-ci-oc-preservacao-da-biodiversidade,"Propor iniciativas individuais e coletivas para a solução de problemas ambientais da cidade ou da comunidade, com base na análise de ações de consumo consciente e de sustentabilidade bem-sucedidas.",vigente,"aba Ciências, linha 110","Base-Nacional-Comum-Curricular-BNCC.pdf, página PDF 353"
EF09CI14,ef-comp-ci,9,unidade_tematica,ef-comp-ci-ut-terra-e-universo,,,,ef-comp-ci-oc-composicao-estrutura-e-localizacao-do-sistema-solar-no-universo | ef-comp-ci-oc-astronomia-e-cultura | ef-comp-ci-oc-vida-humana-fora-da-terra | ef-comp-ci-oc-ordem-de-grandeza-astronomica | ef-comp-ci-oc-evolucao-estelar,"Descrever a composição e a estrutura do Sistema Solar (Sol, planetas rochosos, planetas gigantes gasosos e corpos menores), assim como a localização do Sistema Solar na nossa Galáxia (a Via Láctea) e dela no Universo (apenas uma galáxia dentre bilhões).",vigente,"aba Ciências, linha 111","Base-Nacional-Comum-Curricular-BNCC.pdf, página PDF 353"
EF09CI15,ef-comp-ci,9,unidade_tematica,ef-comp-ci-ut-terra-e-universo,,,,ef-comp-ci-oc-composicao-estrutura-e-localizacao-do-sistema-solar-no-universo | ef-comp-ci-oc-astronomia-e-cultura | ef-comp-ci-oc-vida-humana-fora-da-terra | ef-comp-ci-oc-ordem-de-grandeza-astronomica | ef-comp-ci-oc-evolucao-estelar,"Relacionar diferentes leituras do céu e explicações sobre a origem da Terra, do Sol ou do Sistema Solar às necessidades de distintas culturas (agricultura, caça, mito, orientação espacial e temporal etc.).",vigente,"aba Ciências, linha 112","Base-Nacional-Comum-Curricular-BNCC.pdf, página PDF 353"
EF09CI16,ef-comp-ci,9,unidade_tematica,ef-comp-ci-ut-terra-e-universo,,,,ef-comp-ci-oc-composicao-estrutura-e-localizacao-do-sistema-solar-no-universo | ef-comp-ci-oc-astronomia-e-cultura | ef-comp-ci-oc-vida-humana-fora-da-terra | ef-comp-ci-oc-ordem-de-grandeza-astronomica | ef-comp-ci-oc-evolucao-estelar,"Selecionar argumentos sobre a viabilidade da sobrevivência humana fora da Terra, com base nas condições necessárias à vida, nas características dos planetas e nas distâncias e nos tempos envolvidos em viagens interplanetárias e interestelares.",vigente,"aba Ciências, linha 113","Base-Nacional-Comum-Curricular-BNCC.pdf, página PDF 353"
EF09CI17,ef-comp-ci,9,unidade_tematica,ef-comp-ci-ut-terra-e-universo,,,,ef-comp-ci-oc-composicao-estrutura-e-localizacao-do-sistema-solar-no-universo | ef-comp-ci-oc-astronomia-e-cultura | ef-comp-ci-oc-vida-humana-fora-da-terra | ef-comp-ci-oc-ordem-de-grandeza-astronomica | ef-comp-ci-oc-evolucao-estelar,"Analisar o ciclo evolutivo do Sol (nascimento, vida e morte) baseado no conhecimento das etapas de evolução de estrelas de diferentes dimensões e os efeitos desse processo no nosso planeta.",vigente,"aba Ciências, linha 114","Base-Nacional-Comum-Curricular-BNCC.pdf, página PDF 353"
EF01GE01,ef-comp-ge,1,unidade_tematica,ef-comp-ge-ut-o-sujeito-e-seu-lugar-no-mundo,,,,ef-comp-ge-oc-o-modo-de-vida-das-criancas-em-diferentes-lugares,"Descrever características observadas de seus lugares de vivência (moradia, escola etc.) e identificar semelhanças e diferenças entre esses lugares.",vigente,"aba Geografia, linha 4","Base-Nacional-Comum-Curricular-BNCC.pdf, página PDF 373"
EF01GE02,ef-comp-ge,1,unidade_tematica,ef-comp-ge-ut-o-sujeito-e-seu-lugar-no-mundo,,,,ef-comp-ge-oc-o-modo-de-vida-das-criancas-em-diferentes-lugares,Identificar semelhanças e diferenças entre jogos e brincadeiras de diferentes épocas e lugares.,vigente,"aba Geografia, linha 5","Base-Nacional-Comum-Curricular-BNCC.pdf, página PDF 373"
EF01GE03,ef-comp-ge,1,unidade_tematica,ef-comp-ge-ut-o-sujeito-e-seu-lugar-no-mundo,,,,ef-comp-ge-oc-situacoes-de-convivio-em-diferentes-lugares,"Identificar e relatar semelhanças e diferenças de usos do espaço público (praças, parques) para o lazer e diferentes manifestações.",vigente,"aba Geografia, linha 6","Base-Nacional-Comum-Curricular-BNCC.pdf, página PDF 373"
EF01GE04,ef-comp-ge,1,unidade_tematica,ef-comp-ge-ut-o-sujeito-e-seu-lugar-no-mundo,,,,ef-comp-ge-oc-situacoes-de-convivio-em-diferentes-lugares,"Discutir e elaborar, coletivamente, regras de convívio em diferentes espaços (sala de aula, escola etc.).",vigente,"aba Geografia, linha 7","Base-Nacional-Comum-Curricular-BNCC.pdf, página PDF 373"
EF01GE05,ef-comp-ge,1,unidade_tematica,ef-comp-ge-ut-conexoes-e-escalas,,,,ef-comp-ge-oc-ciclos-naturais-e-a-vida-cotidiana,"Observar e descrever ritmos naturais (dia e noite, variação de temperatura e umidade etc.) em diferentes escalas espaciais e temporais, comparando a sua realidade com outras.",vigente,"aba Geografia, linha 8","Base-Nacional-Comum-Curricular-BNCC.pdf, página PDF 373"
EF01GE06,ef-comp-ge,1,unidade_tematica,ef-comp-ge-ut-mundo-do-trabalho,,,,ef-comp-ge-oc-diferentes-tipos-de-trabalho-existentes-no-seu-dia-a-dia,"Descrever e comparar diferentes tipos de moradia ou objetos de uso cotidiano (brinquedos, roupas, mobiliários), considerando técnicas e materiais utilizados em sua produção.",vigente,"aba Geografia, linha 9","Base-Nacional-Comum-Curricular-BNCC.pdf, página PDF 373"
EF01GE07,ef-comp-ge,1,unidade_tematica,ef-comp-ge-ut-mundo-do-trabalho,,,,ef-comp-ge-oc-diferentes-tipos-de-trabalho-existentes-no-seu-dia-a-dia,Descrever atividades de trabalho relacionadas com o dia a dia da sua comunidade.,vigente,"aba Geografia, linha 10","Base-Nacional-Comum-Curricular-BNCC.pdf, página PDF 373"
EF01GE08,ef-comp-ge,1,unidade_tematica,ef-comp-ge-ut-formas-de-representacao-e-pensamento-espacial,,,,ef-comp-ge-oc-pontos-de-referencia,"Criar mapas mentais e desenhos com base em itinerários, contos literários, histórias inventadas e brincadeiras.",vigente,"aba Geografia, linha 11","Base-Nacional-Comum-Curricular-BNCC.pdf, página PDF 373"
EF01GE09,ef-comp-ge,1,unidade_tematica,ef-comp-ge-ut-formas-de-representacao-e-pensamento-espacial,,,,ef-comp-ge-oc-pontos-de-referencia,"Elaborar e utilizar mapas simples para localizar elementos do local de vivência, considerando referenciais espaciais (frente e atrás, esquerda e direita, em cima e embaixo, dentro e fora) e tendo o corpo como referência.",vigente,"aba Geografia, linha 12","Base-Nacional-Comum-Curricular-BNCC.pdf, página PDF 373"
EF01GE10,ef-comp-ge,1,unidade_tematica,ef-comp-ge-ut-natureza-ambientes-e-qualidade-de-vida,,,,ef-comp-ge-oc-condicoes-de-vida-nos-lugares-de-vivencia,"Descrever características de seus lugares de vivência relacionadas aos ritmos da natureza (chuva, vento, calor etc.).",vigente,"aba Geografia, linha 13","Base-Nacional-Comum-Curricular-BNCC.pdf, página PDF 373"
EF01GE11,ef-comp-ge,1,unidade_tematica,ef-comp-ge-ut-natureza-ambientes-e-qualidade-de-vida,,,,ef-comp-ge-oc-condicoes-de-vida-nos-lugares-de-vivencia,"Associar mudanças de vestuário e hábitos alimentares em sua comunidade ao longo do ano, decorrentes da variação de temperatura e umidade no ambiente.",vigente,"aba Geografia, linha 14","Base-Nacional-Comum-Curricular-BNCC.pdf, página PDF 373"
EF02GE01,ef-comp-ge,2,unidade_tematica,ef-comp-ge-ut-o-sujeito-e-seu-lugar-no-mundo,,,,ef-comp-ge-oc-convivencia-e-interacoes-entre-pessoas-na-comunidade,Descrever a história das migrações no bairro ou comunidade em que vive.,vigente,"aba Geografia, linha 15","Base-Nacional-Comum-Curricular-BNCC.pdf, página PDF 375"
EF02GE02,ef-comp-ge,2,unidade_tematica,ef-comp-ge-ut-o-sujeito-e-seu-lugar-no-mundo,,,,ef-comp-ge-oc-convivencia-e-interacoes-entre-pessoas-na-comunidade,"Comparar costumes e tradições de diferentes populações inseridas no bairro ou comunidade em que vive, reconhecendo a importância do respeito às diferenças.",vigente,"aba Geografia, linha 16","Base-Nacional-Comum-Curricular-BNCC.pdf, página PDF 375"
EF02GE03,ef-comp-ge,2,unidade_tematica,ef-comp-ge-ut-o-sujeito-e-seu-lugar-no-mundo,,,,ef-comp-ge-oc-riscos-e-cuidados-nos-meios-de-transporte-e-de-comunicacao,"Comparar diferentes meios de transporte e de comunicação, indicando o seu papel na conexão entre lugares, e discutir os riscos para a vida e para o ambiente e seu uso responsável.",vigente,"aba Geografia, linha 17","Base-Nacional-Comum-Curricular-BNCC.pdf, página PDF 375"
EF02GE04,ef-comp-ge,2,unidade_tematica,ef-comp-ge-ut-conexoes-e-escalas,,,,ef-comp-ge-oc-experiencias-da-comunidade-no-tempo-e-no-espaco,"Reconhecer semelhanças e diferenças nos hábitos, nas relações com a natureza e no modo de viver de pessoas em diferentes lugares.",vigente,"aba Geografia, linha 18","Base-Nacional-Comum-Curricular-BNCC.pdf, página PDF 375"
EF02GE05,ef-comp-ge,2,unidade_tematica,ef-comp-ge-ut-conexoes-e-escalas,,,,ef-comp-ge-oc-mudancas-e-permanencias,"Analisar mudanças e permanências, comparando imagens de um mesmo lugar em diferentes tempos.",vigente,"aba Geografia, linha 19","Base-Nacional-Comum-Curricular-BNCC.pdf, página PDF 375"
EF02GE06,ef-comp-ge,2,unidade_tematica,ef-comp-ge-ut-mundo-do-trabalho,,,,ef-comp-ge-oc-tipos-de-trabalho-em-lugares-e-tempos-diferentes,"Relacionar o dia e a noite a diferentes tipos de atividades sociais (horário escolar, comercial, sono etc.).",vigente,"aba Geografia, linha 20","Base-Nacional-Comum-Curricular-BNCC.pdf, página PDF 375"
EF02GE07,ef-comp-ge,2,unidade_tematica,ef-comp-ge-ut-mundo-do-trabalho,,,,ef-comp-ge-oc-tipos-de-trabalho-em-lugares-e-tempos-diferentes,"Descrever as atividades extrativas (minerais, agropecuárias e industriais) de diferentes lugares, identificando os impactos ambientais.",vigente,"aba Geografia, linha 21","Base-Nacional-Comum-Curricular-BNCC.pdf, página PDF 375"
EF02GE08,ef-comp-ge,2,unidade_tematica,ef-comp-ge-ut-formas-de-representacao-e-pensamento-espacial,,,,ef-comp-ge-oc-localizacao-orientacao-e-representacao-espacial,"Identificar e elaborar diferentes formas de representação (desenhos, mapas mentais, maquetes) para representar componentes da paisagem dos lugares de vivência.",vigente,"aba Geografia, linha 22","Base-Nacional-Comum-Curricular-BNCC.pdf, página PDF 375"
EF02GE09,ef-comp-ge,2,unidade_tematica,ef-comp-ge-ut-formas-de-representacao-e-pensamento-espacial,,,,ef-comp-ge-oc-localizacao-orientacao-e-representacao-espacial,Identificar objetos e lugares de vivência (escola e moradia) em imagens aéreas e mapas (visão vertical) e fotografias (visão oblíqua).,vigente,"aba Geografia, linha 23","Base-Nacional-Comum-Curricular-BNCC.pdf, página PDF 375"
EF02GE10,ef-comp-ge,2,unidade_tematica,ef-comp-ge-ut-formas-de-representacao-e-pensamento-espacial,,,,ef-comp-ge-oc-localizacao-orientacao-e-representacao-espacial,"Aplicar princípios de localização e posição de objetos (referenciais espaciais, como frente e atrás, esquerda e direita, em cima e embaixo, dentro e fora) por meio de representações espaciais da sala de aula e da escola.",vigente,"aba Geografia, linha 24","Base-Nacional-Comum-Curricular-BNCC.pdf, página PDF 375"
EF02GE11,ef-comp-ge,2,unidade_tematica,ef-comp-ge-ut-natureza-ambientes-e-qualidade-de-vida,,,,ef-comp-ge-oc-os-usos-dos-recursos-naturais-solo-e-agua-no-campo-e-na-cidade,"Reconhecer a importância do solo e da água para a vida, identificando seus diferentes usos (plantação e extração de materiais, entre outras possibilidades) e os impactos desses usos no cotidiano da cidade e do campo.",vigente,"aba Geografia, linha 25","Base-Nacional-Comum-Curricular-BNCC.pdf, página PDF 375"
EF03GE01,ef-comp-ge,3,unidade_tematica,ef-comp-ge-ut-o-sujeito-e-seu-lugar-no-mundo,,,,ef-comp-ge-oc-a-cidade-e-o-campo-aproximacoes-e-diferencas,"Identificar e comparar aspectos culturais dos grupos sociais de seus lugares de vivência, seja na cidade, seja no campo.",vigente,"aba Geografia, linha 26","Base-Nacional-Comum-Curricular-BNCC.pdf, página PDF 377"
EF03GE02,ef-comp-ge,3,unidade_tematica,ef-comp-ge-ut-o-sujeito-e-seu-lugar-no-mundo,,,,ef-comp-ge-oc-a-cidade-e-o-campo-aproximacoes-e-diferencas,"Identificar, em seus lugares de vivência, marcas de contribuição cultural e econômica de grupos de diferentes origens.",vigente,"aba Geografia, linha 27","Base-Nacional-Comum-Curricular-BNCC.pdf, página PDF 377"
EF03GE03,ef-comp-ge,3,unidade_tematica,ef-comp-ge-ut-o-sujeito-e-seu-lugar-no-mundo,,,,ef-comp-ge-oc-a-cidade-e-o-campo-aproximacoes-e-diferencas,Reconhecer os diferentes modos de vida de povos e comunidades tradicionais em distintos lugares.,vigente,"aba Geografia, linha 28","Base-Nacional-Comum-Curricular-BNCC.pdf, página PDF 377"
EF03GE04,ef-comp-ge,3,unidade_tematica,ef-comp-ge-ut-conexoes-e-escalas,,,,ef-comp-ge-oc-paisagens-naturais-e-antropicas-em-transformacao,"Explicar como os processos naturais e históricos atuam na produção e na mudança das paisagens naturais e antrópicas nos seus lugares de vivência, comparando-os a outros lugares.",vigente,"aba Geografia, linha 29","Base-Nacional-Comum-Curricular-BNCC.pdf, página PDF 377"
EF03GE05,ef-comp-ge,3,unidade_tematica,ef-comp-ge-ut-mundo-do-trabalho,,,,ef-comp-ge-oc-materia-prima-e-industria,"Identificar alimentos, minerais e outros produtos cultivados e extraídos da natureza, comparando as atividades de trabalho em diferentes lugares.",vigente,"aba Geografia, linha 30","Base-Nacional-Comum-Curricular-BNCC.pdf, página PDF 377"
EF03GE06,ef-comp-ge,3,unidade_tematica,ef-comp-ge-ut-formas-de-representacao-e-pensamento-espacial,,,,ef-comp-ge-oc-representacoes-cartograficas,Identificar e interpretar imagens bidimensionais e tridimensionais em diferentes tipos de representação cartográfica.,vigente,"aba Geografia, linha 31","Base-Nacional-Comum-Curricular-BNCC.pdf, página PDF 377"
EF03GE07,ef-comp-ge,3,unidade_tematica,ef-comp-ge-ut-formas-de-representacao-e-pensamento-espacial,,,,ef-comp-ge-oc-representacoes-cartograficas,Reconhecer e elaborar legendas com símbolos de diversos tipos de representações em diferentes escalas cartográficas.,vigente,"aba Geografia, linha 32","Base-Nacional-Comum-Curricular-BNCC.pdf, página PDF 377"
EF03GE08,ef-comp-ge,3,unidade_tematica,ef-comp-ge-ut-natureza-ambientes-e-qualidade-de-vida,,,,ef-comp-ge-oc-producao-circulacao-e-consumo,"Relacionar a produção de lixo doméstico ou da escola aos problemas causados pelo consumo excessivo e construir propostas para o consumo consciente, considerando a ampliação de hábitos de redução, reúso e reciclagem/ descarte de materiais consumidos em casa, na escola e/ou no entorno.",vigente,"aba Geografia, linha 33","Base-Nacional-Comum-Curricular-BNCC.pdf, página PDF 377"
EF03GE09,ef-comp-ge,3,unidade_tematica,ef-comp-ge-ut-natureza-ambientes-e-qualidade-de-vida,,,,ef-comp-ge-oc-impactos-das-atividades-humanas,"Investigar os usos dos recursos naturais, com destaque para os usos da água em atividades cotidianas (alimentação, higiene, cultivo de plantas etc.), e discutir os problemas ambientais provocados por esses usos.",vigente,"aba Geografia, linha 34","Base-Nacional-Comum-Curricular-BNCC.pdf, página PDF 377"
EF03GE10,ef-comp-ge,3,unidade_tematica,ef-comp-ge-ut-natureza-ambientes-e-qualidade-de-vida,,,,ef-comp-ge-oc-impactos-das-atividades-humanas,Identificar os cuidados necessários para utilização da água na agricultura e na geração de energia de modo a garantir a manutenção do provimento de água potável.,vigente,"aba Geografia, linha 35","Base-Nacional-Comum-Curricular-BNCC.pdf, página PDF 377"
EF03GE11,ef-comp-ge,3,unidade_tematica,ef-comp-ge-ut-natureza-ambientes-e-qualidade-de-vida,,,,ef-comp-ge-oc-impactos-das-atividades-humanas,"Comparar impactos das atividades econômicas urbanas e rurais sobre o ambiente físico natural, assim como os riscos provenientes do uso de ferramentas e máquinas.",vigente,"aba Geografia, linha 36","Base-Nacional-Comum-Curricular-BNCC.pdf, página PDF 377"
EF04GE01,ef-comp-ge,4,unidade_tematica,ef-comp-ge-ut-o-sujeito-e-seu-lugar-no-mundo,,,,ef-comp-ge-oc-territorio-e-diversidade-cultural,"Selecionar, em seus lugares de vivência e em suas histórias familiares e/ou da comunidade, elementos de distintas culturas (indígenas, afro-brasileiras, de outras regiões do país, latino-americanas, europeias, asiáticas etc.), valorizando o que é próprio em cada uma delas e sua contribuição para a formação da cultura local, regional e brasileira.",vigente,"aba Geografia, linha 37","Base-Nacional-Comum-Curricular-BNCC.pdf, página PDF 379"
EF04GE02,ef-comp-ge,4,unidade_tematica,ef-comp-ge-ut-o-sujeito-e-seu-lugar-no-mundo,,,,ef-comp-ge-oc-processos-migratorios-no-brasil,Descrever processos migratórios e suas contribuições para a formação da sociedade brasileira.,vigente,"aba Geografia, linha 38","Base-Nacional-Comum-Curricular-BNCC.pdf, página PDF 379"
EF04GE03,ef-comp-ge,4,unidade_tematica,ef-comp-ge-ut-o-sujeito-e-seu-lugar-no-mundo,,,,ef-comp-ge-oc-instancias-do-poder-publico-e-canais-de-participacao-social,"Distinguir funções e papéis dos órgãos do poder público municipal e canais de participação social na gestão do Município, incluindo a Câmara de Vereadores e Conselhos Municipais.",vigente,"aba Geografia, linha 39","Base-Nacional-Comum-Curricular-BNCC.pdf, página PDF 379"
EF04GE04,ef-comp-ge,4,unidade_tematica,ef-comp-ge-ut-conexoes-e-escalas,,,,ef-comp-ge-oc-relacao-campo-e-cidade,"Reconhecer especificidades e analisar a interdependência do campo e da cidade, considerando fluxos econômicos, de informações, de ideias e de pessoas.",vigente,"aba Geografia, linha 40","Base-Nacional-Comum-Curricular-BNCC.pdf, página PDF 379"
EF04GE05,ef-comp-ge,4,unidade_tematica,ef-comp-ge-ut-conexoes-e-escalas,,,,ef-comp-ge-oc-unidades-politico-administrativas-do-brasil,"Distinguir unidades político-administrativas oficiais nacionais (Distrito, Município, Unidade da Federação e grande região), suas fronteiras e sua hierarquia, localizando seus lugares de vivência.",vigente,"aba Geografia, linha 41","Base-Nacional-Comum-Curricular-BNCC.pdf, página PDF 379"
EF04GE06,ef-comp-ge,4,unidade_tematica,ef-comp-ge-ut-conexoes-e-escalas,,,,ef-comp-ge-oc-territorios-etnico-culturais,"Identificar e descrever territórios étnico-culturais existentes no Brasil, tais como terras indígenas e de comunidades remanescentes de quilombos, reconhecendo a legitimidade da demarcação desses territórios.",vigente,"aba Geografia, linha 42","Base-Nacional-Comum-Curricular-BNCC.pdf, página PDF 379"
EF04GE07,ef-comp-ge,4,unidade_tematica,ef-comp-ge-ut-mundo-do-trabalho,,,,ef-comp-ge-oc-trabalho-no-campo-e-na-cidade,Comparar as características do trabalho no campo e na cidade.,vigente,"aba Geografia, linha 43","Base-Nacional-Comum-Curricular-BNCC.pdf, página PDF 379"
EF04GE08,ef-comp-ge,4,unidade_tematica,ef-comp-ge-ut-mundo-do-trabalho,,,,ef-comp-ge-oc-producao-circulacao-e-consumo,"Descrever e discutir o processo de produção (transformação de matérias-primas), circulação e consumo de diferentes produtos.",vigente,"aba Geografia, linha 44","Base-Nacional-Comum-Curricular-BNCC.pdf, página PDF 379"
EF04GE09,ef-comp-ge,4,unidade_tematica,ef-comp-ge-ut-formas-de-representacao-e-pensamento-espacial,,,,ef-comp-ge-oc-sistema-de-orientacao,Utilizar as direções cardeais na localização de componentes físicos e humanos nas paisagens rurais e urbanas.,vigente,"aba Geografia, linha 45","Base-Nacional-Comum-Curricular-BNCC.pdf, página PDF 379"
EF04GE10,ef-comp-ge,4,unidade_tematica,ef-comp-ge-ut-formas-de-representacao-e-pensamento-espacial,,,,ef-comp-ge-oc-elementos-constitutivos-dos-mapas,"Comparar tipos variados de mapas, identificando suas características, elaboradores, finalidades, diferenças e semelhanças.",vigente,"aba Geografia, linha 46","Base-Nacional-Comum-Curricular-BNCC.pdf, página PDF 379"
EF04GE11,ef-comp-ge,4,unidade_tematica,ef-comp-ge-ut-natureza-ambientes-e-qualidade-de-vida,,,,ef-comp-ge-oc-conservacao-e-degradacao-da-natureza,"Identificar as características das paisagens naturais e antrópicas (relevo, cobertura vegetal, rios etc.) no ambiente em que vive, bem como a ação humana na conservação ou degradação dessas áreas.",vigente,"aba Geografia, linha 47","Base-Nacional-Comum-Curricular-BNCC.pdf, página PDF 379"
EF05GE01,ef-comp-ge,5,unidade_tematica,ef-comp-ge-ut-o-sujeito-e-seu-lugar-no-mundo,,,,ef-comp-ge-oc-dinamica-populacional,"Descrever e analisar dinâmicas populacionais na Unidade da Federação em que vive, estabelecendo relações entre migrações e condições de infraestrutura.",vigente,"aba Geografia, linha 48","Base-Nacional-Comum-Curricular-BNCC.pdf, página PDF 381"
EF05GE02,ef-comp-ge,5,unidade_tematica,ef-comp-ge-ut-o-sujeito-e-seu-lugar-no-mundo,,,,ef-comp-ge-oc-diferencas-etnico-raciais-e-etnico-culturais-e-desigualdades-sociais,Identificar diferenças étnico-raciais e étnico-culturais e desigualdades sociais entre grupos em diferentes territórios.,vigente,"aba Geografia, linha 49","Base-Nacional-Comum-Curricular-BNCC.pdf, página PDF 381"
EF05GE03,ef-comp-ge,5,unidade_tematica,ef-comp-ge-ut-conexoes-e-escalas,,,,ef-comp-ge-oc-territorio-redes-e-urbanizacao,"Identificar as formas e funções das cidades e analisar as mudanças sociais, econômicas e ambientais provocadas pelo seu crescimento.",vigente,"aba Geografia, linha 50","Base-Nacional-Comum-Curricular-BNCC.pdf, página PDF 381"
EF05GE04,ef-comp-ge,5,unidade_tematica,ef-comp-ge-ut-conexoes-e-escalas,,,,ef-comp-ge-oc-territorio-redes-e-urbanizacao,Reconhecer as características da cidade e analisar as interações entre a cidade e o campo e entre cidades na rede urbana.,vigente,"aba Geografia, linha 51","Base-Nacional-Comum-Curricular-BNCC.pdf, página PDF 381"
EF05GE05,ef-comp-ge,5,unidade_tematica,ef-comp-ge-ut-mundo-do-trabalho,,,,ef-comp-ge-oc-trabalho-e-inovacao-tecnologica,"Identificar e comparar as mudanças dos tipos de trabalho e desenvolvimento tecnológico na agropecuária, na indústria, no comércio e nos serviços.",vigente,"aba Geografia, linha 52","Base-Nacional-Comum-Curricular-BNCC.pdf, página PDF 381"
EF05GE06,ef-comp-ge,5,unidade_tematica,ef-comp-ge-ut-mundo-do-trabalho,,,,ef-comp-ge-oc-trabalho-e-inovacao-tecnologica,Identificar e comparar transformações dos meios de transporte e de comunicação.,vigente,"aba Geografia, linha 53","Base-Nacional-Comum-Curricular-BNCC.pdf, página PDF 381"
EF05GE07,ef-comp-ge,5,unidade_tematica,ef-comp-ge-ut-mundo-do-trabalho,,,,ef-comp-ge-oc-trabalho-e-inovacao-tecnologica,"Identificar os diferentes tipos de energia utilizados na produção industrial, agrícola e extrativa e no cotidiano das populações.",vigente,"aba Geografia, linha 54","Base-Nacional-Comum-Curricular-BNCC.pdf, página PDF 381"
EF05GE08,ef-comp-ge,5,unidade_tematica,ef-comp-ge-ut-formas-de-representacao-e-pensamento-espacial,,,,ef-comp-ge-oc-mapas-e-imagens-de-satelite,"Analisar transformações de paisagens nas cidades, comparando sequência de fotografias, fotografias aéreas e imagens de satélite de épocas diferentes.",vigente,"aba Geografia, linha 55","Base-Nacional-Comum-Curricular-BNCC.pdf, página PDF 381"
EF05GE09,ef-comp-ge,5,unidade_tematica,ef-comp-ge-ut-formas-de-representacao-e-pensamento-espacial,,,,ef-comp-ge-oc-representacao-das-cidades-e-do-espaco-urbano,"Estabelecer conexões e hierarquias entre diferentes cidades, utilizando mapas temáticos e representações gráficas.",vigente,"aba Geografia, linha 56","Base-Nacional-Comum-Curricular-BNCC.pdf, página PDF 381"
EF05GE10,ef-comp-ge,5,unidade_tematica,ef-comp-ge-ut-natureza-ambientes-e-qualidade-de-vida,,,,ef-comp-ge-oc-qualidade-ambiental,"Reconhecer e comparar atributos da qualidade ambiental e algumas formas de poluição dos cursos de água e dos oceanos (esgotos, efluentes industriais, marés negras etc.).",vigente,"aba Geografia, linha 57","Base-Nacional-Comum-Curricular-BNCC.pdf, página PDF 381"
EF05GE11,ef-comp-ge,5,unidade_tematica,ef-comp-ge-ut-natureza-ambientes-e-qualidade-de-vida,,,,ef-comp-ge-oc-diferentes-tipos-de-poluicao,"Identificar e descrever problemas ambientais que ocorrem no entorno da escola e da residência (lixões, indústrias poluentes, destruição do patrimônio histórico etc.), propondo soluções (inclusive tecnológicas) para esses problemas.",vigente,"aba Geografia, linha 58","Base-Nacional-Comum-Curricular-BNCC.pdf, página PDF 381"
EF05GE12,ef-comp-ge,5,unidade_tematica,ef-comp-ge-ut-natureza-ambientes-e-qualidade-de-vida,,,,ef-comp-ge-oc-gestao-publica-da-qualidade-de-vida,"Identificar órgãos do poder público e canais de participação social responsáveis por buscar soluções para a melhoria da qualidade de vida (em áreas como meio ambiente, mobilidade, moradia e direito à cidade) e discutir as propostas implementadas por esses órgãos que afetam a comunidade em que vive.",vigente,"aba Geografia, linha 59","Base-Nacional-Comum-Curricular-BNCC.pdf, página PDF 381"
EF06GE01,ef-comp-ge,6,unidade_tematica,ef-comp-ge-ut-o-sujeito-e-seu-lugar-no-mundo,,,,ef-comp-ge-oc-identidade-sociocultural,Comparar modificações das paisagens nos lugares de vivência e os usos desses lugares em diferentes tempos.,vigente,"aba Geografia, linha 60","Base-Nacional-Comum-Curricular-BNCC.pdf, página PDF 387"
EF06GE02,ef-comp-ge,6,unidade_tematica,ef-comp-ge-ut-o-sujeito-e-seu-lugar-no-mundo,,,,ef-comp-ge-oc-identidade-sociocultural,"Analisar modificações de paisagens por diferentes tipos de sociedade, com destaque para os povos originários.",vigente,"aba Geografia, linha 61","Base-Nacional-Comum-Curricular-BNCC.pdf, página PDF 387"
EF06GE03,ef-comp-ge,6,unidade_tematica,ef-comp-ge-ut-conexoes-e-escalas,,,,ef-comp-ge-oc-relacoes-entre-os-componentes-fisico-naturais,"Descrever os movimentos do planeta e sua relação com a circulação geral da atmosfera, o tempo atmosférico e os padrões climáticos.",vigente,"aba Geografia, linha 62","Base-Nacional-Comum-Curricular-BNCC.pdf, página PDF 387"
EF06GE04,ef-comp-ge,6,unidade_tematica,ef-comp-ge-ut-conexoes-e-escalas,,,,ef-comp-ge-oc-relacoes-entre-os-componentes-fisico-naturais,"Descrever o ciclo da água, comparando o escoamento superficial no ambiente urbano e rural, reconhecendo os principais componentes da morfologia das bacias e das redes hidrográficas e a sua localização no modelado da superfície terrestre e da cobertura vegetal.",vigente,"aba Geografia, linha 63","Base-Nacional-Comum-Curricular-BNCC.pdf, página PDF 387"
EF06GE05,ef-comp-ge,6,unidade_tematica,ef-comp-ge-ut-conexoes-e-escalas,,,,ef-comp-ge-oc-relacoes-entre-os-componentes-fisico-naturais,"Relacionar padrões climáticos, tipos de solo, relevo e formações vegetais.",vigente,"aba Geografia, linha 64","Base-Nacional-Comum-Curricular-BNCC.pdf, página PDF 387"
EF06GE06,ef-comp-ge,6,unidade_tematica,ef-comp-ge-ut-mundo-do-trabalho,,,,ef-comp-ge-oc-transformacao-das-paisagens-naturais-e-antropicas,Identificar as características das paisagens transformadas pelo trabalho humano a partir do desenvolvimento da agropecuária e do processo de industrialização.,vigente,"aba Geografia, linha 65","Base-Nacional-Comum-Curricular-BNCC.pdf, página PDF 387"
EF06GE07,ef-comp-ge,6,unidade_tematica,ef-comp-ge-ut-mundo-do-trabalho,,,,ef-comp-ge-oc-transformacao-das-paisagens-naturais-e-antropicas,Explicar as mudanças na interação humana com a natureza a partir do surgimento das cidades.,vigente,"aba Geografia, linha 66","Base-Nacional-Comum-Curricular-BNCC.pdf, página PDF 387"
EF06GE08,ef-comp-ge,6,unidade_tematica,ef-comp-ge-ut-formas-de-representacao-e-pensamento-espacial,,,,ef-comp-ge-oc-fenomenos-naturais-e-sociais-representados-de-diferentes-maneiras,Medir distâncias na superfície pelas escalas gráficas e numéricas dos mapas.,vigente,"aba Geografia, linha 67","Base-Nacional-Comum-Curricular-BNCC.pdf, página PDF 387"
EF06GE09,ef-comp-ge,6,unidade_tematica,ef-comp-ge-ut-formas-de-representacao-e-pensamento-espacial,,,,ef-comp-ge-oc-fenomenos-naturais-e-sociais-representados-de-diferentes-maneiras,"Elaborar modelos tridimensionais, blocos-diagramas e perfis topográficos e de vegetação, visando à representação de elementos e estruturas da superfície terrestre.",vigente,"aba Geografia, linha 68","Base-Nacional-Comum-Curricular-BNCC.pdf, página PDF 387"
EF06GE10,ef-comp-ge,6,unidade_tematica,ef-comp-ge-ut-natureza-ambientes-e-qualidade-de-vida,,,,ef-comp-ge-oc-biodiversidade-e-ciclo-hidrologico,"Explicar as diferentes formas de uso do solo (rotação de terras, terraceamento, aterros etc.) e de apropriação dos recursos hídricos (sistema de irrigação, tratamento e redes de distribuição), bem como suas vantagens e desvantagens em diferentes épocas e lugares.",vigente,"aba Geografia, linha 69","Base-Nacional-Comum-Curricular-BNCC.pdf, página PDF 387"
EF06GE11,ef-comp-ge,6,unidade_tematica,ef-comp-ge-ut-natureza-ambientes-e-qualidade-de-vida,,,,ef-comp-ge-oc-biodiversidade-e-ciclo-hidrologico,"Analisar distintas interações das sociedades com a natureza, com base na distribuição dos componentes físico-naturais, incluindo as transformações da biodiversidade local e do mundo.",vigente,"aba Geografia, linha 70","Base-Nacional-Comum-Curricular-BNCC.pdf, página PDF 387"
EF06GE12,ef-comp-ge,6,unidade_tematica,ef-comp-ge-ut-natureza-ambientes-e-qualidade-de-vida,,,,ef-comp-ge-oc-biodiversidade-e-ciclo-hidrologico,"Identificar o consumo dos recursos hídricos e o uso das principais bacias hidrográficas no Brasil e no mundo, enfatizando as transformações nos ambientes urbanos.",vigente,"aba Geografia, linha 71","Base-Nacional-Comum-Curricular-BNCC.pdf, página PDF 387"
EF06GE13,ef-comp-ge,6,unidade_tematica,ef-comp-ge-ut-natureza-ambientes-e-qualidade-de-vida,,,,ef-comp-ge-oc-atividades-humanas-e-dinamica-climatica,"Analisar consequências, vantagens e desvantagens das práticas humanas na dinâmica climática (ilha de calor etc.).",vigente,"aba Geografia, linha 72","Base-Nacional-Comum-Curricular-BNCC.pdf, página PDF 387"
EF07GE01,ef-comp-ge,7,unidade_tematica,ef-comp-ge-ut-o-sujeito-e-seu-lugar-no-mundo,,,,ef-comp-ge-oc-ideias-e-concepcoes-sobre-a-formacao-territorial-do-brasil,"Avaliar, por meio de exemplos extraídos dos meios de comunicação, ideias e estereótipos acerca das paisagens e da formação territorial do Brasil.",vigente,"aba Geografia, linha 73","Base-Nacional-Comum-Curricular-BNCC.pdf, página PDF 389"
EF07GE02,ef-comp-ge,7,unidade_tematica,ef-comp-ge-ut-conexoes-e-escalas,,,,ef-comp-ge-oc-formacao-territorial-do-brasil,"Analisar a influência dos fluxos econômicos e populacionais na formação socioeconômica e territorial do Brasil, compreendendo os conflitos e as tensões históricas e contemporâneas.",vigente,"aba Geografia, linha 74","Base-Nacional-Comum-Curricular-BNCC.pdf, página PDF 389"
EF07GE03,ef-comp-ge,7,unidade_tematica,ef-comp-ge-ut-conexoes-e-escalas,,,,ef-comp-ge-oc-formacao-territorial-do-brasil,"Selecionar argumentos que reconheçam as territorialidades dos povos indígenas originários, das comunidades remanescentes de quilombos, de povos das florestas e do cerrado, de ribeirinhos e caiçaras, entre outros grupos sociais do campo e da cidade, como direitos legais dessas comunidades.",vigente,"aba Geografia, linha 75","Base-Nacional-Comum-Curricular-BNCC.pdf, página PDF 389"
EF07GE04,ef-comp-ge,7,unidade_tematica,ef-comp-ge-ut-conexoes-e-escalas,,,,ef-comp-ge-oc-caracteristicas-da-populacao-brasileira,"Analisar a distribuição territorial da população brasileira, considerando a diversidade étnico-cultural (indígena, africana, europeia e asiática), assim como aspectos de renda, sexo e idade nas regiões brasileiras.",vigente,"aba Geografia, linha 76","Base-Nacional-Comum-Curricular-BNCC.pdf, página PDF 389"
EF07GE05,ef-comp-ge,7,unidade_tematica,ef-comp-ge-ut-mundo-do-trabalho,,,,ef-comp-ge-oc-producao-circulacao-e-consumo-de-mercadorias,Analisar fatos e situações representativas das alterações ocorridas entre o período mercantilista e o advento do capitalismo.,vigente,"aba Geografia, linha 77","Base-Nacional-Comum-Curricular-BNCC.pdf, página PDF 389"
EF07GE06,ef-comp-ge,7,unidade_tematica,ef-comp-ge-ut-mundo-do-trabalho,,,,ef-comp-ge-oc-producao-circulacao-e-consumo-de-mercadorias,"Discutir em que medida a produção, a circulação e o consumo de mercadorias provocam impactos ambientais, assim como influem na distribuição de riquezas, em diferentes lugares.",vigente,"aba Geografia, linha 78","Base-Nacional-Comum-Curricular-BNCC.pdf, página PDF 389"
EF07GE07,ef-comp-ge,7,unidade_tematica,ef-comp-ge-ut-mundo-do-trabalho,,,,ef-comp-ge-oc-desigualdade-social-e-o-trabalho,Analisar a influência e o papel das redes de transporte e comunicação na configuração do território brasileiro.,vigente,"aba Geografia, linha 79","Base-Nacional-Comum-Curricular-BNCC.pdf, página PDF 389"
EF07GE08,ef-comp-ge,7,unidade_tematica,ef-comp-ge-ut-mundo-do-trabalho,,,,ef-comp-ge-oc-desigualdade-social-e-o-trabalho,Estabelecer relações entre os processos de industrialização e inovação tecnológica com as transformações socioeconômicas do território brasileiro.,vigente,"aba Geografia, linha 80","Base-Nacional-Comum-Curricular-BNCC.pdf, página PDF 389"
EF07GE09,ef-comp-ge,7,unidade_tematica,ef-comp-ge-ut-formas-de-representacao-e-pensamento-espacial,,,,ef-comp-ge-oc-mapas-tematicos-do-brasil,"Interpretar e elaborar mapas temáticos e históricos, inclusive utilizando tecnologias digitais, com informações demográficas e econômicas do Brasil (cartogramas), identificando padrões espaciais, regionalizações e analogias espaciais.",vigente,"aba Geografia, linha 81","Base-Nacional-Comum-Curricular-BNCC.pdf, página PDF 389"
EF07GE10,ef-comp-ge,7,unidade_tematica,ef-comp-ge-ut-formas-de-representacao-e-pensamento-espacial,,,,ef-comp-ge-oc-mapas-tematicos-do-brasil,"Elaborar e interpretar gráficos de barras, gráficos de setores e histogramas, com base em dados socioeconômicos das regiões brasileiras.",vigente,"aba Geografia, linha 82","Base-Nacional-Comum-Curricular-BNCC.pdf, página PDF 389"
EF07GE11,ef-comp-ge,7,unidade_tematica,ef-comp-ge-ut-natureza-ambientes-e-qualidade-de-vida,,,,ef-comp-ge-oc-biodiversidade-brasileira,"Caracterizar dinâmicas dos componentes físico-naturais no território nacional, bem como sua distribuição e biodiversidade (Florestas Tropicais, Cerrados, Caatingas, Campos Sulinos e Matas de Araucária).",vigente,"aba Geografia, linha 83","Base-Nacional-Comum-Curricular-BNCC.pdf, página PDF 389"
EF07GE12,ef-comp-ge,7,unidade_tematica,ef-comp-ge-ut-natureza-ambientes-e-qualidade-de-vida,,,,ef-comp-ge-oc-biodiversidade-brasileira,"Comparar unidades de conservação existentes no Município de residência e em outras localidades brasileiras, com base na organização do Sistema Nacional de Unidades de Conservação (SNUC).",vigente,"aba Geografia, linha 84","Base-Nacional-Comum-Curricular-BNCC.pdf, página PDF 389"
EF08GE01,ef-comp-ge,8,unidade_tematica,ef-comp-ge-ut-o-sujeito-e-seu-lugar-no-mundo,,,,ef-comp-ge-oc-distribuicao-da-populacao-mundial-e-deslocamentos-populacionais,"Descrever as rotas de dispersão da população humana pelo planeta e os principais fluxos migratórios em diferentes períodos da história, discutindo os fatores históricos e condicionantes físico-naturais associados à distribuição da população humana pelos continentes.",vigente,"aba Geografia, linha 85","Base-Nacional-Comum-Curricular-BNCC.pdf, página PDF 391"
EF08GE02,ef-comp-ge,8,unidade_tematica,ef-comp-ge-ut-o-sujeito-e-seu-lugar-no-mundo,,,,ef-comp-ge-oc-diversidade-e-dinamica-da-populacao-mundial-e-local,"Relacionar fatos e situações representativas da história das famílias do Município em que se localiza a escola, considerando a diversidade e os fluxos migratórios da população mundial.",vigente,"aba Geografia, linha 86","Base-Nacional-Comum-Curricular-BNCC.pdf, página PDF 391"
EF08GE03,ef-comp-ge,8,unidade_tematica,ef-comp-ge-ut-o-sujeito-e-seu-lugar-no-mundo,,,,ef-comp-ge-oc-diversidade-e-dinamica-da-populacao-mundial-e-local,"Analisar aspectos representativos da dinâmica demográfica, considerando características da população (perfil etário, crescimento vegetativo e mobilidade espacial).",vigente,"aba Geografia, linha 87","Base-Nacional-Comum-Curricular-BNCC.pdf, página PDF 391"
EF08GE04,ef-comp-ge,8,unidade_tematica,ef-comp-ge-ut-o-sujeito-e-seu-lugar-no-mundo,,,,ef-comp-ge-oc-diversidade-e-dinamica-da-populacao-mundial-e-local,"Compreender os fluxos de migração na América Latina (movimentos voluntários e forçados, assim como fatores e áreas de expulsão e atração) e as principais políticas migratórias da região.",vigente,"aba Geografia, linha 88","Base-Nacional-Comum-Curricular-BNCC.pdf, página PDF 391"
EF08GE05,ef-comp-ge,8,unidade_tematica,ef-comp-ge-ut-conexoes-e-escalas,,,,ef-comp-ge-oc-corporacoes-e-organismos-internacionais-e-do-brasil-na-ordem-economica-mundial,"Aplicar os conceitos de Estado, nação, território, governo e país para o entendimento de conflitos e tensões na contemporaneidade, com destaque para as situações geopolíticas na América e na África e suas múltiplas regionalizações a partir do pós-guerra.",vigente,"aba Geografia, linha 89","Base-Nacional-Comum-Curricular-BNCC.pdf, página PDF 391"
EF08GE06,ef-comp-ge,8,unidade_tematica,ef-comp-ge-ut-conexoes-e-escalas,,,,ef-comp-ge-oc-corporacoes-e-organismos-internacionais-e-do-brasil-na-ordem-economica-mundial,"Analisar a atuação das organizações mundiais nos processos de integração cultural e econômica nos contextos americano e africano, reconhecendo, em seus lugares de vivência, marcas desses processos.",vigente,"aba Geografia, linha 90","Base-Nacional-Comum-Curricular-BNCC.pdf, página PDF 391"
EF08GE07,ef-comp-ge,8,unidade_tematica,ef-comp-ge-ut-conexoes-e-escalas,,,,ef-comp-ge-oc-corporacoes-e-organismos-internacionais-e-do-brasil-na-ordem-economica-mundial,"Analisar os impactos geoeconômicos, geoestratégicos e geopolíticos da ascensão dos Estados Unidos da América no cenário internacional em sua posição de liderança global e na relação com a China e o Brasil.",vigente,"aba Geografia, linha 91","Base-Nacional-Comum-Curricular-BNCC.pdf, página PDF 391"
EF08GE08,ef-comp-ge,8,unidade_tematica,ef-comp-ge-ut-conexoes-e-escalas,,,,ef-comp-ge-oc-corporacoes-e-organismos-internacionais-e-do-brasil-na-ordem-economica-mundial,"Analisar a situação do Brasil e de outros países da América Latina e da África, assim como da potência estadunidense na ordem mundial do pós-guerra.",vigente,"aba Geografia, linha 92","Base-Nacional-Comum-Curricular-BNCC.pdf, página PDF 391"
EF08GE09,ef-comp-ge,8,unidade_tematica,ef-comp-ge-ut-conexoes-e-escalas,,,,ef-comp-ge-oc-corporacoes-e-organismos-internacionais-e-do-brasil-na-ordem-economica-mundial,"Analisar os padrões econômicos mundiais de produção, distribuição e intercâmbio dos produtos agrícolas e industrializados, tendo como referência os Estados Unidos da América e os países denominados de Brics (Brasil, Rússia, Índia, China e África do Sul).",vigente,"aba Geografia, linha 93","Base-Nacional-Comum-Curricular-BNCC.pdf, página PDF 391"
EF08GE10,ef-comp-ge,8,unidade_tematica,ef-comp-ge-ut-conexoes-e-escalas,,,,ef-comp-ge-oc-corporacoes-e-organismos-internacionais-e-do-brasil-na-ordem-economica-mundial,"Distinguir e analisar conflitos e ações dos movimentos sociais brasileiros, no campo e na cidade, comparando com outros movimentos sociais existentes nos países latino-americanos.",vigente,"aba Geografia, linha 94","Base-Nacional-Comum-Curricular-BNCC.pdf, página PDF 391"
EF08GE11,ef-comp-ge,8,unidade_tematica,ef-comp-ge-ut-conexoes-e-escalas,,,,ef-comp-ge-oc-corporacoes-e-organismos-internacionais-e-do-brasil-na-ordem-economica-mundial,Analisar áreas de conflito e tensões nas regiões de fronteira do continente latino-americano e o papel de organismos internacionais e regionais de cooperação nesses cenários.,vigente,"aba Geografia, linha 95","Base-Nacional-Comum-Curricular-BNCC.pdf, página PDF 391"
EF08GE12,ef-comp-ge,8,unidade_tematica,ef-comp-ge-ut-conexoes-e-escalas,,,,ef-comp-ge-oc-corporacoes-e-organismos-internacionais-e-do-brasil-na-ordem-economica-mundial,"Compreender os objetivos e analisar a importância dos organismos de integração do território americano (Mercosul, OEA, OEI, Nafta, Unasul, Alba, Comunidade Andina, Aladi, entre outros).",vigente,"aba Geografia, linha 96","Base-Nacional-Comum-Curricular-BNCC.pdf, página PDF 391"
EF08GE13,ef-comp-ge,8,unidade_tematica,ef-comp-ge-ut-mundo-do-trabalho,,,,ef-comp-ge-oc-os-diferentes-contextos-e-os-meios-tecnico-e-tecnologico-na-producao,Analisar a influência do desenvolvimento científico e tecnológico na caracterização dos tipos de trabalho e na economia dos espaços urbanos e rurais da América e da África.,vigente,"aba Geografia, linha 97","Base-Nacional-Comum-Curricular-BNCC.pdf, página PDF 393"
EF08GE14,ef-comp-ge,8,unidade_tematica,ef-comp-ge-ut-mundo-do-trabalho,,,,ef-comp-ge-oc-os-diferentes-contextos-e-os-meios-tecnico-e-tecnologico-na-producao,"Analisar os processos de desconcentração, descentralização e recentralização das atividades econômicas a partir do capital estadunidense e chinês em diferentes regiões no mundo, com destaque para o Brasil.",vigente,"aba Geografia, linha 98","Base-Nacional-Comum-Curricular-BNCC.pdf, página PDF 393"
EF08GE15,ef-comp-ge,8,unidade_tematica,ef-comp-ge-ut-mundo-do-trabalho,,,,ef-comp-ge-oc-transformacoes-do-espaco-na-sociedade-urbano-industrial-na-america-latina,"Analisar a importância dos principais recursos hídricos da America Latina (Aquífero Guarani, Bacias do rio da Prata, do Amazonas e do Orinoco, sistemas de nuvens na Amazônia e nos Andes, entre outros) e discutir os desafios relacionados à gestão e comercialização da água.",vigente,"aba Geografia, linha 99","Base-Nacional-Comum-Curricular-BNCC.pdf, página PDF 393"
EF08GE16,ef-comp-ge,8,unidade_tematica,ef-comp-ge-ut-mundo-do-trabalho,,,,ef-comp-ge-oc-transformacoes-do-espaco-na-sociedade-urbano-industrial-na-america-latina,"Analisar as principais problemáticas comuns às grandes cidades latino-americanas, particularmente aquelas relacionadas à distribuição, estrutura e dinâmica da população e às condições de vida e trabalho.",vigente,"aba Geografia, linha 100","Base-Nacional-Comum-Curricular-BNCC.pdf, página PDF 393"
EF08GE17,ef-comp-ge,8,unidade_tematica,ef-comp-ge-ut-mundo-do-trabalho,,,,ef-comp-ge-oc-transformacoes-do-espaco-na-sociedade-urbano-industrial-na-america-latina,"Analisar a segregação socioespacial em ambientes urbanos da América Latina, com atenção especial ao estudo de favelas, alagados e zona de riscos.",vigente,"aba Geografia, linha 101","Base-Nacional-Comum-Curricular-BNCC.pdf, página PDF 393"
EF08GE18,ef-comp-ge,8,unidade_tematica,ef-comp-ge-ut-formas-de-representacao-e-pensamento-espacial,,,,ef-comp-ge-oc-cartografia-anamorfose-croquis-e-mapas-tematicos-da-america-e-africa,"Elaborar mapas ou outras formas de representação cartográfica para analisar as redes e as dinâmicas urbanas e rurais, ordenamento territorial, contextos culturais, modo de vida e usos e ocupação de solos da África e América.",vigente,"aba Geografia, linha 102","Base-Nacional-Comum-Curricular-BNCC.pdf, página PDF 393"
EF08GE19,ef-comp-ge,8,unidade_tematica,ef-comp-ge-ut-formas-de-representacao-e-pensamento-espacial,,,,ef-comp-ge-oc-cartografia-anamorfose-croquis-e-mapas-tematicos-da-america-e-africa,"Interpretar cartogramas, mapas esquemáticos (croquis) e anamorfoses geográficas com informações geográficas acerca da África e América.",vigente,"aba Geografia, linha 103","Base-Nacional-Comum-Curricular-BNCC.pdf, página PDF 393"
EF08GE20,ef-comp-ge,8,unidade_tematica,ef-comp-ge-ut-natureza-ambientes-e-qualidade-de-vida,,,,ef-comp-ge-oc-identidades-e-interculturalidades-regionais-estados-unidos-da-america-america-espanhola-e-portuguesa-e-africa,"Analisar características de países e grupos de países da América e da África no que se refere aos aspectos populacionais, urbanos, políticos e econômicos, e discutir as desigualdades sociais e econômicas e as pressões sobre a natureza e suas riquezas (sua apropriação e valoração na produção e circulação), o que resulta na espoliação desses povos.",vigente,"aba Geografia, linha 104","Base-Nacional-Comum-Curricular-BNCC.pdf, página PDF 393"
EF08GE21,ef-comp-ge,8,unidade_tematica,ef-comp-ge-ut-natureza-ambientes-e-qualidade-de-vida,,,,ef-comp-ge-oc-identidades-e-interculturalidades-regionais-estados-unidos-da-america-america-espanhola-e-portuguesa-e-africa,"Analisar o papel ambiental e territorial da Antártica no contexto geopolítico, sua relevância para os países da América do Sul e seu valor como área destinada à pesquisa e à compreensão do ambiente global.",vigente,"aba Geografia, linha 105","Base-Nacional-Comum-Curricular-BNCC.pdf, página PDF 393"
EF08GE22,ef-comp-ge,8,unidade_tematica,ef-comp-ge-ut-natureza-ambientes-e-qualidade-de-vida,,,,ef-comp-ge-oc-diversidade-ambiental-e-as-transformacoes-nas-paisagens-na-america-latina,"Identificar os principais recursos naturais dos países da América Latina, analisando seu uso para a produção de matéria-prima e energia e sua relevância para a cooperação entre os países do Mercosul.",vigente,"aba Geografia, linha 106","Base-Nacional-Comum-Curricular-BNCC.pdf, página PDF 393"
EF08GE23,ef-comp-ge,8,unidade_tematica,ef-comp-ge-ut-natureza-ambientes-e-qualidade-de-vida,,,,ef-comp-ge-oc-diversidade-ambiental-e-as-transformacoes-nas-paisagens-na-america-latina,"Identificar paisagens da América Latina e associá-las, por meio da cartografia, aos diferentes povos da região, com base em aspectos da geomorfologia, da biogeografia e da climatologia.",vigente,"aba Geografia, linha 107","Base-Nacional-Comum-Curricular-BNCC.pdf, página PDF 393"
EF08GE24,ef-comp-ge,8,unidade_tematica,ef-comp-ge-ut-natureza-ambientes-e-qualidade-de-vida,,,,ef-comp-ge-oc-diversidade-ambiental-e-as-transformacoes-nas-paisagens-na-america-latina,"Analisar as principais características produtivas dos países latino-americanos (como exploração mineral na Venezuela; agricultura de alta especialização e exploração mineira no Chile; circuito da carne nos pampas argentinos e no Brasil; circuito da cana-de-açúcar em Cuba; polígono industrial do sudeste brasileiro e plantações de soja no centro-oeste; maquiladoras mexicanas, entre outros).",vigente,"aba Geografia, linha 108","Base-Nacional-Comum-Curricular-BNCC.pdf, página PDF 393"
EF09GE01,ef-comp-ge,9,unidade_tematica,ef-comp-ge-ut-o-sujeito-e-seu-lugar-no-mundo,,,,ef-comp-ge-oc-a-hegemonia-europeia-na-economia-na-politica-e-na-cultura,"Analisar criticamente de que forma a hegemonia europeia foi exercida em várias regiões do planeta, notadamente em situações de conflito, intervenções militares e/ou influência cultural em diferentes tempos e lugares.",vigente,"aba Geografia, linha 109","Base-Nacional-Comum-Curricular-BNCC.pdf, página PDF 395"
EF09GE02,ef-comp-ge,9,unidade_tematica,ef-comp-ge-ut-o-sujeito-e-seu-lugar-no-mundo,,,,ef-comp-ge-oc-corporacoes-e-organismos-internacionais,"Analisar a atuação das corporações internacionais e das organizações econômicas mundiais na vida da população em relação ao consumo, à cultura e à mobilidade.",vigente,"aba Geografia, linha 110","Base-Nacional-Comum-Curricular-BNCC.pdf, página PDF 395"
EF09GE03,ef-comp-ge,9,unidade_tematica,ef-comp-ge-ut-o-sujeito-e-seu-lugar-no-mundo,,,,ef-comp-ge-oc-as-manifestacoes-culturais-na-formacao-populacional,"Identificar diferentes manifestações culturais de minorias étnicas como forma de compreender a multiplicidade cultural na escala mundial, defendendo o princípio do respeito às diferenças.",vigente,"aba Geografia, linha 111","Base-Nacional-Comum-Curricular-BNCC.pdf, página PDF 395"
EF09GE04,ef-comp-ge,9,unidade_tematica,ef-comp-ge-ut-o-sujeito-e-seu-lugar-no-mundo,,,,ef-comp-ge-oc-as-manifestacoes-culturais-na-formacao-populacional,"Relacionar diferenças de paisagens aos modos de viver de diferentes povos na Europa, Ásia e Oceania, valorizando identidades e interculturalidades regionais.",vigente,"aba Geografia, linha 112","Base-Nacional-Comum-Curricular-BNCC.pdf, página PDF 395"
EF09GE05,ef-comp-ge,9,unidade_tematica,ef-comp-ge-ut-conexoes-e-escalas,,,,ef-comp-ge-oc-integracao-mundial-e-suas-interpretacoes-globalizacao-e-mundializacao,"Analisar fatos e situações para compreender a integração mundial (econômica, política e cultural), comparando as diferentes interpretações: globalização e mundialização.",vigente,"aba Geografia, linha 113","Base-Nacional-Comum-Curricular-BNCC.pdf, página PDF 395"
EF09GE06,ef-comp-ge,9,unidade_tematica,ef-comp-ge-ut-conexoes-e-escalas,,,,ef-comp-ge-oc-a-divisao-do-mundo-em-ocidente-e-oriente,Associar o critério de divisão do mundo em Ocidente e Oriente com o Sistema Colonial implantado pelas potências europeias.,vigente,"aba Geografia, linha 114","Base-Nacional-Comum-Curricular-BNCC.pdf, página PDF 395"
EF09GE07,ef-comp-ge,9,unidade_tematica,ef-comp-ge-ut-conexoes-e-escalas,,,,ef-comp-ge-oc-intercambios-historicos-e-culturais-entre-europa-asia-e-oceania,Analisar os componentes físico-naturais da Eurásia e os determinantes histórico-geográficos de sua divisão em Europa e Ásia.,vigente,"aba Geografia, linha 115","Base-Nacional-Comum-Curricular-BNCC.pdf, página PDF 395"
EF09GE08,ef-comp-ge,9,unidade_tematica,ef-comp-ge-ut-conexoes-e-escalas,,,,ef-comp-ge-oc-intercambios-historicos-e-culturais-entre-europa-asia-e-oceania,"Analisar transformações territoriais, considerando o movimento de fronteiras, tensões, conflitos e múltiplas regionalidades na Europa, na Ásia e na Oceania.",vigente,"aba Geografia, linha 116","Base-Nacional-Comum-Curricular-BNCC.pdf, página PDF 395"
EF09GE09,ef-comp-ge,9,unidade_tematica,ef-comp-ge-ut-conexoes-e-escalas,,,,ef-comp-ge-oc-intercambios-historicos-e-culturais-entre-europa-asia-e-oceania,"Analisar características de países e grupos de países europeus, asiáticos e da Oceania em seus aspectos populacionais, urbanos, políticos e econômicos, e discutir suas desigualdades sociais e econômicas e pressões sobre seus ambientes físico-naturais.",vigente,"aba Geografia, linha 117","Base-Nacional-Comum-Curricular-BNCC.pdf, página PDF 395"
EF09GE10,ef-comp-ge,9,unidade_tematica,ef-comp-ge-ut-mundo-do-trabalho,,,,ef-comp-ge-oc-transformacoes-do-espaco-na-sociedade-urbano-industrial,"Analisar os impactos do processo de industrialização na produção e circulação de produtos e culturas na Europa, na Ásia e na Oceania.",vigente,"aba Geografia, linha 118","Base-Nacional-Comum-Curricular-BNCC.pdf, página PDF 395"
EF09GE11,ef-comp-ge,9,unidade_tematica,ef-comp-ge-ut-mundo-do-trabalho,,,,ef-comp-ge-oc-transformacoes-do-espaco-na-sociedade-urbano-industrial,Relacionar as mudanças técnicas e científicas decorrentes do processo de industrialização com as transformações no trabalho em diferentes regiões do mundo e suas consequências no Brasil.,vigente,"aba Geografia, linha 119","Base-Nacional-Comum-Curricular-BNCC.pdf, página PDF 395"
EF09GE12,ef-comp-ge,9,unidade_tematica,ef-comp-ge-ut-mundo-do-trabalho,,,,ef-comp-ge-oc-cadeias-industriais-e-inovacao-no-uso-dos-recursos-naturais-e-materias-primas,"Relacionar o processo de urbanização às transformações da produção agropecuária, à expansão do desemprego estrutural e ao papel crescente do capital financeiro em diferentes países, com destaque para o Brasil.",vigente,"aba Geografia, linha 120","Base-Nacional-Comum-Curricular-BNCC.pdf, página PDF 395"
EF09GE13,ef-comp-ge,9,unidade_tematica,ef-comp-ge-ut-mundo-do-trabalho,,,,ef-comp-ge-oc-cadeias-industriais-e-inovacao-no-uso-dos-recursos-naturais-e-materias-primas,Analisar a importância da produção agropecuária na sociedade urbano-industrial ante o problema da desigualdade mundial de acesso aos recursos alimentares e à matéria-prima.,vigente,"aba Geografia, linha 121","Base-Nacional-Comum-Curricular-BNCC.pdf, página PDF 395"
EF09GE14,ef-comp-ge,9,unidade_tematica,ef-comp-ge-ut-formas-de-representacao-e-pensamento-espacial,,,,ef-comp-ge-oc-leitura-e-elaboracao-de-mapas-tematicos-croquis-e-outras-formas-de-representacao-para-analisar-informacoes-geograficas,"Elaborar e interpretar gráficos de barras e de setores, mapas temáticos e esquemáticos (croquis) e anamorfoses geográficas para analisar, sintetizar e apresentar dados e informações sobre diversidade, diferenças e desigualdades sociopolíticas e geopolíticas mundiais.",vigente,"aba Geografia, linha 122","Base-Nacional-Comum-Curricular-BNCC.pdf, página PDF 397"
EF09GE15,ef-comp-ge,9,unidade_tematica,ef-comp-ge-ut-formas-de-representacao-e-pensamento-espacial,,,,ef-comp-ge-oc-leitura-e-elaboracao-de-mapas-tematicos-croquis-e-outras-formas-de-representacao-para-analisar-informacoes-geograficas,"Comparar e classificar diferentes regiões do mundo com base em informações populacionais, econômicas e socioambientais representadas em mapas temáticos e com diferentes projeções cartográficas.",vigente,"aba Geografia, linha 123","Base-Nacional-Comum-Curricular-BNCC.pdf, página PDF 397"
EF09GE16,ef-comp-ge,9,unidade_tematica,ef-comp-ge-ut-natureza-ambientes-e-qualidade-de-vida,,,,ef-comp-ge-oc-diversidade-ambiental-e-as-transformacoes-nas-paisagens-na-europa-na-asia-e-na-oceania,"Identificar e comparar diferentes domínios morfoclimáticos da Europa, da Ásia e da Oceania.",vigente,"aba Geografia, linha 124","Base-Nacional-Comum-Curricular-BNCC.pdf, página PDF 397"
EF09GE17,ef-comp-ge,9,unidade_tematica,ef-comp-ge-ut-natureza-ambientes-e-qualidade-de-vida,,,,ef-comp-ge-oc-diversidade-ambiental-e-as-transformacoes-nas-paisagens-na-europa-na-asia-e-na-oceania,"Explicar as características físico-naturais e a forma de ocupação e usos da terra em diferentes regiões da Europa, da Ásia e da Oceania.",vigente,"aba Geografia, linha 125","Base-Nacional-Comum-Curricular-BNCC.pdf, página PDF 397"
EF09GE18,ef-comp-ge,9,unidade_tematica,ef-comp-ge-ut-natureza-ambientes-e-qualidade-de-vida,,,,ef-comp-ge-oc-diversidade-ambiental-e-as-transformacoes-nas-paisagens-na-europa-na-asia-e-na-oceania,"Identificar e analisar as cadeias industriais e de inovação e as consequências dos usos de recursos naturais e das diferentes fontes de energia (tais como termoelétrica, hidrelétrica, eólica e nuclear) em diferentes países.",vigente,"aba Geografia, linha 126","Base-Nacional-Comum-Curricular-BNCC.pdf, página PDF 397"
EF01HI01,ef-comp-hi,1,unidade_tematica,ef-comp-hi-ut-mundo-pessoal-meu-lugar-no-mundo,,,,ef-comp-hi-oc-as-fases-da-vida-e-a-ideia-de-temporalidade-passado-presente-futuro,Identificar aspectos do seu crescimento por meio do registro das lembranças particulares ou de lembranças dos membros de sua família e/ou de sua comunidade.,vigente,"aba História, linha 4","Base-Nacional-Comum-Curricular-BNCC.pdf, página PDF 409"
EF01HI02,ef-comp-hi,1,unidade_tematica,ef-comp-hi-ut-mundo-pessoal-meu-lugar-no-mundo,,,,ef-comp-hi-oc-as-diferentes-formas-de-organizacao-da-familia-e-da-comunidade-os-vinculos-pessoais-e-as-relacoes-de-amizade,Identificar a relação entre as suas histórias e as histórias de sua família e de sua comunidade.,vigente,"aba História, linha 5","Base-Nacional-Comum-Curricular-BNCC.pdf, página PDF 409"
EF01HI03,ef-comp-hi,1,unidade_tematica,ef-comp-hi-ut-mundo-pessoal-meu-lugar-no-mundo,,,,ef-comp-hi-oc-as-diferentes-formas-de-organizacao-da-familia-e-da-comunidade-os-vinculos-pessoais-e-as-relacoes-de-amizade,"Descrever e distinguir os seus papéis e responsabilidades relacionados à família, à escola e à comunidade.",vigente,"aba História, linha 6","Base-Nacional-Comum-Curricular-BNCC.pdf, página PDF 409"
EF01HI04,ef-comp-hi,1,unidade_tematica,ef-comp-hi-ut-mundo-pessoal-meu-lugar-no-mundo,,,,ef-comp-hi-oc-a-escola-e-a-diversidade-do-grupo-social-envolvido,"Identificar as diferenças entre os variados ambientes em que vive (doméstico, escolar e da comunidade), reconhecendo as especificidades dos hábitos e das regras que os regem.",vigente,"aba História, linha 7","Base-Nacional-Comum-Curricular-BNCC.pdf, página PDF 409"
EF01HI05,ef-comp-hi,1,unidade_tematica,ef-comp-hi-ut-mundo-pessoal-eu-meu-grupo-social-e-meu-tempo,,,,ef-comp-hi-oc-a-vida-em-casa-a-vida-na-escola-e-formas-de-representacao-social-e-espacial-os-jogos-e-brincadeiras-como-forma-de-interacao-social-e-espacial,Identificar semelhanças e diferenças entre jogos e brincadeiras atuais e de outras épocas e lugares.,vigente,"aba História, linha 8","Base-Nacional-Comum-Curricular-BNCC.pdf, página PDF 409"
EF01HI06,ef-comp-hi,1,unidade_tematica,ef-comp-hi-ut-mundo-pessoal-eu-meu-grupo-social-e-meu-tempo,,,,ef-comp-hi-oc-a-vida-em-familia-diferentes-configuracoes-e-vinculos,Conhecer as histórias da família e da escola e identificar o papel desempenhado por diferentes sujeitos em diferentes espaços.,vigente,"aba História, linha 9","Base-Nacional-Comum-Curricular-BNCC.pdf, página PDF 409"
EF01HI07,ef-comp-hi,1,unidade_tematica,ef-comp-hi-ut-mundo-pessoal-eu-meu-grupo-social-e-meu-tempo,,,,ef-comp-hi-oc-a-vida-em-familia-diferentes-configuracoes-e-vinculos,Identificar mudanças e permanências nas formas de organização familiar.,vigente,"aba História, linha 10","Base-Nacional-Comum-Curricular-BNCC.pdf, página PDF 409"
EF01HI08,ef-comp-hi,1,unidade_tematica,ef-comp-hi-ut-mundo-pessoal-eu-meu-grupo-social-e-meu-tempo,,,,ef-comp-hi-oc-a-escola-sua-representacao-espacial-sua-historia-e-seu-papel-na-comunidade,"Reconhecer o significado das comemorações e festas escolares, diferenciando-as das datas festivas comemoradas no âmbito familiar ou da comunidade.",vigente,"aba História, linha 11","Base-Nacional-Comum-Curricular-BNCC.pdf, página PDF 409"
EF02HI01,ef-comp-hi,2,unidade_tematica,ef-comp-hi-ut-a-comunidade-e-seus-registros,,,,ef-comp-hi-oc-a-nocao-do-eu-e-do-outro-comunidade-convivencias-e-interacoes-entre-pessoas,Reconhecer espaços de sociabilidade e identificar os motivos que aproximam e separam as pessoas em diferentes grupos sociais ou de parentesco.,vigente,"aba História, linha 12","Base-Nacional-Comum-Curricular-BNCC.pdf, página PDF 411"
EF02HI02,ef-comp-hi,2,unidade_tematica,ef-comp-hi-ut-a-comunidade-e-seus-registros,,,,ef-comp-hi-oc-a-nocao-do-eu-e-do-outro-comunidade-convivencias-e-interacoes-entre-pessoas,Identificar e descrever práticas e papéis sociais que as pessoas exercem em diferentes comunidades.,vigente,"aba História, linha 13","Base-Nacional-Comum-Curricular-BNCC.pdf, página PDF 411"
EF02HI03,ef-comp-hi,2,unidade_tematica,ef-comp-hi-ut-a-comunidade-e-seus-registros,,,,ef-comp-hi-oc-a-nocao-do-eu-e-do-outro-comunidade-convivencias-e-interacoes-entre-pessoas,"Selecionar situações cotidianas que remetam à percepção de mudança, pertencimento e memória.",vigente,"aba História, linha 14","Base-Nacional-Comum-Curricular-BNCC.pdf, página PDF 411"
EF02HI04,ef-comp-hi,2,unidade_tematica,ef-comp-hi-ut-a-comunidade-e-seus-registros,,,,ef-comp-hi-oc-a-nocao-do-eu-e-do-outro-registros-de-experiencias-pessoais-e-da-comunidade-no-tempo-e-no-espaco,"Selecionar e compreender o significado de objetos e documentos pessoais como fontes de memórias e histórias nos âmbitos pessoal, familiar, escolar e comunitário.",vigente,"aba História, linha 15","Base-Nacional-Comum-Curricular-BNCC.pdf, página PDF 411"
EF02HI05,ef-comp-hi,2,unidade_tematica,ef-comp-hi-ut-a-comunidade-e-seus-registros,,,,ef-comp-hi-oc-formas-de-registrar-e-narrar-historias-marcos-de-memoria-materiais-e-imateriais,"Selecionar objetos e documentos pessoais e de grupos próximos ao seu convívio e compreender sua função, seu uso e seu significado.",vigente,"aba História, linha 16","Base-Nacional-Comum-Curricular-BNCC.pdf, página PDF 411"
EF02HI06,ef-comp-hi,2,unidade_tematica,ef-comp-hi-ut-a-comunidade-e-seus-registros,,,,ef-comp-hi-oc-o-tempo-como-medida,"Identificar e organizar, temporalmente, fatos da vida cotidiana, usando noções relacionadas ao tempo (antes, durante, ao mesmo tempo e depois).",vigente,"aba História, linha 17","Base-Nacional-Comum-Curricular-BNCC.pdf, página PDF 411"
EF02HI07,ef-comp-hi,2,unidade_tematica,ef-comp-hi-ut-a-comunidade-e-seus-registros,,,,ef-comp-hi-oc-o-tempo-como-medida,"Identificar e utilizar diferentes marcadores do tempo presentes na comunidade, como relógio e calendário.",vigente,"aba História, linha 18","Base-Nacional-Comum-Curricular-BNCC.pdf, página PDF 411"
EF02HI08,ef-comp-hi,2,unidade_tematica,ef-comp-hi-ut-as-formas-de-registrar-as-experiencias-da-comunidade,,,,ef-comp-hi-oc-as-fontes-relatos-orais-objetos-imagens-pinturas-fotografias-videos-musicas-escrita-tecnologias-digitais-de-informacao-e-comunicacao-e-inscricoes-nas-paredes-ruas-e-espacos-sociais,Compilar histórias da família e/ou da comunidade registradas em diferentes fontes.,vigente,"aba História, linha 19","Base-Nacional-Comum-Curricular-BNCC.pdf, página PDF 411"
EF02HI09,ef-comp-hi,2,unidade_tematica,ef-comp-hi-ut-as-formas-de-registrar-as-experiencias-da-comunidade,,,,ef-comp-hi-oc-as-fontes-relatos-orais-objetos-imagens-pinturas-fotografias-videos-musicas-escrita-tecnologias-digitais-de-informacao-e-comunicacao-e-inscricoes-nas-paredes-ruas-e-espacos-sociais,"Identificar objetos e documentos pessoais que remetam à própria experiência no âmbito da família e/ou da comunidade, discutindo as razões pelas quais alguns objetos são preservados e outros são descartados.",vigente,"aba História, linha 20","Base-Nacional-Comum-Curricular-BNCC.pdf, página PDF 411"
EF02HI10,ef-comp-hi,2,unidade_tematica,ef-comp-hi-ut-o-trabalho-e-a-sustentabilidade-na-comunidade,,,,ef-comp-hi-oc-a-sobrevivencia-e-a-relacao-com-a-natureza,"Identificar diferentes formas de trabalho existentes na comunidade em que vive, seus significados, suas especificidades e importância.",vigente,"aba História, linha 21","Base-Nacional-Comum-Curricular-BNCC.pdf, página PDF 411"
EF02HI11,ef-comp-hi,2,unidade_tematica,ef-comp-hi-ut-o-trabalho-e-a-sustentabilidade-na-comunidade,,,,ef-comp-hi-oc-a-sobrevivencia-e-a-relacao-com-a-natureza,Identificar impactos no ambiente causados pelas diferentes formas de trabalho existentes na comunidade em que vive.,vigente,"aba História, linha 22","Base-Nacional-Comum-Curricular-BNCC.pdf, página PDF 411"
EF03HI01,ef-comp-hi,3,unidade_tematica,ef-comp-hi-ut-as-pessoas-e-os-grupos-que-compoem-a-cidade-e-o-municipio,,,,ef-comp-hi-oc-o-eu-o-outro-e-os-diferentes-grupos-sociais-e-etnicos-que-compoem-a-cidade-e-os-municipios-os-desafios-sociais-culturais-e-ambientais-do-lugar-onde-vive,"Identificar os grupos populacionais que formam a cidade, o município e a região, as relações estabelecidas entre eles e os eventos que marcam a formação da cidade, como fenômenos migratórios (vida rural/vida urbana), desmatamentos, estabelecimento de grandes empresas etc.",vigente,"aba História, linha 23","Base-Nacional-Comum-Curricular-BNCC.pdf, página PDF 413"
EF03HI02,ef-comp-hi,3,unidade_tematica,ef-comp-hi-ut-as-pessoas-e-os-grupos-que-compoem-a-cidade-e-o-municipio,,,,ef-comp-hi-oc-o-eu-o-outro-e-os-diferentes-grupos-sociais-e-etnicos-que-compoem-a-cidade-e-os-municipios-os-desafios-sociais-culturais-e-ambientais-do-lugar-onde-vive,"Selecionar, por meio da consulta de fontes de diferentes naturezas, e registrar acontecimentos ocorridos ao longo do tempo na cidade ou região em que vive.",vigente,"aba História, linha 24","Base-Nacional-Comum-Curricular-BNCC.pdf, página PDF 413"
EF03HI03,ef-comp-hi,3,unidade_tematica,ef-comp-hi-ut-as-pessoas-e-os-grupos-que-compoem-a-cidade-e-o-municipio,,,,ef-comp-hi-oc-o-eu-o-outro-e-os-diferentes-grupos-sociais-e-etnicos-que-compoem-a-cidade-e-os-municipios-os-desafios-sociais-culturais-e-ambientais-do-lugar-onde-vive,"Identificar e comparar pontos de vista em relação a eventos significativos do local em que vive, aspectos relacionados a condições sociais e à presença de diferentes grupos sociais e culturais, com especial destaque para as culturas africanas, indígenas e de migrantes.",vigente,"aba História, linha 25","Base-Nacional-Comum-Curricular-BNCC.pdf, página PDF 413"
EF03HI04,ef-comp-hi,3,unidade_tematica,ef-comp-hi-ut-as-pessoas-e-os-grupos-que-compoem-a-cidade-e-o-municipio,,,,ef-comp-hi-oc-os-patrimonios-historicos-e-culturais-da-cidade-e-ou-do-municipio-em-que-vive,"Identificar os patrimônios históricos e culturais de sua cidade ou região e discutir as razões culturais, sociais e políticas para que assim sejam considerados.",vigente,"aba História, linha 26","Base-Nacional-Comum-Curricular-BNCC.pdf, página PDF 413"
EF03HI05,ef-comp-hi,3,unidade_tematica,ef-comp-hi-ut-o-lugar-em-que-vive,,,,ef-comp-hi-oc-a-producao-dos-marcos-da-memoria-os-lugares-de-memoria-ruas-pracas-escolas-monumentos-museus-etc,Identificar os marcos históricos do lugar em que vive e compreender seus significados.,vigente,"aba História, linha 27","Base-Nacional-Comum-Curricular-BNCC.pdf, página PDF 413"
EF03HI06,ef-comp-hi,3,unidade_tematica,ef-comp-hi-ut-o-lugar-em-que-vive,,,,ef-comp-hi-oc-a-producao-dos-marcos-da-memoria-os-lugares-de-memoria-ruas-pracas-escolas-monumentos-museus-etc,"Identificar os registros de memória na cidade (nomes de ruas, monumentos, edifícios etc.), discutindo os critérios que explicam a escolha desses nomes.",vigente,"aba História, linha 28","Base-Nacional-Comum-Curricular-BNCC.pdf, página PDF 413"
EF03HI07,ef-comp-hi,3,unidade_tematica,ef-comp-hi-ut-o-lugar-em-que-vive,,,,ef-comp-hi-oc-a-producao-dos-marcos-da-memoria-formacao-cultural-da-populacao,"Identificar semelhanças e diferenças existentes entre comunidades de sua cidade ou região, e descrever o papel dos diferentes grupos sociais que as formam.",vigente,"aba História, linha 29","Base-Nacional-Comum-Curricular-BNCC.pdf, página PDF 413"
EF03HI08,ef-comp-hi,3,unidade_tematica,ef-comp-hi-ut-o-lugar-em-que-vive,,,,ef-comp-hi-oc-a-producao-dos-marcos-da-memoria-a-cidade-e-o-campo-aproximacoes-e-diferencas,"Identificar modos de vida na cidade e no campo no presente, comparando-os com os do passado.",vigente,"aba História, linha 30","Base-Nacional-Comum-Curricular-BNCC.pdf, página PDF 413"
EF03HI09,ef-comp-hi,3,unidade_tematica,ef-comp-hi-ut-a-nocao-de-espaco-publico-e-privado,,,,ef-comp-hi-oc-a-cidade-seus-espacos-publicos-e-privados-e-suas-areas-de-conservacao-ambiental,"Mapear os espaços públicos no lugar em que vive (ruas, praças, escolas, hospitais, prédios da Prefeitura e da Câmara de Vereadores etc.) e identificar suas funções.",vigente,"aba História, linha 31","Base-Nacional-Comum-Curricular-BNCC.pdf, página PDF 413"
EF03HI10,ef-comp-hi,3,unidade_tematica,ef-comp-hi-ut-a-nocao-de-espaco-publico-e-privado,,,,ef-comp-hi-oc-a-cidade-seus-espacos-publicos-e-privados-e-suas-areas-de-conservacao-ambiental,"Identificar as diferenças entre o espaço doméstico, os espaços públicos e as áreas de conservação ambiental, compreendendo a importância dessa distinção.",vigente,"aba História, linha 32","Base-Nacional-Comum-Curricular-BNCC.pdf, página PDF 413"
EF03HI11,ef-comp-hi,3,unidade_tematica,ef-comp-hi-ut-a-nocao-de-espaco-publico-e-privado,,,,ef-comp-hi-oc-a-cidade-e-suas-atividades-trabalho-cultura-e-lazer,"Identificar diferenças entre formas de trabalho realizadas na cidade e no campo, considerando também o uso da tecnologia nesses diferentes contextos.",vigente,"aba História, linha 33","Base-Nacional-Comum-Curricular-BNCC.pdf, página PDF 413"
EF03HI12,ef-comp-hi,3,unidade_tematica,ef-comp-hi-ut-a-nocao-de-espaco-publico-e-privado,,,,ef-comp-hi-oc-a-cidade-e-suas-atividades-trabalho-cultura-e-lazer,"Comparar as relações de trabalho e lazer do presente com as de outros tempos e espaços, analisando mudanças e permanências.",vigente,"aba História, linha 34","Base-Nacional-Comum-Curricular-BNCC.pdf, página PDF 413"
EF04HI01,ef-comp-hi,4,unidade_tematica,ef-comp-hi-ut-transformacoes-e-permanencias-nas-trajetorias-dos-grupos-humanos,,,,ef-comp-hi-oc-a-acao-das-pessoas-grupos-sociais-e-comunidades-no-tempo-e-no-espaco-nomadismo-agricultura-escrita-navegacoes-industria-entre-outras,"Reconhecer a história como resultado da ação do ser humano no tempo e no espaço, com base na identificação de mudanças e permanências ao longo do tempo.",vigente,"aba História, linha 35","Base-Nacional-Comum-Curricular-BNCC.pdf, página PDF 415"
EF04HI02,ef-comp-hi,4,unidade_tematica,ef-comp-hi-ut-transformacoes-e-permanencias-nas-trajetorias-dos-grupos-humanos,,,,ef-comp-hi-oc-a-acao-das-pessoas-grupos-sociais-e-comunidades-no-tempo-e-no-espaco-nomadismo-agricultura-escrita-navegacoes-industria-entre-outras,"Identificar mudanças e permanências ao longo do tempo, discutindo os sentidos dos grandes marcos da história da humanidade (nomadismo, desenvolvimento da agricultura e do pastoreio, criação da indústria etc.).",vigente,"aba História, linha 36","Base-Nacional-Comum-Curricular-BNCC.pdf, página PDF 415"
EF04HI03,ef-comp-hi,4,unidade_tematica,ef-comp-hi-ut-transformacoes-e-permanencias-nas-trajetorias-dos-grupos-humanos,,,,ef-comp-hi-oc-o-passado-e-o-presente-a-nocao-de-permanencia-e-as-lentas-transformacoes-sociais-e-culturais,"Identificar as transformações ocorridas na cidade ao longo do tempo e discutir suas interferências nos modos de vida de seus habitantes, tomando como ponto de partida o presente.",vigente,"aba História, linha 37","Base-Nacional-Comum-Curricular-BNCC.pdf, página PDF 415"
EF04HI04,ef-comp-hi,4,unidade_tematica,ef-comp-hi-ut-circulacao-de-pessoas-produtos-e-culturas,,,,ef-comp-hi-oc-a-circulacao-de-pessoas-e-as-transformacoes-no-meio-natural,Identificar as relações entre os indivíduos e a natureza e discutir o significado do nomadismo e da fixação das primeiras comunidades humanas.,vigente,"aba História, linha 38","Base-Nacional-Comum-Curricular-BNCC.pdf, página PDF 415"
EF04HI05,ef-comp-hi,4,unidade_tematica,ef-comp-hi-ut-circulacao-de-pessoas-produtos-e-culturas,,,,ef-comp-hi-oc-a-circulacao-de-pessoas-e-as-transformacoes-no-meio-natural,"Relacionar os processos de ocupação do campo a intervenções na natureza, avaliando os resultados dessas intervenções.",vigente,"aba História, linha 39","Base-Nacional-Comum-Curricular-BNCC.pdf, página PDF 415"
EF04HI06,ef-comp-hi,4,unidade_tematica,ef-comp-hi-ut-circulacao-de-pessoas-produtos-e-culturas,,,,ef-comp-hi-oc-a-invencao-do-comercio-e-a-circulacao-de-produtos,"Identificar as transformações ocorridas nos processos de deslocamento das pessoas e mercadorias, analisando as formas de adaptação ou marginalização.",vigente,"aba História, linha 40","Base-Nacional-Comum-Curricular-BNCC.pdf, página PDF 415"
EF04HI07,ef-comp-hi,4,unidade_tematica,ef-comp-hi-ut-circulacao-de-pessoas-produtos-e-culturas,,,,ef-comp-hi-oc-as-rotas-terrestres-fluviais-e-maritimas-e-seus-impactos-para-a-formacao-de-cidades-e-as-transformacoes-do-meio-natural,"Identificar e descrever a importância dos caminhos terrestres, fluviais e marítimos para a dinâmica da vida comercial.",vigente,"aba História, linha 41","Base-Nacional-Comum-Curricular-BNCC.pdf, página PDF 415"
EF04HI08,ef-comp-hi,4,unidade_tematica,ef-comp-hi-ut-circulacao-de-pessoas-produtos-e-culturas,,,,ef-comp-hi-oc-o-mundo-da-tecnologia-a-integracao-de-pessoas-e-as-exclusoes-sociais-e-culturais,"Identificar as transformações ocorridas nos meios de comunicação (cultura oral, imprensa, rádio, televisão, cinema, internet e demais tecnologias digitais de informação e comunicação) e discutir seus significados para os diferentes grupos ou estratos sociais.",vigente,"aba História, linha 42","Base-Nacional-Comum-Curricular-BNCC.pdf, página PDF 415"
EF04HI09,ef-comp-hi,4,unidade_tematica,ef-comp-hi-ut-as-questoes-historicas-relativas-as-migracoes,,,,ef-comp-hi-oc-o-surgimento-da-especie-humana-no-continente-africano-e-sua-expansao-pelo-mundo,Identificar as motivações dos processos migratórios em diferentes tempos e espaços e avaliar o papel desempenhado pela migração nas regiões de destino.,vigente,"aba História, linha 43","Base-Nacional-Comum-Curricular-BNCC.pdf, página PDF 415"
EF04HI10,ef-comp-hi,4,unidade_tematica,ef-comp-hi-ut-as-questoes-historicas-relativas-as-migracoes,,,,ef-comp-hi-oc-os-processos-migratorios-para-a-formacao-do-brasil-os-grupos-indigenas-a-presenca-portuguesa-e-a-diaspora-forcada-dos-africanos | ef-comp-hi-oc-os-processos-migratorios-do-final-do-seculo-xix-e-inicio-do-seculo-xx-no-brasil | ef-comp-hi-oc-as-dinamicas-internas-de-migracao-no-brasil-a-partir-dos-anos-1960,Analisar diferentes fluxos populacionais e suas contribuições para a formação da sociedade brasileira.,vigente,"aba História, linha 44","Base-Nacional-Comum-Curricular-BNCC.pdf, página PDF 415"
EF04HI11,ef-comp-hi,4,unidade_tematica,ef-comp-hi-ut-as-questoes-historicas-relativas-as-migracoes,,,,ef-comp-hi-oc-os-processos-migratorios-para-a-formacao-do-brasil-os-grupos-indigenas-a-presenca-portuguesa-e-a-diaspora-forcada-dos-africanos | ef-comp-hi-oc-os-processos-migratorios-do-final-do-seculo-xix-e-inicio-do-seculo-xx-no-brasil | ef-comp-hi-oc-as-dinamicas-internas-de-migracao-no-brasil-a-partir-dos-anos-1960,"Analisar, na sociedade em que vive, a existência ou não de mudanças associadas à migração (interna e internacional).",vigente,"aba História, linha 45","Base-Nacional-Comum-Curricular-BNCC.pdf, página PDF 415"
EF05HI01,ef-comp-hi,5,unidade_tematica,ef-comp-hi-ut-povos-e-culturas-meu-lugar-no-mundo-e-meu-grupo-social,,,,ef-comp-hi-oc-o-que-forma-um-povo-do-nomadismo-aos-primeiros-povos-sedentarizados,"Identificar os processos de formação das culturas e dos povos, relacionando-os com o espaço geográfico ocupado.",vigente,"aba História, linha 46","Base-Nacional-Comum-Curricular-BNCC.pdf, página PDF 417"
EF05HI02,ef-comp-hi,5,unidade_tematica,ef-comp-hi-ut-povos-e-culturas-meu-lugar-no-mundo-e-meu-grupo-social,,,,ef-comp-hi-oc-as-formas-de-organizacao-social-e-politica-a-nocao-de-estado,Identificar os mecanismos de organização do poder político com vistas à compreensão da ideia de Estado e/ou de outras formas de ordenação social.,vigente,"aba História, linha 47","Base-Nacional-Comum-Curricular-BNCC.pdf, página PDF 417"
EF05HI03,ef-comp-hi,5,unidade_tematica,ef-comp-hi-ut-povos-e-culturas-meu-lugar-no-mundo-e-meu-grupo-social,,,,ef-comp-hi-oc-o-papel-das-religioes-e-da-cultura-para-a-formacao-dos-povos-antigos,Analisar o papel das culturas e das religiões na composição identitária dos povos antigos.,vigente,"aba História, linha 48","Base-Nacional-Comum-Curricular-BNCC.pdf, página PDF 417"
EF05HI04,ef-comp-hi,5,unidade_tematica,ef-comp-hi-ut-povos-e-culturas-meu-lugar-no-mundo-e-meu-grupo-social,,,,ef-comp-hi-oc-cidadania-diversidade-cultural-e-respeito-as-diferencas-sociais-culturais-e-historicas,"Associar a noção de cidadania com os princípios de respeito à diversidade, à pluralidade e aos direitos humanos.",vigente,"aba História, linha 49","Base-Nacional-Comum-Curricular-BNCC.pdf, página PDF 417"
EF05HI05,ef-comp-hi,5,unidade_tematica,ef-comp-hi-ut-povos-e-culturas-meu-lugar-no-mundo-e-meu-grupo-social,,,,ef-comp-hi-oc-cidadania-diversidade-cultural-e-respeito-as-diferencas-sociais-culturais-e-historicas,"Associar o conceito de cidadania à conquista de direitos dos povos e das sociedades, compreendendo-o como conquista histórica.",vigente,"aba História, linha 50","Base-Nacional-Comum-Curricular-BNCC.pdf, página PDF 417"
EF05HI06,ef-comp-hi,5,unidade_tematica,ef-comp-hi-ut-registros-da-historia-linguagens-e-culturas,,,,ef-comp-hi-oc-as-tradicoes-orais-e-a-valorizacao-da-memoria | ef-comp-hi-oc-o-surgimento-da-escrita-e-a-nocao-de-fonte-para-a-transmissao-de-saberes-culturas-e-historias,"Comparar o uso de diferentes linguagens e tecnologias no processo de comunicação e avaliar os significados sociais, políticos e culturais atribuídos a elas.",vigente,"aba História, linha 51","Base-Nacional-Comum-Curricular-BNCC.pdf, página PDF 417"
EF05HI07,ef-comp-hi,5,unidade_tematica,ef-comp-hi-ut-registros-da-historia-linguagens-e-culturas,,,,ef-comp-hi-oc-as-tradicoes-orais-e-a-valorizacao-da-memoria | ef-comp-hi-oc-o-surgimento-da-escrita-e-a-nocao-de-fonte-para-a-transmissao-de-saberes-culturas-e-historias,"Identificar os processos de produção, hierarquização e difusão dos marcos de memória e discutir a presença e/ou a ausência de diferentes grupos que compõem a sociedade na nomeação desses marcos de memória.",vigente,"aba História, linha 52","Base-Nacional-Comum-Curricular-BNCC.pdf, página PDF 417"
EF05HI08,ef-comp-hi,5,unidade_tematica,ef-comp-hi-ut-registros-da-historia-linguagens-e-culturas,,,,ef-comp-hi-oc-as-tradicoes-orais-e-a-valorizacao-da-memoria | ef-comp-hi-oc-o-surgimento-da-escrita-e-a-nocao-de-fonte-para-a-transmissao-de-saberes-culturas-e-historias,"Identificar formas de marcação da passagem do tempo em distintas sociedades, incluindo os povos indígenas originários e os povos africanos.",vigente,"aba História, linha 53","Base-Nacional-Comum-Curricular-BNCC.pdf, página PDF 417"
EF05HI09,ef-comp-hi,5,unidade_tematica,ef-comp-hi-ut-registros-da-historia-linguagens-e-culturas,,,,ef-comp-hi-oc-as-tradicoes-orais-e-a-valorizacao-da-memoria | ef-comp-hi-oc-o-surgimento-da-escrita-e-a-nocao-de-fonte-para-a-transmissao-de-saberes-culturas-e-historias,"Comparar pontos de vista sobre temas que impactam a vida cotidiana no tempo presente, por meio do acesso a diferentes fontes, incluindo orais.",vigente,"aba História, linha 54","Base-Nacional-Comum-Curricular-BNCC.pdf, página PDF 417"
EF05HI10,ef-comp-hi,5,unidade_tematica,ef-comp-hi-ut-registros-da-historia-linguagens-e-culturas,,,,ef-comp-hi-oc-os-patrimonios-materiais-e-imateriais-da-humanidade,Inventariar os patrimônios materiais e imateriais da humanidade e analisar mudanças e permanências desses patrimônios ao longo do tempo.,vigente,"aba História, linha 55","Base-Nacional-Comum-Curricular-BNCC.pdf, página PDF 417"
EF06HI01,ef-comp-hi,6,unidade_tematica,ef-comp-hi-ut-historia-tempo-espaco-e-formas-de-registros,,,,ef-comp-hi-oc-a-questao-do-tempo-sincronias-e-diacronias-reflexoes-sobre-o-sentido-das-cronologias,Identificar diferentes formas de compreensão da noção de tempo e de periodização dos processos históricos (continuidades e rupturas).,vigente,"aba História, linha 56","Base-Nacional-Comum-Curricular-BNCC.pdf, página PDF 423"
EF06HI02,ef-comp-hi,6,unidade_tematica,ef-comp-hi-ut-historia-tempo-espaco-e-formas-de-registros,,,,ef-comp-hi-oc-formas-de-registro-da-historia-e-da-producao-do-conhecimento-historico,Identificar a gênese da produção do saber histórico e analisar o significado das fontes que originaram determinadas formas de registro em sociedades e épocas distintas.,vigente,"aba História, linha 57","Base-Nacional-Comum-Curricular-BNCC.pdf, página PDF 423"
EF06HI03,ef-comp-hi,6,unidade_tematica,ef-comp-hi-ut-historia-tempo-espaco-e-formas-de-registros,,,,ef-comp-hi-oc-as-origens-da-humanidade-seus-deslocamentos-e-os-processos-de-sedentarizacao,Identificar as hipóteses científicas sobre o surgimento da espécie humana e sua historicidade e analisar os significados dos mitos de fundação.,vigente,"aba História, linha 58","Base-Nacional-Comum-Curricular-BNCC.pdf, página PDF 423"
EF06HI04,ef-comp-hi,6,unidade_tematica,ef-comp-hi-ut-historia-tempo-espaco-e-formas-de-registros,,,,ef-comp-hi-oc-as-origens-da-humanidade-seus-deslocamentos-e-os-processos-de-sedentarizacao,Conhecer as teorias sobre a origem do homem americano.,vigente,"aba História, linha 59","Base-Nacional-Comum-Curricular-BNCC.pdf, página PDF 423"
EF06HI05,ef-comp-hi,6,unidade_tematica,ef-comp-hi-ut-historia-tempo-espaco-e-formas-de-registros,,,,ef-comp-hi-oc-as-origens-da-humanidade-seus-deslocamentos-e-os-processos-de-sedentarizacao,"Descrever modificações da natureza e da paisagem realizadas por diferentes tipos de sociedade, com destaque para os povos indígenas originários e povos africanos, e discutir a natureza e a lógica das transformações ocorridas.",vigente,"aba História, linha 60","Base-Nacional-Comum-Curricular-BNCC.pdf, página PDF 423"
EF06HI06,ef-comp-hi,6,unidade_tematica,ef-comp-hi-ut-historia-tempo-espaco-e-formas-de-registros,,,,ef-comp-hi-oc-as-origens-da-humanidade-seus-deslocamentos-e-os-processos-de-sedentarizacao,Identificar geograficamente as rotas de povoamento no território americano.,vigente,"aba História, linha 61","Base-Nacional-Comum-Curricular-BNCC.pdf, página PDF 423"
EF06HI07,ef-comp-hi,6,unidade_tematica,ef-comp-hi-ut-a-invencao-do-mundo-classico-e-o-contraponto-com-outras-sociedades,,,,ef-comp-hi-oc-povos-da-antiguidade-na-africa-egipcios-no-oriente-medio-mesopotamicos-e-nas-americas-pre-colombianos | ef-comp-hi-oc-os-povos-indigenas-originarios-do-atual-territorio-brasileiro-e-seus-habitos-culturais-e-sociais,"Identificar aspectos e formas de registro das sociedades antigas na África, no Oriente Médio e nas Américas, distinguindo alguns significados presentes na cultura material e na tradição oral dessas sociedades.",vigente,"aba História, linha 62","Base-Nacional-Comum-Curricular-BNCC.pdf, página PDF 423"
EF06HI08,ef-comp-hi,6,unidade_tematica,ef-comp-hi-ut-a-invencao-do-mundo-classico-e-o-contraponto-com-outras-sociedades,,,,ef-comp-hi-oc-povos-da-antiguidade-na-africa-egipcios-no-oriente-medio-mesopotamicos-e-nas-americas-pre-colombianos | ef-comp-hi-oc-os-povos-indigenas-originarios-do-atual-territorio-brasileiro-e-seus-habitos-culturais-e-sociais,"Identificar os espaços territoriais ocupados e os aportes culturais, científicos, sociais e econômicos dos astecas, maias e incas e dos povos indígenas de diversas regiões brasileiras.",vigente,"aba História, linha 63","Base-Nacional-Comum-Curricular-BNCC.pdf, página PDF 423"
EF06HI09,ef-comp-hi,6,unidade_tematica,ef-comp-hi-ut-a-invencao-do-mundo-classico-e-o-contraponto-com-outras-sociedades,,,,ef-comp-hi-oc-o-ocidente-classico-aspectos-da-cultura-na-grecia-e-em-roma,"Discutir o conceito de Antiguidade Clássica, seu alcance e limite na tradição ocidental, assim como os impactos sobre outras sociedades e culturas.",vigente,"aba História, linha 64","Base-Nacional-Comum-Curricular-BNCC.pdf, página PDF 423"
EF06HI10,ef-comp-hi,6,unidade_tematica,ef-comp-hi-ut-logicas-de-organizacao-politica,,,,ef-comp-hi-oc-as-nocoes-de-cidadania-e-politica-na-grecia-e-em-roma | ef-comp-hi-oc-dominios-e-expansao-das-culturas-grega-e-romana | ef-comp-hi-oc-significados-do-conceito-de-imperio-e-as-logicas-de-conquista-conflito-e-negociacao-dessa-forma-de-organizacao-politica | ef-comp-hi-oc-as-diferentes-formas-de-organizacao-politica-na-africa-reinos-imperios-cidades-estados-e-sociedades-linhageiras-ou-aldeias,"Explicar a formação da Grécia Antiga, com ênfase na formação da pólis e nas transformações políticas, sociais e culturais.",vigente,"aba História, linha 65","Base-Nacional-Comum-Curricular-BNCC.pdf, página PDF 423"
EF06HI11,ef-comp-hi,6,unidade_tematica,ef-comp-hi-ut-logicas-de-organizacao-politica,,,,ef-comp-hi-oc-as-nocoes-de-cidadania-e-politica-na-grecia-e-em-roma | ef-comp-hi-oc-dominios-e-expansao-das-culturas-grega-e-romana | ef-comp-hi-oc-significados-do-conceito-de-imperio-e-as-logicas-de-conquista-conflito-e-negociacao-dessa-forma-de-organizacao-politica | ef-comp-hi-oc-as-diferentes-formas-de-organizacao-politica-na-africa-reinos-imperios-cidades-estados-e-sociedades-linhageiras-ou-aldeias,Caracterizar o processo de formação da Roma Antiga e suas configurações sociais e políticas nos períodos monárquico e republicano.,vigente,"aba História, linha 66","Base-Nacional-Comum-Curricular-BNCC.pdf, página PDF 423"
EF06HI12,ef-comp-hi,6,unidade_tematica,ef-comp-hi-ut-logicas-de-organizacao-politica,,,,ef-comp-hi-oc-as-nocoes-de-cidadania-e-politica-na-grecia-e-em-roma | ef-comp-hi-oc-dominios-e-expansao-das-culturas-grega-e-romana | ef-comp-hi-oc-significados-do-conceito-de-imperio-e-as-logicas-de-conquista-conflito-e-negociacao-dessa-forma-de-organizacao-politica | ef-comp-hi-oc-as-diferentes-formas-de-organizacao-politica-na-africa-reinos-imperios-cidades-estados-e-sociedades-linhageiras-ou-aldeias,Associar o conceito de cidadania a dinâmicas de inclusão e exclusão na Grécia e Roma antigas.,vigente,"aba História, linha 67","Base-Nacional-Comum-Curricular-BNCC.pdf, página PDF 423"
EF06HI13,ef-comp-hi,6,unidade_tematica,ef-comp-hi-ut-logicas-de-organizacao-politica,,,,ef-comp-hi-oc-as-nocoes-de-cidadania-e-politica-na-grecia-e-em-roma | ef-comp-hi-oc-dominios-e-expansao-das-culturas-grega-e-romana | ef-comp-hi-oc-significados-do-conceito-de-imperio-e-as-logicas-de-conquista-conflito-e-negociacao-dessa-forma-de-organizacao-politica | ef-comp-hi-oc-as-diferentes-formas-de-organizacao-politica-na-africa-reinos-imperios-cidades-estados-e-sociedades-linhageiras-ou-aldeias,"Conceituar “império” no mundo antigo, com vistas à análise das diferentes formas de equilíbrio e desequilíbrio entre as partes envolvidas.",vigente,"aba História, linha 68","Base-Nacional-Comum-Curricular-BNCC.pdf, página PDF 423"
EF06HI14,ef-comp-hi,6,unidade_tematica,ef-comp-hi-ut-logicas-de-organizacao-politica,,,,ef-comp-hi-oc-a-passagem-do-mundo-antigo-para-o-mundo-medieval | ef-comp-hi-oc-a-fragmentacao-do-poder-politico-na-idade-media,"Identificar e analisar diferentes formas de contato, adaptação ou exclusão entre populações em diferentes tempos e espaços.",vigente,"aba História, linha 69","Base-Nacional-Comum-Curricular-BNCC.pdf, página PDF 423"
EF06HI15,ef-comp-hi,6,unidade_tematica,ef-comp-hi-ut-logicas-de-organizacao-politica,,,,ef-comp-hi-oc-o-mediterraneo-como-espaco-de-interacao-entre-as-sociedades-da-europa-da-africa-e-do-oriente-medio,"Descrever as dinâmicas de circulação de pessoas, produtos e culturas no Mediterrâneo e seu significado.",vigente,"aba História, linha 70","Base-Nacional-Comum-Curricular-BNCC.pdf, página PDF 423"
EF06HI16,ef-comp-hi,6,unidade_tematica,ef-comp-hi-ut-trabalho-e-formas-de-organizacao-social-e-cultural,,,,ef-comp-hi-oc-senhores-e-servos-no-mundo-antigo-e-no-medieval | ef-comp-hi-oc-escravidao-e-trabalho-livre-em-diferentes-temporalidades-e-espacos-roma-antiga-europa-medieval-e-africa | ef-comp-hi-oc-logicas-comerciais-na-antiguidade-romana-e-no-mundo-medieval,"Caracterizar e comparar as dinâmicas de abastecimento e as formas de organização do trabalho e da vida social em diferentes sociedades e períodos, com destaque para as relações entre senhores e servos.",vigente,"aba História, linha 71","Base-Nacional-Comum-Curricular-BNCC.pdf, página PDF 423"
EF06HI17,ef-comp-hi,6,unidade_tematica,ef-comp-hi-ut-trabalho-e-formas-de-organizacao-social-e-cultural,,,,ef-comp-hi-oc-senhores-e-servos-no-mundo-antigo-e-no-medieval | ef-comp-hi-oc-escravidao-e-trabalho-livre-em-diferentes-temporalidades-e-espacos-roma-antiga-europa-medieval-e-africa | ef-comp-hi-oc-logicas-comerciais-na-antiguidade-romana-e-no-mundo-medieval,"Diferenciar escravidão, servidão e trabalho livre no mundo antigo.",vigente,"aba História, linha 72","Base-Nacional-Comum-Curricular-BNCC.pdf, página PDF 423"
EF06HI18,ef-comp-hi,6,unidade_tematica,ef-comp-hi-ut-trabalho-e-formas-de-organizacao-social-e-cultural,,,,ef-comp-hi-oc-o-papel-da-religiao-crista-dos-mosteiros-e-da-cultura-na-idade-media,Analisar o papel da religião cristã na cultura e nos modos de organização social no período medieval.,vigente,"aba História, linha 73","Base-Nacional-Comum-Curricular-BNCC.pdf, página PDF 423"
EF06HI19,ef-comp-hi,6,unidade_tematica,ef-comp-hi-ut-trabalho-e-formas-de-organizacao-social-e-cultural,,,,ef-comp-hi-oc-o-papel-da-mulher-na-grecia-e-em-roma-e-no-periodo-medieval,Descrever e analisar os diferentes papéis sociais das mulheres no mundo antigo e nas sociedades medievais.,vigente,"aba História, linha 74","Base-Nacional-Comum-Curricular-BNCC.pdf, página PDF 423"
EF07HI01,ef-comp-hi,7,unidade_tematica,ef-comp-hi-ut-o-mundo-moderno-e-a-conexao-entre-sociedades-africanas-americanas-e-europeias,,,,ef-comp-hi-oc-a-construcao-da-ideia-de-modernidade-e-seus-impactos-na-concepcao-de-historia | ef-comp-hi-oc-a-ideia-de-novo-mundo-ante-o-mundo-antigo-permanencias-e-rupturas-de-saberes-e-praticas-na-emergencia-do-mundo-moderno,"Explicar o significado de “modernidade” e suas lógicas de inclusão e exclusão, com base em uma concepção europeia.",vigente,"aba História, linha 75","Base-Nacional-Comum-Curricular-BNCC.pdf, página PDF 425"
EF07HI02,ef-comp-hi,7,unidade_tematica,ef-comp-hi-ut-o-mundo-moderno-e-a-conexao-entre-sociedades-africanas-americanas-e-europeias,,,,ef-comp-hi-oc-a-construcao-da-ideia-de-modernidade-e-seus-impactos-na-concepcao-de-historia | ef-comp-hi-oc-a-ideia-de-novo-mundo-ante-o-mundo-antigo-permanencias-e-rupturas-de-saberes-e-praticas-na-emergencia-do-mundo-moderno,"Identificar conexões e interações entre as sociedades do Novo Mundo, da Europa, da África e da Ásia no contexto das navegações e indicar a complexidade e as interações que ocorrem nos Oceanos Atlântico, Índico e Pacífico.",vigente,"aba História, linha 76","Base-Nacional-Comum-Curricular-BNCC.pdf, página PDF 425"
EF07HI03,ef-comp-hi,7,unidade_tematica,ef-comp-hi-ut-o-mundo-moderno-e-a-conexao-entre-sociedades-africanas-americanas-e-europeias,,,,ef-comp-hi-oc-saberes-dos-povos-africanos-e-pre-colombianos-expressos-na-cultura-material-e-imaterial,"Identificar aspectos e processos específicos das sociedades africanas e americanas antes da chegada dos europeus, com destaque para as formas de organização social e o desenvolvimento de saberes e técnicas.",vigente,"aba História, linha 77","Base-Nacional-Comum-Curricular-BNCC.pdf, página PDF 425"
EF07HI04,ef-comp-hi,7,unidade_tematica,ef-comp-hi-ut-humanismos-renascimentos-e-o-novo-mundo,,,,ef-comp-hi-oc-humanismos-uma-nova-visao-de-ser-humano-e-de-mundo | ef-comp-hi-oc-renascimentos-artisticos-e-culturais,Identificar as principais características dos Humanismos e dos Renascimentos e analisar seus significados.,vigente,"aba História, linha 78","Base-Nacional-Comum-Curricular-BNCC.pdf, página PDF 425"
EF07HI05,ef-comp-hi,7,unidade_tematica,ef-comp-hi-ut-humanismos-renascimentos-e-o-novo-mundo,,,,ef-comp-hi-oc-reformas-religiosas-a-cristandade-fragmentada,Identificar e relacionar as vinculações entre as reformas religiosas e os processos culturais e sociais do período moderno na Europa e na América.,vigente,"aba História, linha 79","Base-Nacional-Comum-Curricular-BNCC.pdf, página PDF 425"
EF07HI06,ef-comp-hi,7,unidade_tematica,ef-comp-hi-ut-humanismos-renascimentos-e-o-novo-mundo,,,,ef-comp-hi-oc-as-descobertas-cientificas-e-a-expansao-maritima,Comparar as navegações no Atlântico e no Pacífico entre os séculos XIV e XVI.,vigente,"aba História, linha 80","Base-Nacional-Comum-Curricular-BNCC.pdf, página PDF 425"
EF07HI07,ef-comp-hi,7,unidade_tematica,ef-comp-hi-ut-a-organizacao-do-poder-e-as-dinamicas-do-mundo-colonial-americano,,,,ef-comp-hi-oc-a-formacao-e-o-funcionamento-das-monarquias-europeias-a-logica-da-centralizacao-politica-e-os-conflitos-na-europa,Descrever os processos de formação e consolidação das monarquias e suas principais características com vistas à compreensão das razões da centralização política.,vigente,"aba História, linha 81","Base-Nacional-Comum-Curricular-BNCC.pdf, página PDF 425"
EF07HI08,ef-comp-hi,7,unidade_tematica,ef-comp-hi-ut-a-organizacao-do-poder-e-as-dinamicas-do-mundo-colonial-americano,,,,ef-comp-hi-oc-a-conquista-da-america-e-as-formas-de-organizacao-politica-dos-indigenas-e-europeus-conflitos-dominacao-e-conciliacao,"Descrever as formas de organização das sociedades americanas no tempo da conquista com vistas à compreensão dos mecanismos de alianças, confrontos e resistências.",vigente,"aba História, linha 82","Base-Nacional-Comum-Curricular-BNCC.pdf, página PDF 425"
EF07HI09,ef-comp-hi,7,unidade_tematica,ef-comp-hi-ut-a-organizacao-do-poder-e-as-dinamicas-do-mundo-colonial-americano,,,,ef-comp-hi-oc-a-conquista-da-america-e-as-formas-de-organizacao-politica-dos-indigenas-e-europeus-conflitos-dominacao-e-conciliacao,Analisar os diferentes impactos da conquista europeia da América para as populações ameríndias e identificar as formas de resistência.,vigente,"aba História, linha 83","Base-Nacional-Comum-Curricular-BNCC.pdf, página PDF 425"
EF07HI10,ef-comp-hi,7,unidade_tematica,ef-comp-hi-ut-a-organizacao-do-poder-e-as-dinamicas-do-mundo-colonial-americano,,,,ef-comp-hi-oc-a-estruturacao-dos-vice-reinos-nas-americas | ef-comp-hi-oc-resistencias-indigenas-invasoes-e-expansao-na-america-portuguesa,"Analisar, com base em documentos históricos, diferentes interpretações sobre as dinâmicas das sociedades americanas no período colonial.",vigente,"aba História, linha 84","Base-Nacional-Comum-Curricular-BNCC.pdf, página PDF 425"
EF07HI11,ef-comp-hi,7,unidade_tematica,ef-comp-hi-ut-a-organizacao-do-poder-e-as-dinamicas-do-mundo-colonial-americano,,,,ef-comp-hi-oc-a-estruturacao-dos-vice-reinos-nas-americas | ef-comp-hi-oc-resistencias-indigenas-invasoes-e-expansao-na-america-portuguesa,Analisar a formação histórico-geográfica do território da América portuguesa por meio de mapas históricos.,vigente,"aba História, linha 85","Base-Nacional-Comum-Curricular-BNCC.pdf, página PDF 425"
EF07HI12,ef-comp-hi,7,unidade_tematica,ef-comp-hi-ut-a-organizacao-do-poder-e-as-dinamicas-do-mundo-colonial-americano,,,,ef-comp-hi-oc-a-estruturacao-dos-vice-reinos-nas-americas | ef-comp-hi-oc-resistencias-indigenas-invasoes-e-expansao-na-america-portuguesa,"Identificar a distribuição territorial da população brasileira em diferentes épocas, considerando a diversidade étnico-racial e étnico-cultural (indígena, africana, europeia e asiática).",vigente,"aba História, linha 86","Base-Nacional-Comum-Curricular-BNCC.pdf, página PDF 425"
EF07HI13,ef-comp-hi,7,unidade_tematica,ef-comp-hi-ut-logicas-comerciais-e-mercantis-da-modernidade,,,,ef-comp-hi-oc-as-logicas-mercantis-e-o-dominio-europeu-sobre-os-mares-e-o-contraponto-oriental,Caracterizar a ação dos europeus e suas lógicas mercantis visando ao domínio no mundo atlântico.,vigente,"aba História, linha 87","Base-Nacional-Comum-Curricular-BNCC.pdf, página PDF 425"
EF07HI14,ef-comp-hi,7,unidade_tematica,ef-comp-hi-ut-logicas-comerciais-e-mercantis-da-modernidade,,,,ef-comp-hi-oc-as-logicas-mercantis-e-o-dominio-europeu-sobre-os-mares-e-o-contraponto-oriental,Descrever as dinâmicas comerciais das sociedades americanas e africanas e analisar suas interações com outras sociedades do Ocidente e do Oriente.,vigente,"aba História, linha 88","Base-Nacional-Comum-Curricular-BNCC.pdf, página PDF 425"
EF07HI15,ef-comp-hi,7,unidade_tematica,ef-comp-hi-ut-logicas-comerciais-e-mercantis-da-modernidade,,,,ef-comp-hi-oc-as-logicas-internas-das-sociedades-africanas | ef-comp-hi-oc-as-formas-de-organizacao-das-sociedades-amerindias | ef-comp-hi-oc-a-escravidao-moderna-e-o-trafico-de-escravizados,Discutir o conceito de escravidão moderna e suas distinções em relação ao escravismo antigo e à servidão medieval.,vigente,"aba História, linha 89","Base-Nacional-Comum-Curricular-BNCC.pdf, página PDF 425"
EF07HI16,ef-comp-hi,7,unidade_tematica,ef-comp-hi-ut-logicas-comerciais-e-mercantis-da-modernidade,,,,ef-comp-hi-oc-as-logicas-internas-das-sociedades-africanas | ef-comp-hi-oc-as-formas-de-organizacao-das-sociedades-amerindias | ef-comp-hi-oc-a-escravidao-moderna-e-o-trafico-de-escravizados,"Analisar os mecanismos e as dinâmicas de comércio de escravizados em suas diferentes fases, identificando os agentes responsáveis pelo tráfico e as regiões e zonas africanas de procedência dos escravizados.",vigente,"aba História, linha 90","Base-Nacional-Comum-Curricular-BNCC.pdf, página PDF 425"
EF07HI17,ef-comp-hi,7,unidade_tematica,ef-comp-hi-ut-logicas-comerciais-e-mercantis-da-modernidade,,,,ef-comp-hi-oc-a-emergencia-do-capitalismo,Discutir as razões da passagem do mercantilismo para o capitalismo.,vigente,"aba História, linha 91","Base-Nacional-Comum-Curricular-BNCC.pdf, página PDF 425"
EF08HI01,ef-comp-hi,8,unidade_tematica,ef-comp-hi-ut-o-mundo-contemporaneo-o-antigo-regime-em-crise,,,,ef-comp-hi-oc-a-questao-do-iluminismo-e-da-ilustracao,Identificar os principais aspectos conceituais do iluminismo e do liberalismo e discutir a relação entre eles e a organização do mundo contemporâneo.,vigente,"aba História, linha 92","Base-Nacional-Comum-Curricular-BNCC.pdf, página PDF 427"
EF08HI02,ef-comp-hi,8,unidade_tematica,ef-comp-hi-ut-o-mundo-contemporaneo-o-antigo-regime-em-crise,,,,ef-comp-hi-oc-as-revolucoes-inglesas-e-os-principios-do-liberalismo,Identificar as particularidades político-sociais da Inglaterra do século XVII e analisar os desdobramentos posteriores à Revolução Gloriosa.,vigente,"aba História, linha 93","Base-Nacional-Comum-Curricular-BNCC.pdf, página PDF 427"
EF08HI03,ef-comp-hi,8,unidade_tematica,ef-comp-hi-ut-o-mundo-contemporaneo-o-antigo-regime-em-crise,,,,ef-comp-hi-oc-revolucao-industrial-e-seus-impactos-na-producao-e-circulacao-de-povos-produtos-e-culturas,"Analisar os impactos da Revolução Industrial na produção e circulação de povos, produtos e culturas.",vigente,"aba História, linha 94","Base-Nacional-Comum-Curricular-BNCC.pdf, página PDF 427"
EF08HI04,ef-comp-hi,8,unidade_tematica,ef-comp-hi-ut-o-mundo-contemporaneo-o-antigo-regime-em-crise,,,,ef-comp-hi-oc-revolucao-francesa-e-seus-desdobramentos,Identificar e relacionar os processos da Revolução Francesa e seus desdobramentos na Europa e no mundo.,vigente,"aba História, linha 95","Base-Nacional-Comum-Curricular-BNCC.pdf, página PDF 427"
EF08HI05,ef-comp-hi,8,unidade_tematica,ef-comp-hi-ut-o-mundo-contemporaneo-o-antigo-regime-em-crise,,,,ef-comp-hi-oc-rebelioes-na-america-portuguesa-as-conjuracoes-mineira-e-baiana,"Explicar os movimentos e as rebeliões da América portuguesa, articulando as temáticas locais e suas interfaces com processos ocorridos na Europa e nas Américas.",vigente,"aba História, linha 96","Base-Nacional-Comum-Curricular-BNCC.pdf, página PDF 427"
EF08HI06,ef-comp-hi,8,unidade_tematica,ef-comp-hi-ut-os-processos-de-independencia-nas-americas,,,,ef-comp-hi-oc-independencia-dos-estados-unidos-da-america | ef-comp-hi-oc-independencias-na-america-espanhola | ef-comp-hi-oc-a-revolucao-dos-escravizados-em-sao-domingo-e-seus-multiplos-significados-e-desdobramentos-o-caso-do-haiti | ef-comp-hi-oc-os-caminhos-ate-a-independencia-do-brasil,"Aplicar os conceitos de Estado, nação, território, governo e país para o entendimento de conflitos e tensões.",vigente,"aba História, linha 97","Base-Nacional-Comum-Curricular-BNCC.pdf, página PDF 427"
EF08HI07,ef-comp-hi,8,unidade_tematica,ef-comp-hi-ut-os-processos-de-independencia-nas-americas,,,,ef-comp-hi-oc-independencia-dos-estados-unidos-da-america | ef-comp-hi-oc-independencias-na-america-espanhola | ef-comp-hi-oc-a-revolucao-dos-escravizados-em-sao-domingo-e-seus-multiplos-significados-e-desdobramentos-o-caso-do-haiti | ef-comp-hi-oc-os-caminhos-ate-a-independencia-do-brasil,"Identificar e contextualizar as especificidades dos diversos processos de independência nas Américas, seus aspectos populacionais e suas conformações territoriais.",vigente,"aba História, linha 98","Base-Nacional-Comum-Curricular-BNCC.pdf, página PDF 427"
EF08HI08,ef-comp-hi,8,unidade_tematica,ef-comp-hi-ut-os-processos-de-independencia-nas-americas,,,,ef-comp-hi-oc-independencia-dos-estados-unidos-da-america | ef-comp-hi-oc-independencias-na-america-espanhola | ef-comp-hi-oc-a-revolucao-dos-escravizados-em-sao-domingo-e-seus-multiplos-significados-e-desdobramentos-o-caso-do-haiti | ef-comp-hi-oc-os-caminhos-ate-a-independencia-do-brasil,Conhecer o ideário dos líderes dos movimentos independentistas e seu papel nas revoluções que levaram à independência das colônias hispano-americanas.,vigente,"aba História, linha 99","Base-Nacional-Comum-Curricular-BNCC.pdf, página PDF 427"
EF08HI09,ef-comp-hi,8,unidade_tematica,ef-comp-hi-ut-os-processos-de-independencia-nas-americas,,,,ef-comp-hi-oc-independencia-dos-estados-unidos-da-america | ef-comp-hi-oc-independencias-na-america-espanhola | ef-comp-hi-oc-a-revolucao-dos-escravizados-em-sao-domingo-e-seus-multiplos-significados-e-desdobramentos-o-caso-do-haiti | ef-comp-hi-oc-os-caminhos-ate-a-independencia-do-brasil,Conhecer as características e os principais pensadores do Pan-americanismo.,vigente,"aba História, linha 100","Base-Nacional-Comum-Curricular-BNCC.pdf, página PDF 427"
EF08HI10,ef-comp-hi,8,unidade_tematica,ef-comp-hi-ut-os-processos-de-independencia-nas-americas,,,,ef-comp-hi-oc-independencia-dos-estados-unidos-da-america | ef-comp-hi-oc-independencias-na-america-espanhola | ef-comp-hi-oc-a-revolucao-dos-escravizados-em-sao-domingo-e-seus-multiplos-significados-e-desdobramentos-o-caso-do-haiti | ef-comp-hi-oc-os-caminhos-ate-a-independencia-do-brasil,Identificar a Revolução de São Domingo como evento singular e desdobramento da Revolução Francesa e avaliar suas implicações.,vigente,"aba História, linha 101","Base-Nacional-Comum-Curricular-BNCC.pdf, página PDF 427"
EF08HI11,ef-comp-hi,8,unidade_tematica,ef-comp-hi-ut-os-processos-de-independencia-nas-americas,,,,ef-comp-hi-oc-independencia-dos-estados-unidos-da-america | ef-comp-hi-oc-independencias-na-america-espanhola | ef-comp-hi-oc-a-revolucao-dos-escravizados-em-sao-domingo-e-seus-multiplos-significados-e-desdobramentos-o-caso-do-haiti | ef-comp-hi-oc-os-caminhos-ate-a-independencia-do-brasil,"Identificar e explicar os protagonismos e a atuação de diferentes grupos sociais e étnicos nas lutas de independência no Brasil, na América espanhola e no Haiti.",vigente,"aba História, linha 102","Base-Nacional-Comum-Curricular-BNCC.pdf, página PDF 427"
EF08HI12,ef-comp-hi,8,unidade_tematica,ef-comp-hi-ut-os-processos-de-independencia-nas-americas,,,,ef-comp-hi-oc-independencia-dos-estados-unidos-da-america | ef-comp-hi-oc-independencias-na-america-espanhola | ef-comp-hi-oc-a-revolucao-dos-escravizados-em-sao-domingo-e-seus-multiplos-significados-e-desdobramentos-o-caso-do-haiti | ef-comp-hi-oc-os-caminhos-ate-a-independencia-do-brasil,"Caracterizar a organização política e social no Brasil desde a chegada da Corte portuguesa, em 1808, até 1822 e seus desdobramentos para a história política brasileira.",vigente,"aba História, linha 103","Base-Nacional-Comum-Curricular-BNCC.pdf, página PDF 427"
EF08HI13,ef-comp-hi,8,unidade_tematica,ef-comp-hi-ut-os-processos-de-independencia-nas-americas,,,,ef-comp-hi-oc-independencia-dos-estados-unidos-da-america | ef-comp-hi-oc-independencias-na-america-espanhola | ef-comp-hi-oc-a-revolucao-dos-escravizados-em-sao-domingo-e-seus-multiplos-significados-e-desdobramentos-o-caso-do-haiti | ef-comp-hi-oc-os-caminhos-ate-a-independencia-do-brasil,Analisar o processo de independência em diferentes países latino-americanos e comparar as formas de governo neles adotadas.,vigente,"aba História, linha 104","Base-Nacional-Comum-Curricular-BNCC.pdf, página PDF 427"
EF08HI14,ef-comp-hi,8,unidade_tematica,ef-comp-hi-ut-os-processos-de-independencia-nas-americas,,,,ef-comp-hi-oc-a-tutela-da-populacao-indigena-a-escravidao-dos-negros-e-a-tutela-dos-egressos-da-escravidao,"Discutir a noção da tutela dos grupos indígenas e a participação dos negros na sociedade brasileira do final do período colonial, identificando permanências na forma de preconceitos, estereótipos e violências sobre as populações indígenas e negras no Brasil e nas Américas.",vigente,"aba História, linha 105","Base-Nacional-Comum-Curricular-BNCC.pdf, página PDF 427"
EF08HI15,ef-comp-hi,8,unidade_tematica,ef-comp-hi-ut-o-brasil-no-seculo-xix,,,,ef-comp-hi-oc-brasil-primeiro-reinado | ef-comp-hi-oc-o-periodo-regencial-e-as-contestacoes-ao-poder-central | ef-comp-hi-oc-o-brasil-do-segundo-reinado-politica-e-economia | ef-comp-hi-oc-a-lei-de-terras-e-seus-desdobramentos-na-politica-do-segundo-reinado | ef-comp-hi-oc-territorios-e-fronteiras-a-guerra-do-paraguai,Identificar e analisar o equilíbrio das forças e os sujeitos envolvidos nas disputas políticas durante o Primeiro e o Segundo Reinado.,vigente,"aba História, linha 106","Base-Nacional-Comum-Curricular-BNCC.pdf, página PDF 429"
EF08HI16,ef-comp-hi,8,unidade_tematica,ef-comp-hi-ut-o-brasil-no-seculo-xix,,,,ef-comp-hi-oc-brasil-primeiro-reinado | ef-comp-hi-oc-o-periodo-regencial-e-as-contestacoes-ao-poder-central | ef-comp-hi-oc-o-brasil-do-segundo-reinado-politica-e-economia | ef-comp-hi-oc-a-lei-de-terras-e-seus-desdobramentos-na-politica-do-segundo-reinado | ef-comp-hi-oc-territorios-e-fronteiras-a-guerra-do-paraguai,"Identificar, comparar e analisar a diversidade política, social e regional nas rebeliões e nos movimentos contestatórios ao poder centralizado.",vigente,"aba História, linha 107","Base-Nacional-Comum-Curricular-BNCC.pdf, página PDF 429"
EF08HI17,ef-comp-hi,8,unidade_tematica,ef-comp-hi-ut-o-brasil-no-seculo-xix,,,,ef-comp-hi-oc-brasil-primeiro-reinado | ef-comp-hi-oc-o-periodo-regencial-e-as-contestacoes-ao-poder-central | ef-comp-hi-oc-o-brasil-do-segundo-reinado-politica-e-economia | ef-comp-hi-oc-a-lei-de-terras-e-seus-desdobramentos-na-politica-do-segundo-reinado | ef-comp-hi-oc-territorios-e-fronteiras-a-guerra-do-paraguai,"Relacionar as transformações territoriais, em razão de questões de fronteiras, com as tensões e conflitos durante o Império.",vigente,"aba História, linha 108","Base-Nacional-Comum-Curricular-BNCC.pdf, página PDF 429"
EF08HI18,ef-comp-hi,8,unidade_tematica,ef-comp-hi-ut-o-brasil-no-seculo-xix,,,,ef-comp-hi-oc-brasil-primeiro-reinado | ef-comp-hi-oc-o-periodo-regencial-e-as-contestacoes-ao-poder-central | ef-comp-hi-oc-o-brasil-do-segundo-reinado-politica-e-economia | ef-comp-hi-oc-a-lei-de-terras-e-seus-desdobramentos-na-politica-do-segundo-reinado | ef-comp-hi-oc-territorios-e-fronteiras-a-guerra-do-paraguai,Identificar as questões internas e externas sobre a atuação do Brasil na Guerra do Paraguai e discutir diferentes versões sobre o conflito.,vigente,"aba História, linha 109","Base-Nacional-Comum-Curricular-BNCC.pdf, página PDF 429"
EF08HI19,ef-comp-hi,8,unidade_tematica,ef-comp-hi-ut-o-brasil-no-seculo-xix,,,,ef-comp-hi-oc-o-escravismo-no-brasil-do-seculo-xix-plantations-e-revoltas-de-escravizados-abolicionismo-e-politicas-migratorias-no-brasil-imperial,"Formular questionamentos sobre o legado da escravidão nas Américas, com base na seleção e consulta de fontes de diferentes naturezas.",vigente,"aba História, linha 110","Base-Nacional-Comum-Curricular-BNCC.pdf, página PDF 429"
EF08HI20,ef-comp-hi,8,unidade_tematica,ef-comp-hi-ut-o-brasil-no-seculo-xix,,,,ef-comp-hi-oc-o-escravismo-no-brasil-do-seculo-xix-plantations-e-revoltas-de-escravizados-abolicionismo-e-politicas-migratorias-no-brasil-imperial,Identificar e relacionar aspectos das estruturas sociais da atualidade com os legados da escravidão no Brasil e discutir a importância de ações afirmativas.,vigente,"aba História, linha 111","Base-Nacional-Comum-Curricular-BNCC.pdf, página PDF 429"
EF08HI21,ef-comp-hi,8,unidade_tematica,ef-comp-hi-ut-o-brasil-no-seculo-xix,,,,ef-comp-hi-oc-politicas-de-exterminio-do-indigena-durante-o-imperio,Identificar e analisar as políticas oficiais com relação ao indígena durante o Império.,vigente,"aba História, linha 112","Base-Nacional-Comum-Curricular-BNCC.pdf, página PDF 429"
EF08HI22,ef-comp-hi,8,unidade_tematica,ef-comp-hi-ut-o-brasil-no-seculo-xix,,,,ef-comp-hi-oc-a-producao-do-imaginario-nacional-brasileiro-cultura-popular-representacoes-visuais-letras-e-o-romantismo-no-brasil,"Discutir o papel das culturas letradas, não letradas e das artes na produção das identidades no Brasil do século XIX.",vigente,"aba História, linha 113","Base-Nacional-Comum-Curricular-BNCC.pdf, página PDF 429"
EF08HI23,ef-comp-hi,8,unidade_tematica,ef-comp-hi-ut-configuracoes-do-mundo-no-seculo-xix,,,,ef-comp-hi-oc-nacionalismo-revolucoes-e-as-novas-nacoes-europeias,Estabelecer relações causais entre as ideologias raciais e o determinismo no contexto do imperialismo europeu e seus impactos na África e na Ásia.,vigente,"aba História, linha 114","Base-Nacional-Comum-Curricular-BNCC.pdf, página PDF 429"
EF08HI24,ef-comp-hi,8,unidade_tematica,ef-comp-hi-ut-configuracoes-do-mundo-no-seculo-xix,,,,ef-comp-hi-oc-uma-nova-ordem-economica-as-demandas-do-capitalismo-industrial-e-o-lugar-das-economias-africanas-e-asiaticas-nas-dinamicas-globais,"Reconhecer os principais produtos, utilizados pelos europeus, procedentes do continente africano durante o imperialismo e analisar os impactos sobre as comunidades locais na forma de organização e exploração econômica.",vigente,"aba História, linha 115","Base-Nacional-Comum-Curricular-BNCC.pdf, página PDF 429"
EF08HI25,ef-comp-hi,8,unidade_tematica,ef-comp-hi-ut-configuracoes-do-mundo-no-seculo-xix,,,,ef-comp-hi-oc-os-estados-unidos-da-america-e-a-america-latina-no-seculo-xix,Caracterizar e contextualizar aspectos das relações entre os Estados Unidos da América e a América Latina no século XIX.,vigente,"aba História, linha 116","Base-Nacional-Comum-Curricular-BNCC.pdf, página PDF 429"
EF08HI26,ef-comp-hi,8,unidade_tematica,ef-comp-hi-ut-configuracoes-do-mundo-no-seculo-xix,,,,ef-comp-hi-oc-o-imperialismo-europeu-e-a-partilha-da-africa-e-da-asia,Identificar e contextualizar o protagonismo das populações locais na resistência ao imperialismo na África e Ásia.,vigente,"aba História, linha 117","Base-Nacional-Comum-Curricular-BNCC.pdf, página PDF 429"
EF08HI27,ef-comp-hi,8,unidade_tematica,ef-comp-hi-ut-configuracoes-do-mundo-no-seculo-xix,,,,ef-comp-hi-oc-pensamento-e-cultura-no-seculo-xix-darwinismo-e-racismo | ef-comp-hi-oc-o-discurso-civilizatorio-nas-americas-o-silenciamento-dos-saberes-indigenas-e-as-formas-de-integracao-e-destruicao-de-comunidades-e-povos-indigenas | ef-comp-hi-oc-a-resistencia-dos-povos-e-comunidades-indigenas-diante-da-ofensiva-civilizatoria,"Identificar as tensões e os significados dos discursos civilizatórios, avaliando seus impactos negativos para os povos indígenas originários e as populações negras nas Américas.",vigente,"aba História, linha 118","Base-Nacional-Comum-Curricular-BNCC.pdf, página PDF 429"
EF09HI01,ef-comp-hi,9,unidade_tematica,ef-comp-hi-ut-o-nascimento-da-republica-no-brasil-e-os-processos-historicos-ate-a-metade-do-seculo-xx,,,,ef-comp-hi-oc-experiencias-republicanas-e-praticas-autoritarias-as-tensoes-e-disputas-do-mundo-contemporaneo | ef-comp-hi-oc-a-proclamacao-da-republica-e-seus-primeiros-desdobramentos,"Descrever e contextualizar os principais aspectos sociais, culturais, econômicos e políticos da emergência da República no Brasil.",vigente,"aba História, linha 119","Base-Nacional-Comum-Curricular-BNCC.pdf, página PDF 431"
EF09HI02,ef-comp-hi,9,unidade_tematica,ef-comp-hi-ut-o-nascimento-da-republica-no-brasil-e-os-processos-historicos-ate-a-metade-do-seculo-xx,,,,ef-comp-hi-oc-experiencias-republicanas-e-praticas-autoritarias-as-tensoes-e-disputas-do-mundo-contemporaneo | ef-comp-hi-oc-a-proclamacao-da-republica-e-seus-primeiros-desdobramentos,"Caracterizar e compreender os ciclos da história republicana, identificando particularidades da história local e regional até 1954.",vigente,"aba História, linha 120","Base-Nacional-Comum-Curricular-BNCC.pdf, página PDF 431"
EF09HI03,ef-comp-hi,9,unidade_tematica,ef-comp-hi-ut-o-nascimento-da-republica-no-brasil-e-os-processos-historicos-ate-a-metade-do-seculo-xx,,,,ef-comp-hi-oc-a-questao-da-insercao-dos-negros-no-periodo-republicano-do-pos-abolicao | ef-comp-hi-oc-os-movimentos-sociais-e-a-imprensa-negra-a-cultura-afro-brasileira-como-elemento-de-resistencia-e-superacao-das-discriminacoes,Identificar os mecanismos de inserção dos negros na sociedade brasileira pós-abolição e avaliar os seus resultados.,vigente,"aba História, linha 121","Base-Nacional-Comum-Curricular-BNCC.pdf, página PDF 431"
EF09HI04,ef-comp-hi,9,unidade_tematica,ef-comp-hi-ut-o-nascimento-da-republica-no-brasil-e-os-processos-historicos-ate-a-metade-do-seculo-xx,,,,ef-comp-hi-oc-a-questao-da-insercao-dos-negros-no-periodo-republicano-do-pos-abolicao | ef-comp-hi-oc-os-movimentos-sociais-e-a-imprensa-negra-a-cultura-afro-brasileira-como-elemento-de-resistencia-e-superacao-das-discriminacoes,"Discutir a importância da participação da população negra na formação econômica, política e social do Brasil.",vigente,"aba História, linha 122","Base-Nacional-Comum-Curricular-BNCC.pdf, página PDF 431"
EF09HI05,ef-comp-hi,9,unidade_tematica,ef-comp-hi-ut-o-nascimento-da-republica-no-brasil-e-os-processos-historicos-ate-a-metade-do-seculo-xx,,,,ef-comp-hi-oc-primeira-republica-e-suas-caracteristicas | ef-comp-hi-oc-contestacoes-e-dinamicas-da-vida-cultural-no-brasil-entre-1900-e-1930,Identificar os processos de urbanização e modernização da sociedade brasileira e avaliar suas contradições e impactos na região em que vive.,vigente,"aba História, linha 123","Base-Nacional-Comum-Curricular-BNCC.pdf, página PDF 431"
EF09HI06,ef-comp-hi,9,unidade_tematica,ef-comp-hi-ut-o-nascimento-da-republica-no-brasil-e-os-processos-historicos-ate-a-metade-do-seculo-xx,,,,ef-comp-hi-oc-o-periodo-varguista-e-suas-contradicoes | ef-comp-hi-oc-a-emergencia-da-vida-urbana-e-a-segregacao-espacial | ef-comp-hi-oc-o-trabalhismo-e-seu-protagonismo-politico,"Identificar e discutir o papel do trabalhismo como força política, social e cultural no Brasil, em diferentes escalas (nacional, regional, cidade, comunidade).",vigente,"aba História, linha 124","Base-Nacional-Comum-Curricular-BNCC.pdf, página PDF 431"
EF09HI07,ef-comp-hi,9,unidade_tematica,ef-comp-hi-ut-o-nascimento-da-republica-no-brasil-e-os-processos-historicos-ate-a-metade-do-seculo-xx,,,,ef-comp-hi-oc-a-questao-indigena-durante-a-republica-ate-1964,"Identificar e explicar, em meio a lógicas de inclusão e exclusão, as pautas dos povos indígenas, no contexto republicano (até 1964), e das populações afrodescendentes.",vigente,"aba História, linha 125","Base-Nacional-Comum-Curricular-BNCC.pdf, página PDF 431"
EF09HI08,ef-comp-hi,9,unidade_tematica,ef-comp-hi-ut-o-nascimento-da-republica-no-brasil-e-os-processos-historicos-ate-a-metade-do-seculo-xx,,,,ef-comp-hi-oc-anarquismo-e-protagonismo-feminino,Identificar as transformações ocorridas no debate sobre as questões da diversidade no Brasil durante o século XX e compreender o significado das mudanças de abordagem em relação ao tema.,vigente,"aba História, linha 126","Base-Nacional-Comum-Curricular-BNCC.pdf, página PDF 431"
EF09HI09,ef-comp-hi,9,unidade_tematica,ef-comp-hi-ut-o-nascimento-da-republica-no-brasil-e-os-processos-historicos-ate-a-metade-do-seculo-xx,,,,ef-comp-hi-oc-anarquismo-e-protagonismo-feminino,"Relacionar as conquistas de direitos políticos, sociais e civis à atuação de movimentos sociais.",vigente,"aba História, linha 127","Base-Nacional-Comum-Curricular-BNCC.pdf, página PDF 431"
EF09HI10,ef-comp-hi,9,unidade_tematica,ef-comp-hi-ut-totalitarismos-e-conflitos-mundiais,,,,ef-comp-hi-oc-o-mundo-em-conflito-a-primeira-guerra-mundial-a-questao-da-palestina | ef-comp-hi-oc-a-revolucao-russa | ef-comp-hi-oc-a-crise-capitalista-de-1929,"Identificar e relacionar as dinâmicas do capitalismo e suas crises, os grandes conflitos mundiais e os conflitos vivenciados na Europa.",vigente,"aba História, linha 128","Base-Nacional-Comum-Curricular-BNCC.pdf, página PDF 431"
EF09HI11,ef-comp-hi,9,unidade_tematica,ef-comp-hi-ut-totalitarismos-e-conflitos-mundiais,,,,ef-comp-hi-oc-o-mundo-em-conflito-a-primeira-guerra-mundial-a-questao-da-palestina | ef-comp-hi-oc-a-revolucao-russa | ef-comp-hi-oc-a-crise-capitalista-de-1929,Identificar as especificidades e os desdobramentos mundiais da Revolução Russa e seu significado histórico.,vigente,"aba História, linha 129","Base-Nacional-Comum-Curricular-BNCC.pdf, página PDF 431"
EF09HI12,ef-comp-hi,9,unidade_tematica,ef-comp-hi-ut-totalitarismos-e-conflitos-mundiais,,,,ef-comp-hi-oc-o-mundo-em-conflito-a-primeira-guerra-mundial-a-questao-da-palestina | ef-comp-hi-oc-a-revolucao-russa | ef-comp-hi-oc-a-crise-capitalista-de-1929,Analisar a crise capitalista de 1929 e seus desdobramentos em relação à economia global.,vigente,"aba História, linha 130","Base-Nacional-Comum-Curricular-BNCC.pdf, página PDF 431"
EF09HI13,ef-comp-hi,9,unidade_tematica,ef-comp-hi-ut-totalitarismos-e-conflitos-mundiais,,,,ef-comp-hi-oc-a-emergencia-do-fascismo-e-do-nazismo | ef-comp-hi-oc-a-segunda-guerra-mundial | ef-comp-hi-oc-judeus-e-outras-vitimas-do-holocausto,"Descrever e contextualizar os processos da emergência do fascismo e do nazismo, a consolidação dos estados totalitários e as práticas de extermínio (como o holocausto).",vigente,"aba História, linha 131","Base-Nacional-Comum-Curricular-BNCC.pdf, página PDF 431"
EF09HI14,ef-comp-hi,9,unidade_tematica,ef-comp-hi-ut-totalitarismos-e-conflitos-mundiais,,,,ef-comp-hi-oc-o-colonialismo-na-africa | ef-comp-hi-oc-as-guerras-mundiais-a-crise-do-colonialismo-e-o-advento-dos-nacionalismos-africanos-e-asiaticos,Caracterizar e discutir as dinâmicas do colonialismo no continente africano e asiático e as lógicas de resistência das populações locais diante das questões internacionais.,vigente,"aba História, linha 132","Base-Nacional-Comum-Curricular-BNCC.pdf, página PDF 431"
EF09HI15,ef-comp-hi,9,unidade_tematica,ef-comp-hi-ut-totalitarismos-e-conflitos-mundiais,,,,ef-comp-hi-oc-a-organizacao-das-nacoes-unidas-onu-e-a-questao-dos-direitos-humanos,Discutir as motivações que levaram à criação da Organização das Nações Unidas (ONU) no contexto do pós-guerra e os propósitos dessa organização.,vigente,"aba História, linha 133","Base-Nacional-Comum-Curricular-BNCC.pdf, página PDF 431"
EF09HI16,ef-comp-hi,9,unidade_tematica,ef-comp-hi-ut-totalitarismos-e-conflitos-mundiais,,,,ef-comp-hi-oc-a-organizacao-das-nacoes-unidas-onu-e-a-questao-dos-direitos-humanos,"Relacionar a Carta dos Direitos Humanos ao processo de afirmação dos direitos fundamentais e de defesa da dignidade humana, valorizando as instituições voltadas para a defesa desses direitos e para a identificação dos agentes responsáveis por sua violação.",vigente,"aba História, linha 134","Base-Nacional-Comum-Curricular-BNCC.pdf, página PDF 431"
EF09HI17,ef-comp-hi,9,unidade_tematica,ef-comp-hi-ut-modernizacao-ditadura-civil-militar-e-redemocratizacao-o-brasil-apos-1946,,,,ef-comp-hi-oc-o-brasil-da-era-jk-e-o-ideal-de-uma-nacao-moderna-a-urbanizacao-e-seus-desdobramentos-em-um-pais-em-transformacao,"Identificar e analisar processos sociais, econômicos, culturais e políticos do Brasil a partir de 1946.",vigente,"aba História, linha 135","Base-Nacional-Comum-Curricular-BNCC.pdf, página PDF 433"
EF09HI18,ef-comp-hi,9,unidade_tematica,ef-comp-hi-ut-modernizacao-ditadura-civil-militar-e-redemocratizacao-o-brasil-apos-1946,,,,ef-comp-hi-oc-o-brasil-da-era-jk-e-o-ideal-de-uma-nacao-moderna-a-urbanizacao-e-seus-desdobramentos-em-um-pais-em-transformacao,Descrever e analisar as relações entre as transformações urbanas e seus impactos na cultura brasileira entre 1946 e 1964 e na produção das desigualdades regionais e sociais.,vigente,"aba História, linha 136","Base-Nacional-Comum-Curricular-BNCC.pdf, página PDF 433"
EF09HI19,ef-comp-hi,9,unidade_tematica,ef-comp-hi-ut-modernizacao-ditadura-civil-militar-e-redemocratizacao-o-brasil-apos-1946,,,,ef-comp-hi-oc-os-anos-1960-revolucao-cultural | ef-comp-hi-oc-a-ditadura-civil-militar-e-os-processos-de-resistencia | ef-comp-hi-oc-as-questoes-indigena-e-negra-e-a-ditadura,Identificar e compreender o processo que resultou na ditadura civil-militar no Brasil e discutir a emergência de questões relacionadas à memória e à justiça sobre os casos de violação dos direitos humanos.,vigente,"aba História, linha 137","Base-Nacional-Comum-Curricular-BNCC.pdf, página PDF 433"
EF09HI20,ef-comp-hi,9,unidade_tematica,ef-comp-hi-ut-modernizacao-ditadura-civil-militar-e-redemocratizacao-o-brasil-apos-1946,,,,ef-comp-hi-oc-os-anos-1960-revolucao-cultural | ef-comp-hi-oc-a-ditadura-civil-militar-e-os-processos-de-resistencia | ef-comp-hi-oc-as-questoes-indigena-e-negra-e-a-ditadura,Discutir os processos de resistência e as propostas de reorganização da sociedade brasileira durante a ditadura civil-militar.,vigente,"aba História, linha 138","Base-Nacional-Comum-Curricular-BNCC.pdf, página PDF 433"
EF09HI21,ef-comp-hi,9,unidade_tematica,ef-comp-hi-ut-modernizacao-ditadura-civil-militar-e-redemocratizacao-o-brasil-apos-1946,,,,ef-comp-hi-oc-os-anos-1960-revolucao-cultural | ef-comp-hi-oc-a-ditadura-civil-militar-e-os-processos-de-resistencia | ef-comp-hi-oc-as-questoes-indigena-e-negra-e-a-ditadura,Identificar e relacionar as demandas indígenas e quilombolas como forma de contestação ao modelo desenvolvimentista da ditadura.,vigente,"aba História, linha 139","Base-Nacional-Comum-Curricular-BNCC.pdf, página PDF 433"
EF09HI22,ef-comp-hi,9,unidade_tematica,ef-comp-hi-ut-modernizacao-ditadura-civil-militar-e-redemocratizacao-o-brasil-apos-1946,,,,ef-comp-hi-oc-o-processo-de-redemocratizacao | ef-comp-hi-oc-a-constituicao-de-1988-e-a-emancipacao-das-cidadanias-analfabetos-indigenas-negros-jovens-etc | ef-comp-hi-oc-a-historia-recente-do-brasil-transformacoes-politicas-economicas-sociais-e-culturais-de-1989-aos-dias-atuais | ef-comp-hi-oc-os-protagonismos-da-sociedade-civil-e-as-alteracoes-da-sociedade-brasileira | ef-comp-hi-oc-a-questao-da-violencia-contra-populacoes-marginalizadas | ef-comp-hi-oc-o-brasil-e-suas-relacoes-internacionais-na-era-da-globalizacao,Discutir o papel da mobilização da sociedade brasileira do final do período ditatorial até a Constituição de 1988.,vigente,"aba História, linha 140","Base-Nacional-Comum-Curricular-BNCC.pdf, página PDF 433"
EF09HI23,ef-comp-hi,9,unidade_tematica,ef-comp-hi-ut-modernizacao-ditadura-civil-militar-e-redemocratizacao-o-brasil-apos-1946,,,,ef-comp-hi-oc-o-processo-de-redemocratizacao | ef-comp-hi-oc-a-constituicao-de-1988-e-a-emancipacao-das-cidadanias-analfabetos-indigenas-negros-jovens-etc | ef-comp-hi-oc-a-historia-recente-do-brasil-transformacoes-politicas-economicas-sociais-e-culturais-de-1989-aos-dias-atuais | ef-comp-hi-oc-os-protagonismos-da-sociedade-civil-e-as-alteracoes-da-sociedade-brasileira | ef-comp-hi-oc-a-questao-da-violencia-contra-populacoes-marginalizadas | ef-comp-hi-oc-o-brasil-e-suas-relacoes-internacionais-na-era-da-globalizacao,"Identificar direitos civis, políticos e sociais expressos na Constituição de 1988 e relacioná-los à noção de cidadania e ao pacto da sociedade brasileira de combate a diversas formas de preconceito, como o racismo.",vigente,"aba História, linha 141","Base-Nacional-Comum-Curricular-BNCC.pdf, página PDF 433"
EF09HI24,ef-comp-hi,9,unidade_tematica,ef-comp-hi-ut-modernizacao-ditadura-civil-militar-e-redemocratizacao-o-brasil-apos-1946,,,,ef-comp-hi-oc-o-processo-de-redemocratizacao | ef-comp-hi-oc-a-constituicao-de-1988-e-a-emancipacao-das-cidadanias-analfabetos-indigenas-negros-jovens-etc | ef-comp-hi-oc-a-historia-recente-do-brasil-transformacoes-politicas-economicas-sociais-e-culturais-de-1989-aos-dias-atuais | ef-comp-hi-oc-os-protagonismos-da-sociedade-civil-e-as-alteracoes-da-sociedade-brasileira | ef-comp-hi-oc-a-questao-da-violencia-contra-populacoes-marginalizadas | ef-comp-hi-oc-o-brasil-e-suas-relacoes-internacionais-na-era-da-globalizacao,"Analisar as transformações políticas, econômicas, sociais e culturais de 1989 aos dias atuais, identificando questões prioritárias para a promoção da cidadania e dos valores democráticos.",vigente,"aba História, linha 142","Base-Nacional-Comum-Curricular-BNCC.pdf, página PDF 433"
EF09HI25,ef-comp-hi,9,unidade_tematica,ef-comp-hi-ut-modernizacao-ditadura-civil-militar-e-redemocratizacao-o-brasil-apos-1946,,,,ef-comp-hi-oc-o-processo-de-redemocratizacao | ef-comp-hi-oc-a-constituicao-de-1988-e-a-emancipacao-das-cidadanias-analfabetos-indigenas-negros-jovens-etc | ef-comp-hi-oc-a-historia-recente-do-brasil-transformacoes-politicas-economicas-sociais-e-culturais-de-1989-aos-dias-atuais | ef-comp-hi-oc-os-protagonismos-da-sociedade-civil-e-as-alteracoes-da-sociedade-brasileira | ef-comp-hi-oc-a-questao-da-violencia-contra-populacoes-marginalizadas | ef-comp-hi-oc-o-brasil-e-suas-relacoes-internacionais-na-era-da-globalizacao,Relacionar as transformações da sociedade brasileira aos protagonismos da sociedade civil após 1989.,vigente,"aba História, linha 143","Base-Nacional-Comum-Curricular-BNCC.pdf, página PDF 433"
EF09HI26,ef-comp-hi,9,unidade_tematica,ef-comp-hi-ut-modernizacao-ditadura-civil-militar-e-redemocratizacao-o-brasil-apos-1946,,,,ef-comp-hi-oc-o-processo-de-redemocratizacao | ef-comp-hi-oc-a-constituicao-de-1988-e-a-emancipacao-das-cidadanias-analfabetos-indigenas-negros-jovens-etc | ef-comp-hi-oc-a-historia-recente-do-brasil-transformacoes-politicas-economicas-sociais-e-culturais-de-1989-aos-dias-atuais | ef-comp-hi-oc-os-protagonismos-da-sociedade-civil-e-as-alteracoes-da-sociedade-brasileira | ef-comp-hi-oc-a-questao-da-violencia-contra-populacoes-marginalizadas | ef-comp-hi-oc-o-brasil-e-suas-relacoes-internacionais-na-era-da-globalizacao,"Discutir e analisar as causas da violência contra populações marginalizadas (negros, indígenas, mulheres, homossexuais, camponeses, pobres etc.) com vistas à tomada de consciência e à construção de uma cultura de paz, empatia e respeito às pessoas.",vigente,"aba História, linha 144","Base-Nacional-Comum-Curricular-BNCC.pdf, página PDF 433"
EF09HI27,ef-comp-hi,9,unidade_tematica,ef-comp-hi-ut-modernizacao-ditadura-civil-militar-e-redemocratizacao-o-brasil-apos-1946,,,,ef-comp-hi-oc-o-processo-de-redemocratizacao | ef-comp-hi-oc-a-constituicao-de-1988-e-a-emancipacao-das-cidadanias-analfabetos-indigenas-negros-jovens-etc | ef-comp-hi-oc-a-historia-recente-do-brasil-transformacoes-politicas-economicas-sociais-e-culturais-de-1989-aos-dias-atuais | ef-comp-hi-oc-os-protagonismos-da-sociedade-civil-e-as-alteracoes-da-sociedade-brasileira | ef-comp-hi-oc-a-questao-da-violencia-contra-populacoes-marginalizadas | ef-comp-hi-oc-o-brasil-e-suas-relacoes-internacionais-na-era-da-globalizacao,"Relacionar aspectos das mudanças econômicas, culturais e sociais ocorridas no Brasil a partir da década de 1990 ao papel do País no cenário internacional na era da globalização.",vigente,"aba História, linha 145","Base-Nacional-Comum-Curricular-BNCC.pdf, página PDF 433"
EF09HI28,ef-comp-hi,9,unidade_tematica,ef-comp-hi-ut-a-historia-recente,,,,ef-comp-hi-oc-a-guerra-fria-confrontos-de-dois-modelos-politicos | ef-comp-hi-oc-a-revolucao-chinesa-e-as-tensoes-entre-china-e-russia | ef-comp-hi-oc-a-revolucao-cubana-e-as-tensoes-entre-estados-unidos-da-america-e-cuba,"Identificar e analisar aspectos da Guerra Fria, seus principais conflitos e as tensões geopolíticas no interior dos blocos liderados por soviéticos e estadunidenses.",vigente,"aba História, linha 146","Base-Nacional-Comum-Curricular-BNCC.pdf, página PDF 435"
EF09HI29,ef-comp-hi,9,unidade_tematica,ef-comp-hi-ut-a-historia-recente,,,,ef-comp-hi-oc-as-experiencias-ditatoriais-na-america-latina,"Descrever e analisar as experiências ditatoriais na América Latina, seus procedimentos e vínculos com o poder, em nível nacional e internacional, e a atuação de movimentos de contestação às ditaduras.",vigente,"aba História, linha 147","Base-Nacional-Comum-Curricular-BNCC.pdf, página PDF 435"
EF09HI30,ef-comp-hi,9,unidade_tematica,ef-comp-hi-ut-a-historia-recente,,,,ef-comp-hi-oc-as-experiencias-ditatoriais-na-america-latina,"Comparar as características dos regimes ditatoriais latino-americanos, com especial atenção para a censura política, a opressão e o uso da força, bem como para as reformas econômicas e sociais e seus impactos.",vigente,"aba História, linha 148","Base-Nacional-Comum-Curricular-BNCC.pdf, página PDF 435"
EF09HI31,ef-comp-hi,9,unidade_tematica,ef-comp-hi-ut-a-historia-recente,,,,ef-comp-hi-oc-os-processos-de-descolonizacao-na-africa-e-na-asia,Descrever e avaliar os processos de descolonização na África e na Ásia.,vigente,"aba História, linha 149","Base-Nacional-Comum-Curricular-BNCC.pdf, página PDF 435"
EF09HI32,ef-comp-hi,9,unidade_tematica,ef-comp-hi-ut-a-historia-recente,,,,ef-comp-hi-oc-o-fim-da-guerra-fria-e-o-processo-de-globalizacao | ef-comp-hi-oc-politicas-economicas-na-america-latina,"Analisar mudanças e permanências associadas ao processo de globalização, considerando os argumentos dos movimentos críticos às políticas globais.",vigente,"aba História, linha 150","Base-Nacional-Comum-Curricular-BNCC.pdf, página PDF 435"
EF09HI33,ef-comp-hi,9,unidade_tematica,ef-comp-hi-ut-a-historia-recente,,,,ef-comp-hi-oc-o-fim-da-guerra-fria-e-o-processo-de-globalizacao | ef-comp-hi-oc-politicas-economicas-na-america-latina,Analisar as transformações nas relações políticas locais e globais geradas pelo desenvolvimento das tecnologias digitais de informação e comunicação.,vigente,"aba História, linha 151","Base-Nacional-Comum-Curricular-BNCC.pdf, página PDF 435"
EF09HI34,ef-comp-hi,9,unidade_tematica,ef-comp-hi-ut-a-historia-recente,,,,ef-comp-hi-oc-o-fim-da-guerra-fria-e-o-processo-de-globalizacao | ef-comp-hi-oc-politicas-economicas-na-america-latina,"Discutir as motivações da adoção de diferentes políticas econômicas na América Latina, assim como seus impactos sociais nos países da região.",vigente,"aba História, linha 152","Base-Nacional-Comum-Curricular-BNCC.pdf, página PDF 435"
EF09HI35,ef-comp-hi,9,unidade_tematica,ef-comp-hi-ut-a-historia-recente,,,,ef-comp-hi-oc-os-conflitos-do-seculo-xxi-e-a-questao-do-terrorismo | ef-comp-hi-oc-pluralidades-e-diversidades-identitarias-na-atualidade | ef-comp-hi-oc-as-pautas-dos-povos-indigenas-no-seculo-xxi-e-suas-formas-de-insercao-no-debate-local-regional-nacional-e-internacional,"Analisar os aspectos relacionados ao fenômeno do terrorismo na contemporaneidade, incluindo os movimentos migratórios e os choques entre diferentes grupos e culturas.",vigente,"aba História, linha 153","Base-Nacional-Comum-Curricular-BNCC.pdf, página PDF 435"
EF09HI36,ef-comp-hi,9,unidade_tematica,ef-comp-hi-ut-a-historia-recente,,,,ef-comp-hi-oc-os-conflitos-do-seculo-xxi-e-a-questao-do-terrorismo | ef-comp-hi-oc-pluralidades-e-diversidades-identitarias-na-atualidade | ef-comp-hi-oc-as-pautas-dos-povos-indigenas-no-seculo-xxi-e-suas-formas-de-insercao-no-debate-local-regional-nacional-e-internacional,"Identificar e discutir as diversidades identitárias e seus significados históricos no início do século XXI, combatendo qualquer forma de preconceito e violência.",vigente,"aba História, linha 154","Base-Nacional-Comum-Curricular-BNCC.pdf, página PDF 435"
EF01ER01,ef-comp-er,1,unidade_tematica,ef-comp-er-ut-identidades-e-alteridades,,,,ef-comp-er-oc-o-eu-o-outro-e-o-nos,"Identificar e acolher as semelhanças e diferenças entre o eu, o outro e o nós.",vigente,"aba Ensino Religioso, linha 4","Base-Nacional-Comum-Curricular-BNCC.pdf, página PDF 445"
EF01ER02,ef-comp-er,1,unidade_tematica,ef-comp-er-ut-identidades-e-alteridades,,,,ef-comp-er-oc-o-eu-o-outro-e-o-nos,Reconhecer que o seu nome e o das demais pessoas os identificam e os diferenciam.,vigente,"aba Ensino Religioso, linha 5","Base-Nacional-Comum-Curricular-BNCC.pdf, página PDF 445"
EF01ER03,ef-comp-er,1,unidade_tematica,ef-comp-er-ut-identidades-e-alteridades,,,,ef-comp-er-oc-imanencia-e-transcendencia,Reconhecer e respeitar as características físicas e subjetivas de cada um.,vigente,"aba Ensino Religioso, linha 6","Base-Nacional-Comum-Curricular-BNCC.pdf, página PDF 445"
EF01ER04,ef-comp-er,1,unidade_tematica,ef-comp-er-ut-identidades-e-alteridades,,,,ef-comp-er-oc-imanencia-e-transcendencia,Valorizar a diversidade de formas de vida.,vigente,"aba Ensino Religioso, linha 7","Base-Nacional-Comum-Curricular-BNCC.pdf, página PDF 445"
EF01ER05,ef-comp-er,1,unidade_tematica,ef-comp-er-ut-manifestacoes-religiosas,,,,ef-comp-er-oc-sentimentos-lembrancas-memorias-e-saberes,"Identificar e acolher sentimentos, lembranças, memórias e saberes de cada um.",vigente,"aba Ensino Religioso, linha 8","Base-Nacional-Comum-Curricular-BNCC.pdf, página PDF 445"
EF01ER06,ef-comp-er,1,unidade_tematica,ef-comp-er-ut-manifestacoes-religiosas,,,,ef-comp-er-oc-sentimentos-lembrancas-memorias-e-saberes,"Identificar as diferentes formas pelas quais as pessoas manifestam sentimentos, ideias, memórias, gostos e crenças em diferentes espaços.",vigente,"aba Ensino Religioso, linha 9","Base-Nacional-Comum-Curricular-BNCC.pdf, página PDF 445"
EF02ER01,ef-comp-er,2,unidade_tematica,ef-comp-er-ut-identidades-e-alteridades,,,,ef-comp-er-oc-o-eu-a-familia-e-o-ambiente-de-convivencia,Reconhecer os diferentes espaços de convivência.,vigente,"aba Ensino Religioso, linha 10","Base-Nacional-Comum-Curricular-BNCC.pdf, página PDF 447"
EF02ER02,ef-comp-er,2,unidade_tematica,ef-comp-er-ut-identidades-e-alteridades,,,,ef-comp-er-oc-o-eu-a-familia-e-o-ambiente-de-convivencia,"Identificar costumes, crenças e formas diversas de viver em variados ambientes de convivência.",vigente,"aba Ensino Religioso, linha 11","Base-Nacional-Comum-Curricular-BNCC.pdf, página PDF 447"
EF02ER03,ef-comp-er,2,unidade_tematica,ef-comp-er-ut-identidades-e-alteridades,,,,ef-comp-er-oc-memorias-e-simbolos,"Identificar as diferentes formas de registro das memórias pessoais, familiares e escolares (fotos, músicas, narrativas, álbuns...).",vigente,"aba Ensino Religioso, linha 12","Base-Nacional-Comum-Curricular-BNCC.pdf, página PDF 447"
EF02ER04,ef-comp-er,2,unidade_tematica,ef-comp-er-ut-identidades-e-alteridades,,,,ef-comp-er-oc-memorias-e-simbolos,Identificar os símbolos presentes nos variados espaços de convivência.,vigente,"aba Ensino Religioso, linha 13","Base-Nacional-Comum-Curricular-BNCC.pdf, página PDF 447"
EF02ER05,ef-comp-er,2,unidade_tematica,ef-comp-er-ut-identidades-e-alteridades,,,,ef-comp-er-oc-simbolos-religiosos,"Identificar, distinguir e respeitar símbolos religiosos de distintas manifestações, tradições e instituições religiosas.",vigente,"aba Ensino Religioso, linha 14","Base-Nacional-Comum-Curricular-BNCC.pdf, página PDF 447"
EF02ER06,ef-comp-er,2,unidade_tematica,ef-comp-er-ut-manifestacoes-religiosas,,,,ef-comp-er-oc-alimentos-sagrados,"Exemplificar alimentos considerados sagrados por diferentes culturas, tradições e expressões religiosas.",vigente,"aba Ensino Religioso, linha 15","Base-Nacional-Comum-Curricular-BNCC.pdf, página PDF 447"
EF02ER07,ef-comp-er,2,unidade_tematica,ef-comp-er-ut-manifestacoes-religiosas,,,,ef-comp-er-oc-alimentos-sagrados,Identificar significados atribuídos a alimentos em diferentes manifestações e tradições religiosas.,vigente,"aba Ensino Religioso, linha 16","Base-Nacional-Comum-Curricular-BNCC.pdf, página PDF 447"
EF03ER01,ef-comp-er,3,unidade_tematica,ef-comp-er-ut-identidades-e-alteridades,,,,ef-comp-er-oc-espacos-e-territorios-religiosos,Identificar e respeitar os diferentes espaços e territórios religiosos de diferentes tradições e movimentos religiosos.,vigente,"aba Ensino Religioso, linha 17","Base-Nacional-Comum-Curricular-BNCC.pdf, página PDF 449"
EF03ER02,ef-comp-er,3,unidade_tematica,ef-comp-er-ut-identidades-e-alteridades,,,,ef-comp-er-oc-espacos-e-territorios-religiosos,Caracterizar os espaços e territórios religiosos como locais de realização das práticas celebrativas.,vigente,"aba Ensino Religioso, linha 18","Base-Nacional-Comum-Curricular-BNCC.pdf, página PDF 449"
EF03ER03,ef-comp-er,3,unidade_tematica,ef-comp-er-ut-manifestacoes-religiosas,,,,ef-comp-er-oc-praticas-celebrativas,"Identificar e respeitar práticas celebrativas (cerimônias, orações, festividades, peregrinações, entre outras) de diferentes tradições religiosas.",vigente,"aba Ensino Religioso, linha 19","Base-Nacional-Comum-Curricular-BNCC.pdf, página PDF 449"
EF03ER04,ef-comp-er,3,unidade_tematica,ef-comp-er-ut-manifestacoes-religiosas,,,,ef-comp-er-oc-praticas-celebrativas,Caracterizar as práticas celebrativas como parte integrante do conjunto das manifestações religiosas de diferentes culturas e sociedades.,vigente,"aba Ensino Religioso, linha 20","Base-Nacional-Comum-Curricular-BNCC.pdf, página PDF 449"
EF03ER05,ef-comp-er,3,unidade_tematica,ef-comp-er-ut-manifestacoes-religiosas,,,,ef-comp-er-oc-indumentarias-religiosas,"Reconhecer as indumentárias (roupas, acessórios, símbolos, pinturas corporais) utilizadas em diferentes manifestações e tradições religiosas.",vigente,"aba Ensino Religioso, linha 21","Base-Nacional-Comum-Curricular-BNCC.pdf, página PDF 449"
EF03ER06,ef-comp-er,3,unidade_tematica,ef-comp-er-ut-manifestacoes-religiosas,,,,ef-comp-er-oc-indumentarias-religiosas,Caracterizar as indumentárias como elementos integrantes das identidades religiosas.,vigente,"aba Ensino Religioso, linha 22","Base-Nacional-Comum-Curricular-BNCC.pdf, página PDF 449"
EF04ER01,ef-comp-er,4,unidade_tematica,ef-comp-er-ut-manifestacoes-religiosas,,,,ef-comp-er-oc-ritos-religiosos,"Identificar ritos presentes no cotidiano pessoal, familiar, escolar e comunitário.",vigente,"aba Ensino Religioso, linha 23","Base-Nacional-Comum-Curricular-BNCC.pdf, página PDF 451"
EF04ER02,ef-comp-er,4,unidade_tematica,ef-comp-er-ut-manifestacoes-religiosas,,,,ef-comp-er-oc-ritos-religiosos,Identificar ritos e suas funções em diferentes manifestações e tradições religiosas.,vigente,"aba Ensino Religioso, linha 24","Base-Nacional-Comum-Curricular-BNCC.pdf, página PDF 451"
EF04ER03,ef-comp-er,4,unidade_tematica,ef-comp-er-ut-manifestacoes-religiosas,,,,ef-comp-er-oc-ritos-religiosos,"Caracterizar ritos de iniciação e de passagem em diversos grupos religiosos (nascimento, casamento e morte).",vigente,"aba Ensino Religioso, linha 25","Base-Nacional-Comum-Curricular-BNCC.pdf, página PDF 451"
EF04ER04,ef-comp-er,4,unidade_tematica,ef-comp-er-ut-manifestacoes-religiosas,,,,ef-comp-er-oc-ritos-religiosos,"Identificar as diversas formas de expressão da espiritualidade (orações, cultos, gestos, cantos, dança, meditação) nas diferentes tradições religiosas.",vigente,"aba Ensino Religioso, linha 26","Base-Nacional-Comum-Curricular-BNCC.pdf, página PDF 451"
EF04ER05,ef-comp-er,4,unidade_tematica,ef-comp-er-ut-manifestacoes-religiosas,,,,ef-comp-er-oc-representacoes-religiosas-na-arte,"Identificar representações religiosas em diferentes expressões artísticas (pinturas, arquitetura, esculturas, ícones, símbolos, imagens), reconhecendo-as como parte da identidade de diferentes culturas e tradições religiosas.",vigente,"aba Ensino Religioso, linha 27","Base-Nacional-Comum-Curricular-BNCC.pdf, página PDF 451"
EF04ER06,ef-comp-er,4,unidade_tematica,ef-comp-er-ut-crencas-religiosas-e-filosofias-de-vida,,,,ef-comp-er-oc-ideia-s-de-divindade-s,"Identificar nomes, significados e representações de divindades nos contextos familiar e comunitário.",vigente,"aba Ensino Religioso, linha 28","Base-Nacional-Comum-Curricular-BNCC.pdf, página PDF 451"
EF04ER07,ef-comp-er,4,unidade_tematica,ef-comp-er-ut-crencas-religiosas-e-filosofias-de-vida,,,,ef-comp-er-oc-ideia-s-de-divindade-s,Reconhecer e respeitar as ideias de divindades de diferentes manifestações e tradições religiosas.,vigente,"aba Ensino Religioso, linha 29","Base-Nacional-Comum-Curricular-BNCC.pdf, página PDF 451"
EF05ER01,ef-comp-er,5,unidade_tematica,ef-comp-er-ut-crencas-religiosas-e-filosofias-de-vida,,,,ef-comp-er-oc-narrativas-religiosas,Identificar e respeitar acontecimentos sagrados de diferentes culturas e tradições religiosas como recurso para preservar a memória.,vigente,"aba Ensino Religioso, linha 30","Base-Nacional-Comum-Curricular-BNCC.pdf, página PDF 453"
EF05ER02,ef-comp-er,5,unidade_tematica,ef-comp-er-ut-crencas-religiosas-e-filosofias-de-vida,,,,ef-comp-er-oc-mitos-nas-tradicoes-religiosas,Identificar mitos de criação em diferentes culturas e tradições religiosas.,vigente,"aba Ensino Religioso, linha 31","Base-Nacional-Comum-Curricular-BNCC.pdf, página PDF 453"
EF05ER03,ef-comp-er,5,unidade_tematica,ef-comp-er-ut-crencas-religiosas-e-filosofias-de-vida,,,,ef-comp-er-oc-mitos-nas-tradicoes-religiosas,"Reconhecer funções e mensagens religiosas contidas nos mitos de criação (concepções de mundo, natureza, ser humano, divindades, vida e morte).",vigente,"aba Ensino Religioso, linha 32","Base-Nacional-Comum-Curricular-BNCC.pdf, página PDF 453"
EF05ER04,ef-comp-er,5,unidade_tematica,ef-comp-er-ut-crencas-religiosas-e-filosofias-de-vida,,,,ef-comp-er-oc-ancestralidade-e-tradicao-oral,Reconhecer a importância da tradição oral para preservar memórias e acontecimentos religiosos.,vigente,"aba Ensino Religioso, linha 33","Base-Nacional-Comum-Curricular-BNCC.pdf, página PDF 453"
EF05ER05,ef-comp-er,5,unidade_tematica,ef-comp-er-ut-crencas-religiosas-e-filosofias-de-vida,,,,ef-comp-er-oc-ancestralidade-e-tradicao-oral,"Identificar elementos da tradição oral nas culturas e religiosidades indígenas, afro-brasileiras, ciganas, entre outras.",vigente,"aba Ensino Religioso, linha 34","Base-Nacional-Comum-Curricular-BNCC.pdf, página PDF 453"
EF05ER06,ef-comp-er,5,unidade_tematica,ef-comp-er-ut-crencas-religiosas-e-filosofias-de-vida,,,,ef-comp-er-oc-ancestralidade-e-tradicao-oral,Identificar o papel dos sábios e anciãos na comunicação e preservação da tradição oral.,vigente,"aba Ensino Religioso, linha 35","Base-Nacional-Comum-Curricular-BNCC.pdf, página PDF 453"
EF05ER07,ef-comp-er,5,unidade_tematica,ef-comp-er-ut-crencas-religiosas-e-filosofias-de-vida,,,,ef-comp-er-oc-ancestralidade-e-tradicao-oral,"Reconhecer, em textos orais, ensinamentos relacionados a modos de ser e viver.",vigente,"aba Ensino Religioso, linha 36","Base-Nacional-Comum-Curricular-BNCC.pdf, página PDF 453"
EF06ER01,ef-comp-er,6,unidade_tematica,ef-comp-er-ut-crencas-religiosas-e-filosofias-de-vida,,,,ef-comp-er-oc-tradicao-escrita-registro-dos-ensinamentos-sagrados,"Reconhecer o papel da tradição escrita na preservação de memórias, acontecimentos e ensinamentos religiosos.",vigente,"aba Ensino Religioso, linha 37","Base-Nacional-Comum-Curricular-BNCC.pdf, página PDF 455"
EF06ER02,ef-comp-er,6,unidade_tematica,ef-comp-er-ut-crencas-religiosas-e-filosofias-de-vida,,,,ef-comp-er-oc-tradicao-escrita-registro-dos-ensinamentos-sagrados,"Reconhecer e valorizar a diversidade de textos religiosos escritos (textos do Budismo, Cristianismo, Espiritismo, Hinduísmo, Islamismo, Judaísmo, entre outros).",vigente,"aba Ensino Religioso, linha 38","Base-Nacional-Comum-Curricular-BNCC.pdf, página PDF 455"
EF06ER03,ef-comp-er,6,unidade_tematica,ef-comp-er-ut-crencas-religiosas-e-filosofias-de-vida,,,,ef-comp-er-oc-ensinamentos-da-tradicao-escrita,"Reconhecer, em textos escritos, ensinamentos relacionados a modos de ser e viver.",vigente,"aba Ensino Religioso, linha 39","Base-Nacional-Comum-Curricular-BNCC.pdf, página PDF 455"
EF06ER04,ef-comp-er,6,unidade_tematica,ef-comp-er-ut-crencas-religiosas-e-filosofias-de-vida,,,,ef-comp-er-oc-ensinamentos-da-tradicao-escrita,Reconhecer que os textos escritos são utilizados pelas tradições religiosas de maneiras diversas.,vigente,"aba Ensino Religioso, linha 40","Base-Nacional-Comum-Curricular-BNCC.pdf, página PDF 455"
EF06ER05,ef-comp-er,6,unidade_tematica,ef-comp-er-ut-crencas-religiosas-e-filosofias-de-vida,,,,ef-comp-er-oc-ensinamentos-da-tradicao-escrita,Discutir como o estudo e a interpretação dos textos religiosos influenciam os adeptos a vivenciarem os ensinamentos das tradições religiosas.,vigente,"aba Ensino Religioso, linha 41","Base-Nacional-Comum-Curricular-BNCC.pdf, página PDF 455"
EF06ER06,ef-comp-er,6,unidade_tematica,ef-comp-er-ut-crencas-religiosas-e-filosofias-de-vida,,,,ef-comp-er-oc-simbolos-ritos-e-mitos-religiosos,"Reconhecer a importância dos mitos, ritos, símbolos e textos na estruturação das diferentes crenças, tradições e movimentos religiosos.",vigente,"aba Ensino Religioso, linha 42","Base-Nacional-Comum-Curricular-BNCC.pdf, página PDF 455"
EF06ER07,ef-comp-er,6,unidade_tematica,ef-comp-er-ut-crencas-religiosas-e-filosofias-de-vida,,,,ef-comp-er-oc-simbolos-ritos-e-mitos-religiosos,"Exemplificar a relação entre mito, rito e símbolo nas práticas celebrativas de diferentes tradições religiosas.",vigente,"aba Ensino Religioso, linha 43","Base-Nacional-Comum-Curricular-BNCC.pdf, página PDF 455"
EF07ER01,ef-comp-er,7,unidade_tematica,ef-comp-er-ut-manifestacoes-religiosas,,,,ef-comp-er-oc-misticas-e-espiritualidades,Reconhecer e respeitar as práticas de comunicação com as divindades em distintas manifestações e tradições religiosas.,vigente,"aba Ensino Religioso, linha 44","Base-Nacional-Comum-Curricular-BNCC.pdf, página PDF 457"
EF07ER02,ef-comp-er,7,unidade_tematica,ef-comp-er-ut-manifestacoes-religiosas,,,,ef-comp-er-oc-misticas-e-espiritualidades,"Identificar práticas de espiritualidade utilizadas pelas pessoas em determinadas situações (acidentes, doenças, fenômenos climáticos).",vigente,"aba Ensino Religioso, linha 45","Base-Nacional-Comum-Curricular-BNCC.pdf, página PDF 457"
EF07ER03,ef-comp-er,7,unidade_tematica,ef-comp-er-ut-manifestacoes-religiosas,,,,ef-comp-er-oc-liderancas-religiosas,Reconhecer os papéis atribuídos às lideranças de diferentes tradições religiosas.,vigente,"aba Ensino Religioso, linha 46","Base-Nacional-Comum-Curricular-BNCC.pdf, página PDF 457"
EF07ER04,ef-comp-er,7,unidade_tematica,ef-comp-er-ut-manifestacoes-religiosas,,,,ef-comp-er-oc-liderancas-religiosas,Exemplificar líderes religiosos que se destacaram por suas contribuições à sociedade.,vigente,"aba Ensino Religioso, linha 47","Base-Nacional-Comum-Curricular-BNCC.pdf, página PDF 457"
EF07ER05,ef-comp-er,7,unidade_tematica,ef-comp-er-ut-manifestacoes-religiosas,,,,ef-comp-er-oc-liderancas-religiosas,Discutir estratégias que promovam a convivência ética e respeitosa entre as religiões.,vigente,"aba Ensino Religioso, linha 48","Base-Nacional-Comum-Curricular-BNCC.pdf, página PDF 457"
EF07ER06,ef-comp-er,7,unidade_tematica,ef-comp-er-ut-crencas-religiosas-e-filosofias-de-vida,,,,ef-comp-er-oc-principios-eticos-e-valores-religiosos,"Identificar princípios éticos em diferentes tradições religiosas e filosofias de vida, discutindo como podem influenciar condutas pessoais e práticas sociais.",vigente,"aba Ensino Religioso, linha 49","Base-Nacional-Comum-Curricular-BNCC.pdf, página PDF 457"
EF07ER07,ef-comp-er,7,unidade_tematica,ef-comp-er-ut-crencas-religiosas-e-filosofias-de-vida,,,,ef-comp-er-oc-lideranca-e-direitos-humanos,Identificar e discutir o papel das lideranças religiosas e seculares na defesa e promoção dos direitos humanos.,vigente,"aba Ensino Religioso, linha 50","Base-Nacional-Comum-Curricular-BNCC.pdf, página PDF 457"
EF07ER08,ef-comp-er,7,unidade_tematica,ef-comp-er-ut-crencas-religiosas-e-filosofias-de-vida,,,,ef-comp-er-oc-lideranca-e-direitos-humanos,"Reconhecer o direito à liberdade de consciência, crença ou convicção, questionando concepções e práticas sociais que a violam.",vigente,"aba Ensino Religioso, linha 51","Base-Nacional-Comum-Curricular-BNCC.pdf, página PDF 457"
EF08ER01,ef-comp-er,8,unidade_tematica,ef-comp-er-ut-crencas-religiosas-e-filosofias-de-vida,,,,ef-comp-er-oc-crencas-conviccoes-e-atitudes,Discutir como as crenças e convicções podem influenciar escolhas e atitudes pessoais e coletivas.,vigente,"aba Ensino Religioso, linha 52","Base-Nacional-Comum-Curricular-BNCC.pdf, página PDF 459"
EF08ER02,ef-comp-er,8,unidade_tematica,ef-comp-er-ut-crencas-religiosas-e-filosofias-de-vida,,,,ef-comp-er-oc-crencas-conviccoes-e-atitudes,"Analisar filosofias de vida, manifestações e tradições religiosas destacando seus princípios éticos.",vigente,"aba Ensino Religioso, linha 53","Base-Nacional-Comum-Curricular-BNCC.pdf, página PDF 459"
EF08ER03,ef-comp-er,8,unidade_tematica,ef-comp-er-ut-crencas-religiosas-e-filosofias-de-vida,,,,ef-comp-er-oc-doutrinas-religiosas,"Analisar doutrinas das diferentes tradições religiosas e suas concepções de mundo, vida e morte.",vigente,"aba Ensino Religioso, linha 54","Base-Nacional-Comum-Curricular-BNCC.pdf, página PDF 459"
EF08ER04,ef-comp-er,8,unidade_tematica,ef-comp-er-ut-crencas-religiosas-e-filosofias-de-vida,,,,ef-comp-er-oc-crencas-filosofias-de-vida-e-esfera-publica,"Discutir como filosofias de vida, tradições e instituições religiosas podem influenciar diferentes campos da esfera pública (política, saúde, educação, economia).",vigente,"aba Ensino Religioso, linha 55","Base-Nacional-Comum-Curricular-BNCC.pdf, página PDF 459"
EF08ER05,ef-comp-er,8,unidade_tematica,ef-comp-er-ut-crencas-religiosas-e-filosofias-de-vida,,,,ef-comp-er-oc-crencas-filosofias-de-vida-e-esfera-publica,Debater sobre as possibilidades e os limites da interferência das tradições religiosas na esfera pública.,vigente,"aba Ensino Religioso, linha 56","Base-Nacional-Comum-Curricular-BNCC.pdf, página PDF 459"
EF08ER06,ef-comp-er,8,unidade_tematica,ef-comp-er-ut-crencas-religiosas-e-filosofias-de-vida,,,,ef-comp-er-oc-crencas-filosofias-de-vida-e-esfera-publica,"Analisar práticas, projetos e políticas públicas que contribuem para a promoção da liberdade de pensamento, crenças e convicções.",vigente,"aba Ensino Religioso, linha 57","Base-Nacional-Comum-Curricular-BNCC.pdf, página PDF 459"
EF08ER07,ef-comp-er,8,unidade_tematica,ef-comp-er-ut-crencas-religiosas-e-filosofias-de-vida,,,,ef-comp-er-oc-tradicoes-religiosas-midias-e-tecnologias,Analisar as formas de uso das mídias e tecnologias pelas diferentes denominações religiosas.,vigente,"aba Ensino Religioso, linha 58","Base-Nacional-Comum-Curricular-BNCC.pdf, página PDF 459"
EF09ER01,ef-comp-er,9,unidade_tematica,ef-comp-er-ut-crencas-religiosas-e-filosofias-de-vida,,,,ef-comp-er-oc-imanencia-e-transcendencia,Analisar princípios e orientações para o cuidado da vida e nas diversas tradições religiosas e filosofias de vida.,vigente,"aba Ensino Religioso, linha 59","Base-Nacional-Comum-Curricular-BNCC.pdf, página PDF 461"
EF09ER02,ef-comp-er,9,unidade_tematica,ef-comp-er-ut-crencas-religiosas-e-filosofias-de-vida,,,,ef-comp-er-oc-imanencia-e-transcendencia,"Discutir as diferentes expressões de valorização e de desrespeito à vida, por meio da análise de matérias nas diferentes mídias.",vigente,"aba Ensino Religioso, linha 60","Base-Nacional-Comum-Curricular-BNCC.pdf, página PDF 461"
EF09ER03,ef-comp-er,9,unidade_tematica,ef-comp-er-ut-crencas-religiosas-e-filosofias-de-vida,,,,ef-comp-er-oc-vida-e-morte,"Identificar sentidos do viver e do morrer em diferentes tradições religiosas, através do estudo de mitos fundantes.",vigente,"aba Ensino Religioso, linha 61","Base-Nacional-Comum-Curricular-BNCC.pdf, página PDF 461"
EF09ER04,ef-comp-er,9,unidade_tematica,ef-comp-er-ut-crencas-religiosas-e-filosofias-de-vida,,,,ef-comp-er-oc-vida-e-morte,"Identificar concepções de vida e morte em diferentes tradições religiosas e filosofias de vida, por meio da análise de diferentes ritos fúnebres.",vigente,"aba Ensino Religioso, linha 62","Base-Nacional-Comum-Curricular-BNCC.pdf, página PDF 461"
EF09ER05,ef-comp-er,9,unidade_tematica,ef-comp-er-ut-crencas-religiosas-e-filosofias-de-vida,,,,ef-comp-er-oc-vida-e-morte,"Analisar as diferentes ideias de imortalidade elaboradas pelas tradições religiosas (ancestralidade, reencarnação, transmigração e ressurreição).",vigente,"aba Ensino Religioso, linha 63","Base-Nacional-Comum-Curricular-BNCC.pdf, página PDF 461"
EF09ER06,ef-comp-er,9,unidade_tematica,ef-comp-er-ut-crencas-religiosas-e-filosofias-de-vida,,,,ef-comp-er-oc-principios-e-valores-eticos,Reconhecer a coexistência como uma atitude ética de respeito à vida e à dignidade humana.,vigente,"aba Ensino Religioso, linha 64","Base-Nacional-Comum-Curricular-BNCC.pdf, página PDF 461"
EF09ER07,ef-comp-er,9,unidade_tematica,ef-comp-er-ut-crencas-religiosas-e-filosofias-de-vida,,,,ef-comp-er-oc-principios-e-valores-eticos,"Identificar princípios éticos (familiares, religiosos e culturais) que possam alicerçar a construção de projetos de vida.",vigente,"aba Ensino Religioso, linha 65","Base-Nacional-Comum-Curricular-BNCC.pdf, página PDF 461"
EF09ER08,ef-comp-er,9,unidade_tematica,ef-comp-er-ut-crencas-religiosas-e-filosofias-de-vida,,,,ef-comp-er-oc-principios-e-valores-eticos,Construir projetos de vida assentados em princípios e valores éticos.,vigente,"aba Ensino Religioso, linha 66","Base-Nacional-Comum-Curricular-BNCC.pdf, página PDF 461"
